"Name","Team","PA","BB%","K%","BB/K","AVG","OBP","SLG","OPS","ISO","Spd","BABIP","UBR","wGDP","wSB","wRC","wRAA","wOBA","wRC+","playerid"
"Mike Trout","Angels","507","18.5 %","17.8 %","1.04",".306",".442",".629","1.071",".323","6.2",".318","1.0","0.7","2.3","111","49.6",".437","181","10155"
"J.D. Martinez","- - -","489","10.8 %","26.2 %","0.41",".303",".376",".690","1.066",".387","4.7",".327","-3.4","-2.8","0.5","105","45.1",".430","166","6184"
"Aaron Judge","Yankees","678","18.7 %","30.7 %","0.61",".284",".422",".627","1.049",".343","4.8",".357","0.5","-0.1","-0.4","145","62.5",".430","173","15640"
"Joey Votto","Reds","707","19.0 %","11.7 %","1.61",".320",".454",".578","1.032",".258","2.8",".321","-10.1","0.5","0.0","150","64.0",".428","165","4314"
"Rhys Hoskins","Phillies","212","17.5 %","21.7 %","0.80",".259",".396",".618","1.014",".359","3.4",".241","0.8","1.0","0.3","43","17.2",".417","158","16472"
"Bryce Harper","Nationals","492","13.8 %","20.1 %","0.69",".319",".413",".595","1.008",".276","3.7",".356","-0.5","-0.3","-0.4","99","39.4",".416","156","11579"
"Charlie Blackmon","Rockies","725","9.0 %","18.6 %","0.48",".331",".399",".601","1.000",".270","6.4",".371","3.0","0.9","-1.9","146","57.2",".414","141","7859"
"Matt Olson","Athletics","216","10.2 %","27.8 %","0.37",".259",".352",".651","1.003",".392","0.7",".238","-1.3","-0.4","-0.1","43","16.4",".411","162","14344"
"Giancarlo Stanton","Marlins","692","12.3 %","23.6 %","0.52",".281",".376",".631","1.007",".350","2.3",".288","-2.4","0.8","-0.8","137","52.3",".410","156","4949"
"Freddie Freeman","Braves","514","12.6 %","18.5 %","0.68",".307",".403",".586",".989",".280","4.3",".335","1.1","0.4","-0.8","100","37.3",".407","152","5361"
"Jose Altuve","Astros","662","8.8 %","12.7 %","0.69",".346",".410",".547",".957",".202","6.4",".370","1.2","-0.6","3.4","128","47.0",".405","160","5417"
"Paul Goldschmidt","Diamondbacks","665","14.1 %","22.1 %","0.64",".297",".404",".563",".966",".265","5.6",".343","1.5","0.8","1.0","126","44.6",".400","142","9218"
"Justin Turner","Dodgers","543","10.9 %","10.3 %","1.05",".322",".415",".530",".945",".208","3.3",".326","1.0","0.5","0.6","102","36.0",".400","151","5235"
"Kris Bryant","Cubs","665","14.3 %","19.2 %","0.74",".295",".409",".537",".946",".242","4.4",".334","4.8","1.2","-1.2","125","43.9",".399","146","15429"
"Tommy Pham","Cardinals","530","13.4 %","22.1 %","0.61",".306",".411",".520",".931",".214","6.0",".368","4.3","-0.6","1.6","99","34.5",".398","148","2967"
"Jose Ramirez","Indians","645","8.1 %","10.7 %","0.75",".318",".374",".583",".957",".265","6.0",".319","-2.2","0.4","0.9","120","41.1",".396","148","13510"
"Josh Donaldson","Blue Jays","496","15.3 %","22.4 %","0.68",".270",".385",".559",".944",".289","1.6",".289","1.9","1.3","-0.8","92","31.6",".396","149","5038"
"Nolan Arenado","Rockies","680","9.1 %","15.6 %","0.58",".309",".373",".586",".959",".277","4.1",".320","1.7","-0.6","-0.6","126","42.6",".395","129","9777"
"Anthony Rendon","Nationals","605","13.9 %","13.6 %","1.02",".301",".403",".533",".937",".232","3.5",".314","0.2","1.2","0.1","111","37.4",".394","142","12861"
"Carlos Correa","Astros","481","11.0 %","19.1 %","0.58",".315",".391",".550",".941",".235","3.2",".352","2.1","-0.1","-0.4","88","29.5",".394","152","14162"
"Zack Cozart","Reds","507","12.2 %","15.4 %","0.79",".297",".385",".548",".933",".251","5.3",".312","-2.7","1.0","0.2","92","30.5",".392","141","2616"
"Michael Conforto","Mets","440","13.0 %","25.7 %","0.50",".279",".384",".555",".939",".276","3.6",".328","1.8","1.0","0.1","80","26.4",".392","146","16376"
"Marcell Ozuna","Marlins","679","9.4 %","21.2 %","0.44",".312",".376",".548",".924",".237","2.3",".355","-3.1","-0.7","-1.5","121","38.4",".388","142","10324"
"Ryan Zimmerman","Nationals","576","7.6 %","21.9 %","0.35",".303",".358",".573",".930",".269","2.2",".335","2.4","-0.4","-0.1","103","32.4",".387","138","4220"
"Austin Barnes","Dodgers","262","14.9 %","16.4 %","0.91",".289",".408",".486",".895",".197","4.9",".329","-1.6","-0.2","0.2","46","14.3",".386","142","12158"
"Nelson Cruz","Mariners","645","10.9 %","21.7 %","0.50",".288",".375",".549",".924",".261","1.7",".315","-3.8","0.4","-0.6","113","34.8",".385","146","2434"
"Daniel Murphy","Nationals","593","8.8 %","13.0 %","0.68",".322",".384",".543",".928",".221","3.8",".341","-1.1","-0.9","0.0","104","31.9",".385","136","4316"
"Adrian Beltre","Rangers","389","10.0 %","13.4 %","0.75",".312",".383",".532",".915",".221","2.3",".321","-3.5","-0.3","-0.1","68","20.8",".384","138","639"
"Jesse Winker","Reds","137","10.9 %","17.5 %","0.63",".298",".375",".529",".904",".231","2.5",".322","-0.2","0.0","-0.3","24","7.2",".384","135","13590"
"Marwin Gonzalez","Astros","515","9.5 %","19.2 %","0.49",".303",".377",".530",".907",".226","3.2",".343","-0.4","1.1","0.0","89","26.5",".382","144","5497"
"Cody Bellinger","Dodgers","548","11.7 %","26.6 %","0.44",".267",".352",".581",".933",".315","5.5",".299","-0.6","2.2","0.4","94","27.3",".380","138","15998"
"Anthony Rizzo","Cubs","691","13.2 %","13.0 %","1.01",".273",".392",".507",".899",".234","4.4",".273","-3.5","-0.5","-0.2","119","34.3",".380","133","3473"
"Jose Martinez","Cardinals","307","10.4 %","19.5 %","0.53",".309",".379",".518",".897",".210","4.6",".350","0.2","-0.6","0.6","52","15.0",".379","135","7996"
"Justin Upton","- - -","635","11.7 %","28.3 %","0.41",".273",".361",".540",".901",".268","4.0",".341","2.4","1.3","0.3","108","30.6",".378","137","5222"
"Jose Abreu","White Sox","675","5.2 %","17.6 %","0.29",".304",".354",".552",".906",".248","4.4",".330","0.3","-2.5","0.2","114","32.1",".377","138","15676"
"Eric Hosmer","Royals","671","9.8 %","15.5 %","0.63",".318",".385",".498",".882",".179","3.4",".351","2.1","-0.6","0.3","113","31.3",".376","135","3516"
"George Springer","Astros","629","10.2 %","17.6 %","0.58",".283",".367",".522",".889",".239","3.1",".297","0.7","-0.5","-2.4","106","29.2",".376","140","12856"
"Avisail Garcia","White Sox","561","5.9 %","19.8 %","0.30",".330",".380",".506",".885",".176","4.3",".392","3.6","-1.0","-0.7","94","25.7",".375","137","5760"
"Justin Bour","Marlins","429","11.0 %","22.1 %","0.49",".289",".366",".536",".902",".247","1.6",".322","-4.7","0.2","-0.1","72","19.4",".374","133","9744"
"Edwin Encarnacion","Indians","669","15.5 %","19.9 %","0.78",".258",".377",".504",".881",".245","2.7",".271","-7.5","-0.8","-0.1","111","29.4",".373","132","2151"
"Domingo Santana","Brewers","607","12.0 %","29.3 %","0.41",".278",".371",".505",".875",".227","4.0",".363","2.0","0.3","0.9","100","26.1",".372","126","10348"
"Kurt Suzuki","Braves","309","5.5 %","12.6 %","0.44",".283",".351",".536",".887",".254","1.1",".268","-1.2","0.5","-0.2","51","13.3",".372","129","8259"
"Austin Jackson","Indians","318","10.4 %","20.1 %","0.52",".318",".387",".482",".869",".164","5.0",".385","2.4","-1.9","-0.1","52","13.6",".371","131","9848"
"Justin Smoak","Blue Jays","637","11.5 %","20.1 %","0.57",".270",".355",".529",".883",".259","1.7",".285","-2.3","-0.1","-0.8","105","27.0",".371","132","9054"
"Jorge Alfaro","Phillies","114","2.6 %","28.9 %","0.09",".318",".360",".514",".874",".196","0.9",".420","-1.7","0.0","-0.1","19","4.7",".369","127","12180"
"Yoenis Cespedes","Mets","321","8.1 %","19.0 %","0.43",".292",".352",".540",".892",".247","3.0",".316","-0.5","0.3","-0.6","52","13.1",".369","131","13110"
"Eric Thames","Brewers","551","13.6 %","29.6 %","0.46",".247",".359",".518",".877",".271","4.6",".309","-2.5","1.2","-0.4","89","22.3",".369","124","3711"
"Adam Eaton","Nationals","107","13.1 %","16.8 %","0.78",".297",".393",".462",".854",".165","6.9",".347","1.4","0.3","0.1","17","4.3",".369","126","11205"
"Robinson Chirinos","Rangers","309","11.0 %","25.6 %","0.43",".255",".360",".506",".866",".251","3.7",".298","-2.5","0.4","0.0","50","12.5",".369","127","3142"
"Lonnie Chisenhall","Indians","270","9.3 %","20.4 %","0.45",".288",".360",".521",".881",".233","3.3",".326","0.2","0.4","-0.6","44","10.9",".369","129","7571"
"Nick Delmonico","White Sox","166","13.9 %","18.7 %","0.74",".262",".373",".482",".856",".220","3.7",".277","-0.2","-0.6","0.3","27","6.7",".369","132","13157"
"Tommy La Stella","Cubs","151","13.2 %","11.9 %","1.11",".288",".389",".472",".861",".184","1.1",".298","-0.2","0.4","-0.1","24","6.1",".368","126","12371"
"Gary Sanchez","Yankees","525","7.6 %","22.9 %","0.33",".278",".345",".531",".876",".253","2.6",".304","-2.2","1.1","-0.3","85","20.7",".368","130","11442"
"Chris Iannetta","Diamondbacks","316","11.7 %","27.5 %","0.43",".254",".354",".511",".865",".257","1.0",".308","-2.5","0.8","-0.2","51","12.3",".367","120","8267"
"Scooter Gennett","Reds","497","6.0 %","22.9 %","0.26",".295",".342",".531",".874",".236","4.3",".339","-1.4","-0.5","-0.5","80","19.2",".367","124","10339"
"Yonder Alonso","- - -","521","13.1 %","22.6 %","0.58",".266",".365",".501",".866",".235","2.4",".302","-3.2","0.6","0.1","83","19.7",".366","132","2530"
"Buster Posey","Giants","568","10.7 %","11.6 %","0.92",".320",".400",".462",".861",".142","2.8",".347","-1.1","-1.1","0.4","91","21.4",".366","128","9166"
"Colby Rasmus","Rays","129","5.4 %","34.9 %","0.16",".281",".318",".579",".896",".298","4.7",".368","0.0","0.5","0.1","21","4.8",".365","132","9893"
"Corey Seager","Dodgers","613","10.9 %","21.4 %","0.51",".295",".375",".479",".854",".184","2.7",".352","4.8","-0.7","-0.5","97","22.2",".364","127","13624"
"Joey Gallo","Rangers","532","14.1 %","36.8 %","0.38",".209",".333",".537",".869",".327","5.5",".250","1.9","2.4","0.3","84","19.2",".364","123","14128"
"Aaron Hicks","Yankees","361","14.1 %","18.6 %","0.76",".266",".372",".475",".847",".209","3.9",".290","3.2","-0.3","-0.4","57","12.8",".363","127","5297"
"Adam Lind","Nationals","301","9.3 %","15.6 %","0.60",".303",".362",".513",".875",".210","2.2",".316","-0.9","-0.4","0.0","47","10.6",".363","122","8027"
"Logan Morrison","Rays","601","13.5 %","24.8 %","0.54",".246",".353",".516",".868",".270","2.4",".268","0.0","0.0","0.0","94","21.2",".363","130","9205"
"Brian Dozier","Twins","705","11.1 %","20.0 %","0.55",".271",".359",".498",".856",".227","5.2",".300","3.1","0.7","-0.2","110","24.4",".362","125","9810"
"Willson Contreras","Cubs","428","10.5 %","22.9 %","0.46",".276",".356",".499",".855",".223","2.4",".319","-4.1","-0.9","-1.0","67","14.8",".362","121","11609"
"Alex Avila","- - -","376","16.5 %","31.9 %","0.52",".264",".387",".447",".834",".183","1.8",".382","-1.3","-0.6","-0.7","59","13.0",".362","124","7476"
"Howie Kendrick","- - -","334","6.6 %","20.4 %","0.32",".315",".368",".475",".844",".161","5.7",".378","-0.4","-0.6","0.0","52","11.4",".361","121","4229"
"Chris Taylor","Dodgers","568","8.8 %","25.0 %","0.35",".288",".354",".496",".850",".208","6.4",".361","3.0","2.3","1.4","89","19.3",".361","126","13757"
"Miguel Sano","Twins","483","11.2 %","35.8 %","0.31",".264",".352",".507",".859",".243","2.9",".375","-3.5","-0.4","-0.3","75","16.4",".361","124","12164"
"Khris Davis","Athletics","652","11.2 %","29.9 %","0.37",".247",".336",".528",".864",".281","3.4",".290","0.3","-2.0","0.4","102","22.1",".361","128","9112"
"Travis Shaw","Brewers","606","9.9 %","22.8 %","0.43",".273",".349",".513",".862",".240","4.5",".312","-0.8","-2.6","1.6","94","20.4",".361","119","11982"
"Matt Carpenter","Cardinals","622","17.5 %","20.1 %","0.87",".241",".384",".451",".835",".209","3.1",".274","-0.8","1.7","-0.5","97","20.9",".361","123","8090"
"Andrew McCutchen","Pirates","650","11.2 %","17.8 %","0.63",".279",".363",".486",".849",".207","4.3",".305","0.3","1.3","-0.3","101","21.5",".360","122","9847"
"Mitch Haniger","Mariners","410","7.6 %","22.7 %","0.33",".282",".352",".491",".843",".209","4.3",".338","-2.0","0.8","-0.9","63","13.4",".360","129","14274"
"Aaron Altherr","Phillies","412","7.8 %","25.2 %","0.31",".272",".340",".516",".856",".245","5.5",".328","-0.1","-1.0","-0.9","64","13.3",".359","120","11270"
"Paul DeJong","Cardinals","443","4.7 %","28.0 %","0.17",".285",".325",".532",".857",".247","2.5",".349","-3.3","0.9","0.0","68","14.2",".359","122","18015"
"Tyler Flowers","Braves","370","8.4 %","22.2 %","0.38",".281",".378",".445",".823",".164","1.4",".342","0.7","0.3","-0.7","57","11.7",".358","120","9134"
"Dexter Fowler","Cardinals","491","12.8 %","20.6 %","0.62",".264",".363",".488",".851",".224","5.9",".305","2.2","-0.1","-0.2","75","15.2",".358","121","4062"
"Mark Reynolds","Rockies","593","11.6 %","29.5 %","0.39",".267",".352",".487",".839",".219","2.7",".343","-2.7","0.4","-0.4","91","18.3",".357","104","7619"
"Josh Reddick","Astros","540","8.0 %","13.3 %","0.60",".314",".363",".484",".847",".170","4.8",".339","2.7","0.8","-0.2","82","16.6",".357","127","3892"
"Daniel Nava","Phillies","214","12.1 %","17.8 %","0.68",".301",".393",".421",".813",".120","3.1",".357","-1.3","1.0","0.0","33","6.5",".357","119","5450"
"Eugenio Suarez","Reds","632","13.3 %","23.3 %","0.57",".260",".367",".461",".828",".200","3.1",".309","1.4","-0.9","-1.8","96","18.9",".356","117","12552"
"Jonathan Schoop","Orioles","675","5.2 %","21.0 %","0.25",".293",".338",".503",".841",".211","2.2",".330","0.2","-2.1","-0.2","102","19.3",".355","121","11265"
"Jose Pirela","Padres","344","7.8 %","20.6 %","0.38",".288",".347",".490",".837",".202","5.0",".343","0.7","0.2","-0.7","52","9.8",".355","122","5485"
"Mike Zunino","Mariners","435","9.0 %","36.8 %","0.24",".251",".331",".509",".840",".258","1.9",".355","-1.8","0.1","0.0","65","12.4",".355","126","13265"
"Jake Lamb","Diamondbacks","635","13.7 %","23.9 %","0.57",".248",".357",".487",".844",".239","4.4",".287","2.0","-0.3","-0.9","94","17.1",".353","111","13329"
"Francisco Lindor","Indians","723","8.3 %","12.9 %","0.65",".273",".337",".505",".842",".232","5.1",".275","3.2","0.2","1.3","108","19.4",".353","118","12916"
"Brandon Belt","Giants","451","14.6 %","23.1 %","0.63",".241",".355",".469",".823",".228","4.2",".284","-1.3","1.0","-0.5","67","11.7",".352","119","10264"
"Jesus Aguilar","Brewers","311","8.0 %","30.2 %","0.27",".265",".331",".505",".837",".240","2.8",".337","0.1","-0.3","-0.2","46","7.8",".351","112","11342"
"Alex Bregman","Astros","626","8.8 %","15.5 %","0.57",".284",".352",".475",".827",".191","5.9",".311","0.2","-0.8","0.9","92","15.8",".351","122","17678"
"Carlos Santana","Indians","667","13.2 %","14.1 %","0.94",".259",".363",".455",".818",".196","4.0",".274","0.3","0.4","0.1","98","16.5",".350","117","2396"
"Jay Bruce","- - -","617","9.2 %","22.5 %","0.41",".254",".324",".508",".832",".254","2.6",".274","-2.3","0.8","-0.6","90","15.1",".350","118","9892"
"Eddie Rosario","Twins","589","5.9 %","18.0 %","0.33",".290",".328",".507",".836",".218","3.9",".312","1.0","0.3","-1.9","86","14.2",".349","116","12155"
"Trey Mancini","Orioles","586","5.6 %","23.7 %","0.24",".293",".338",".488",".826",".195","3.2",".352","-0.3","0.1","-0.2","85","14.0",".349","117","15149"
"Joe Mauer","Twins","597","11.1 %","13.9 %","0.80",".305",".384",".417",".801",".112","2.4",".349","-3.6","-2.1","-0.5","87","14.1",".349","116","1857"
"Ian Happ","Cubs","413","9.4 %","31.2 %","0.30",".253",".328",".514",".842",".261","5.7",".316","-0.4","-1.9","-0.3","60","9.8",".349","113","17919"
"Yasiel Puig","Dodgers","570","11.2 %","17.5 %","0.64",".263",".346",".487",".833",".224","4.4",".274","-5.3","-2.4","0.1","83","13.3",".349","117","14225"
"Steven Souza Jr.","Rays","617","13.6 %","29.0 %","0.47",".239",".351",".459",".810",".220","4.8",".302","1.3","0.9","1.1","89","14.2",".348","120","5667"
"Christian Yelich","Marlins","695","11.5 %","19.7 %","0.58",".282",".369",".439",".807",".156","5.2",".336","3.2","1.7","1.9","101","15.8",".348","115","11477"
"Brandon Nimmo","Mets","215","15.3 %","27.9 %","0.55",".260",".379",".418",".797",".158","4.5",".360","-0.3","0.5","0.2","31","4.9",".348","117","12927"
"Jed Lowrie","Athletics","645","11.3 %","15.5 %","0.73",".277",".360",".448",".808",".171","2.7",".314","-1.4","1.2","-0.8","93","14.3",".347","119","4418"
"Ozzie Albies","Braves","244","8.6 %","14.8 %","0.58",".286",".354",".456",".810",".171","7.4",".316","1.4","0.3","1.0","35","5.3",".347","112","16556"
"Lorenzo Cain","Royals","645","8.4 %","15.5 %","0.54",".300",".363",".440",".803",".140","6.5",".340","2.2","-2.6","3.9","93","14.0",".347","115","9077"
"Ryan Braun","Brewers","425","8.9 %","17.9 %","0.50",".268",".336",".487",".823",".218","5.3",".292","0.6","-1.3","0.5","61","9.2",".347","110","3410"
"Neil Walker","- - -","448","12.3 %","17.2 %","0.71",".265",".362",".439",".801",".174","2.8",".297","0.8","-0.2","-1.2","64","9.5",".346","114","7539"
"Matt Adams","- - -","367","6.3 %","24.0 %","0.26",".274",".319",".522",".841",".248","2.0",".311","0.3","0.6","-0.2","53","7.8",".346","112","9393"
"Cesar Hernandez","Phillies","577","10.6 %","18.0 %","0.59",".294",".373",".421",".793",".127","6.0",".353","0.7","-0.4","0.4","82","12.1",".346","111","10556"
"Mike Moustakas","Royals","598","5.7 %","15.7 %","0.36",".272",".314",".521",".835",".249","1.1",".263","-3.2","-1.9","-0.3","85","12.0",".345","114","4892"
"Yulieski Gurriel","Astros","564","3.9 %","11.0 %","0.35",".299",".332",".486",".817",".187","2.8",".308","0.8","0.7","-0.6","80","11.2",".344","118","19198"
"Rafael Devers","Red Sox","240","7.5 %","23.8 %","0.32",".284",".338",".482",".819",".198","3.5",".342","0.3","-0.2","0.0","34","4.8",".344","111","17350"
"Jedd Gyorko","Cardinals","481","9.8 %","21.8 %","0.45",".272",".341",".472",".813",".200","3.8",".312","-2.2","-0.3","0.0","68","9.4",".344","112","10816"
"Nick Williams","Phillies","343","5.8 %","28.3 %","0.21",".288",".338",".473",".811",".185","4.4",".375","-1.5","0.2","-0.9","49","6.7",".344","110","14330"
"Elvis Andrus","Rangers","689","5.5 %","14.7 %","0.38",".297",".337",".471",".808",".174","5.7",".325","5.0","-1.0","0.4","97","13.2",".344","110","8709"
"Lane Adams","Braves","122","8.2 %","30.3 %","0.27",".275",".339",".468",".807",".193","8.2",".368","0.6","0.0","1.9","17","2.3",".344","110","10767"
"Welington Castillo","Orioles","365","6.0 %","26.6 %","0.23",".282",".323",".490",".813",".208","1.0",".336","-1.3","-0.8","-0.2","51","7.0",".344","113","3256"
"Carlos Gomez","Rangers","426","7.3 %","29.8 %","0.24",".255",".340",".462",".802",".207","5.0",".336","0.7","1.2","0.2","60","8.1",".343","110","4881"
"Eric Sogard","Brewers","299","15.1 %","12.4 %","1.22",".273",".393",".378",".770",".104","3.3",".311","-0.7","-0.7","-0.9","42","5.7",".343","108","7927"
"Jake Marisnick","Astros","259","7.7 %","34.7 %","0.22",".243",".319",".496",".815",".252","5.5",".320","3.0","0.0","0.0","36","4.8",".343","117","11339"
"Matt Joyce","Athletics","544","12.1 %","20.8 %","0.58",".243",".335",".473",".808",".230","3.2",".263","1.1","0.5","0.1","76","10.0",".343","116","3353"
"Eduardo Nunez","- - -","491","3.7 %","11.0 %","0.33",".313",".341",".460",".801",".148","4.8",".333","0.1","0.5","1.5","69","8.7",".342","112","6848"
"David Peralta","Diamondbacks","577","7.5 %","16.3 %","0.46",".293",".352",".444",".796",".150","4.6",".333","0.8","0.9","-0.5","81","10.2",".342","104","2136"
"DJ LeMahieu","Rockies","682","8.7 %","13.2 %","0.66",".310",".374",".409",".783",".099","3.9",".351","0.2","-3.2","-1.5","95","12.0",".342","94","9874"
"Jeimer Candelario","- - -","142","9.2 %","21.1 %","0.43",".283",".359",".425",".784",".142","1.6",".351","-0.4","-0.2","-0.1","20","2.5",".342","111","13621"
"Michael Brantley","Indians","375","8.3 %","13.3 %","0.62",".299",".357",".444",".801",".145","5.0",".325","2.3","0.3","1.5","52","6.6",".342","111","4106"
"Lucas Duda","- - -","491","12.2 %","27.5 %","0.44",".217",".322",".496",".818",".279","0.5",".238","-4.0","0.3","-0.2","68","8.4",".341","113","2502"
"Corey Dickerson","Rays","629","5.6 %","24.2 %","0.23",".282",".325",".490",".815",".207","4.0",".338","0.3","0.3","-0.8","87","10.6",".341","115","10762"
"Nick Castellanos","Tigers","665","6.2 %","21.4 %","0.29",".272",".320",".490",".811",".218","4.6",".313","0.0","-0.4","-1.7","92","11.2",".341","111","11737"
"A.J. Pollock","Diamondbacks","466","7.5 %","15.2 %","0.49",".266",".330",".471",".801",".205","7.5",".291","0.4","1.0","1.2","64","7.6",".340","103","9256"
"Shin-Soo Choo","Rangers","636","12.1 %","21.1 %","0.57",".261",".357",".423",".780",".162","4.7",".305","-0.9","-1.5","0.7","87","9.7",".339","107","3174"
"Mookie Betts","Red Sox","712","10.8 %","11.1 %","0.97",".264",".344",".459",".803",".194","5.5",".268","4.1","1.6","3.5","98","10.8",".339","108","13611"
"Pat Valaika","Rockies","195","3.6 %","27.2 %","0.13",".258",".284",".533",".817",".275","1.8",".291","1.1","1.3","-0.1","27","2.9",".338","92","14885"
"Josh Bell","Pirates","620","10.6 %","18.9 %","0.56",".255",".334",".466",".800",".211","3.5",".278","-5.1","0.0","-1.7","85","9.1",".338","108","13145"
"Asdrubal Cabrera","Mets","540","9.3 %","15.4 %","0.60",".280",".351",".434",".785",".154","2.5",".310","-6.2","-2.1","-0.6","74","7.8",".338","111","4962"
"Starlin Castro","Yankees","473","4.9 %","19.7 %","0.25",".300",".338",".454",".792",".153","3.5",".347","1.7","-0.5","0.1","64","6.8",".338","110","4579"
"Michael Taylor","Nationals","432","6.7 %","31.7 %","0.21",".271",".320",".486",".806",".216","5.9",".363","1.0","1.8","0.2","59","6.2",".338","105","11489"
"Trea Turner","Nationals","447","6.7 %","17.9 %","0.38",".284",".338",".451",".789",".167","8.9",".329","1.6","0.8","5.5","61","6.4",".338","105","16252"
"Brian Goodwin","Nationals","278","8.3 %","24.8 %","0.33",".251",".313",".498",".811",".247","6.0",".291","-1.7","0.4","1.1","38","3.8",".337","105","12858"
"Gerardo Parra","Rockies","425","4.7 %","15.8 %","0.30",".309",".341",".452",".793",".143","3.0",".343","-1.2","-1.1","-2.0","57","5.6",".337","90","8553"
"Kevin Kiermaier","Rays","421","7.4 %","23.5 %","0.31",".276",".338",".450",".788",".174","5.9",".337","3.6","1.7","0.0","57","5.6",".337","112","11038"
"Brett Gardner","Yankees","682","10.6 %","17.9 %","0.59",".264",".350",".428",".778",".163","6.0",".300","2.4","1.6","2.0","92","8.9",".336","108","9927"
"Kolten Wong","Cardinals","411","10.0 %","14.6 %","0.68",".285",".376",".412",".788",".127","5.4",".331","1.6","1.6","0.5","55","5.2",".336","107","12532"
"Mikie Mahtook","Tigers","379","6.1 %","20.8 %","0.29",".276",".330",".457",".787",".181","6.8",".324","0.8","1.4","1.0","51","4.6",".335","107","13130"
"Wil Myers","Padres","649","10.8 %","27.7 %","0.39",".243",".328",".464",".792",".220","5.3",".297","-0.5","0.0","1.1","87","7.8",".335","109","10047"
"Didi Gregorius","Yankees","570","4.4 %","12.3 %","0.36",".287",".318",".478",".796",".191","2.7",".287","1.2","2.0","-0.1","76","6.6",".335","107","6012"
"Todd Frazier","- - -","576","14.4 %","21.7 %","0.66",".213",".344",".428",".772",".215","3.1",".226","-1.1","-0.1","-0.8","77","6.6",".335","108","785"
"Ezequiel Carrera","Blue Jays","325","9.2 %","23.1 %","0.40",".282",".356",".408",".764",".125","5.1",".358","1.0","0.5","1.3","43","3.7",".334","107","9048"
"Robinson Cano","Mariners","648","7.6 %","13.1 %","0.58",".280",".338",".453",".791",".172","2.0",".294","-2.0","-0.8","-0.2","86","7.3",".334","112","3269"
"Adam Jones","Orioles","635","4.3 %","17.8 %","0.24",".285",".322",".466",".787",".181","2.7",".312","3.6","-1.9","-0.4","84","7.0",".334","107","6368"
"Tim Beckham","- - -","575","6.3 %","29.0 %","0.22",".278",".328",".454",".782",".176","4.4",".365","1.5","0.4","-1.3","76","6.3",".334","109","7949"
"Jean Segura","Mariners","566","6.0 %","14.7 %","0.41",".300",".349",".427",".776",".128","5.5",".339","1.1","-2.2","0.6","75","6.2",".334","111","5933"
"Alex Presley","Tigers","264","5.7 %","18.6 %","0.31",".314",".354",".416",".770",".102","5.8",".383","-2.2","0.1","0.8","35","2.9",".334","106","5305"
"Albert Almora Jr.","Cubs","323","5.9 %","16.4 %","0.36",".298",".338",".445",".782",".147","3.2",".338","-1.2","-0.5","0.0","43","3.4",".334","103","14109"
"Kyle Schwarber","Cubs","486","12.1 %","30.9 %","0.39",".211",".315",".467",".782",".256","2.8",".244","-0.5","0.6","-0.5","64","4.8",".333","102","16478"
"Whit Merrifield","Royals","630","4.6 %","14.0 %","0.33",".288",".324",".460",".784",".172","6.7",".308","2.2","-0.8","3.0","83","6.0",".332","105","11281"
"Andrew Benintendi","Red Sox","658","10.6 %","17.0 %","0.63",".271",".352",".424",".776",".154","4.5",".301","-0.4","0.4","1.4","86","6.2",".332","103","17901"
"Josh Harrison","Pirates","542","5.2 %","16.6 %","0.31",".272",".339",".432",".771",".160","4.9",".303","0.7","1.1","0.4","71","5.1",".332","104","8202"
"Seth Smith","Orioles","373","9.7 %","21.2 %","0.46",".258",".340",".433",".774",".176","3.1",".301","-2.8","-0.6","0.2","49","3.5",".332","105","7331"
"J.T. Realmuto","Marlins","579","6.2 %","18.3 %","0.34",".278",".332",".451",".783",".173","5.0",".318","1.0","0.1","0.4","76","5.4",".332","105","11739"
"Matt Chapman","Athletics","326","9.8 %","28.2 %","0.35",".234",".313",".472",".785",".238","3.5",".290","1.9","1.5","-1.4","43","3.0",".332","108","16505"
"Boog Powell","- - -","135","11.1 %","22.2 %","0.50",".282",".358",".402",".760",".120","2.9",".349","-0.5","0.3","-0.5","18","1.1",".331","108","15103"
"Dustin Pedroia","Red Sox","463","10.6 %","10.4 %","1.02",".293",".369",".392",".760",".099","2.2",".315","-3.5","-0.4","-0.8","61","4.1",".331","102","8370"
"Wilmer Flores","Mets","362","4.7 %","14.9 %","0.31",".271",".307",".488",".795",".217","2.4",".270","-0.3","-1.9","-0.4","47","3.2",".331","106","5827"
"Kevin Plawecki","Mets","118","11.9 %","14.4 %","0.82",".260",".364",".400",".764",".140","2.7",".284","0.4","0.1","0.1","15","1.0",".331","106","13807"
"Johan Camargo","Braves","256","4.7 %","19.9 %","0.24",".299",".331",".452",".783",".154","3.0",".364","0.5","0.1","-0.1","33","2.1",".330","102","14950"
"Jon Jay","Cubs","433","8.5 %","18.5 %","0.46",".296",".374",".375",".749",".079","5.3",".368","3.9","-1.1","0.0","56","3.4",".330","101","5227"
"Curtis Granderson","- - -","527","13.5 %","23.3 %","0.58",".212",".323",".452",".775",".241","4.8",".228","1.5","1.3","0.1","68","4.1",".330","105","4747"
"Scott Schebler","Reds","531","7.3 %","23.5 %","0.31",".233",".307",".484",".791",".252","3.9",".248","0.1","1.2","-0.5","69","4.0",".330","100","12225"
"Robbie Grossman","Twins","456","14.7 %","17.3 %","0.85",".246",".361",".380",".741",".134","3.5",".287","-0.8","1.1","-0.2","59","3.2",".329","102","5254"
"Chase Headley","Yankees","586","10.2 %","22.5 %","0.45",".273",".352",".406",".758",".133","4.3",".341","-1.1","1.6","0.5","75","4.0",".329","104","4720"
"Andrew Toles","Dodgers","102","4.9 %","15.7 %","0.31",".271",".314",".458",".772",".188","3.0",".280","0.8","-0.2","-0.5","13","0.7",".329","104","13414"
"Eric Young","Angels","125","4.0 %","24.8 %","0.16",".264",".336",".418",".754",".155","6.8",".333","0.5","0.8","1.0","16","0.9",".329","108","7158"
"Salvador Perez","Royals","499","3.4 %","19.0 %","0.18",".268",".297",".495",".792",".227","2.4",".280","-0.4","-3.2","0.0","64","3.3",".329","103","7304"
"Odubel Herrera","Phillies","563","5.5 %","22.4 %","0.25",".281",".325",".452",".778",".171","4.3",".345","1.9","0.2","-0.8","72","3.7",".329","100","11476"
"Joe Panik","Giants","573","8.0 %","9.4 %","0.85",".288",".347",".421",".768",".133","4.2",".301","-2.5","0.4","0.0","74","3.7",".329","104","11936"
"John Hicks","Tigers","190","6.8 %","26.8 %","0.25",".266",".326",".439",".766",".173","3.4",".342","0.3","-0.2","-0.1","24","1.2",".328","102","12547"
"Matt Kemp","Braves","467","5.8 %","21.2 %","0.27",".276",".318",".463",".781",".187","1.7",".318","-1.4","-4.0","-1.1","60","2.7",".328","100","5631"
"Ender Inciarte","Braves","718","6.8 %","13.1 %","0.52",".304",".350",".409",".759",".106","5.4",".339","2.3","-0.1","0.1","92","4.0",".328","100","4922"
"Manny Machado","Orioles","690","7.2 %","16.7 %","0.43",".259",".310",".471",".782",".213","3.3",".265","-3.7","-1.0","-0.3","88","3.9",".328","102","11493"
"Yoan Moncada","White Sox","231","12.6 %","32.0 %","0.39",".231",".338",".412",".750",".181","5.3",".325","0.6","1.4","-0.4","29","1.3",".327","104","17232"
"Carlos Gonzalez","Rockies","534","10.5 %","22.3 %","0.47",".262",".339",".423",".762",".162","3.2",".318","-1.3","0.6","0.3","68","2.7",".327","84","7287"
"Adam Duvall","Reds","647","6.0 %","26.3 %","0.23",".249",".301",".480",".782",".232","3.9",".290","-1.8","2.3","-0.6","82","3.1",".327","98","10950"
"Kyle Seager","Mariners","650","8.9 %","16.9 %","0.53",".249",".323",".450",".773",".201","2.2",".262","-3.2","2.7","-0.4","82","3.1",".326","106","9785"
"David Freese","Pirates","503","11.5 %","23.1 %","0.50",".263",".368",".371",".739",".108","1.0",".336","-3.4","0.0","-0.8","64","2.3",".326","100","9549"
"T.J. Rivera","Mets","231","3.9 %","13.9 %","0.28",".290",".330",".430",".760",".140","3.6",".318","0.4","0.6","0.1","29","1.0",".326","103","12495"
"Chris Gimenez","Twins","225","14.7 %","26.7 %","0.55",".220",".350",".382",".731",".161","2.7",".286","-1.1","0.6","0.0","28","0.9",".326","100","7324"
"Mitch Moreland","Red Sox","576","9.9 %","20.8 %","0.48",".246",".326",".443",".769",".197","1.7",".278","-1.1","-0.6","-0.7","73","2.3",".326","98","3086"
"Javier Baez","Cubs","508","5.9 %","28.3 %","0.21",".273",".317",".480",".796",".207","5.3",".345","2.8","0.5","0.5","64","2.0",".326","98","12979"
"Jacoby Ellsbury","Yankees","409","10.0 %","15.4 %","0.65",".264",".348",".402",".750",".138","7.7",".304","0.8","1.0","2.9","51","1.6",".326","101","4727"
"Evan Gattis","Astros","325","5.5 %","15.4 %","0.36",".263",".311",".457",".767",".193","2.0",".278","-1.7","-0.8","-0.6","41","1.2",".325","105","11003"
"Denard Span","Giants","542","7.4 %","12.7 %","0.58",".272",".329",".427",".756",".155","5.5",".295","1.0","-0.7","-0.9","68","1.9",".325","102","8347"
"Yasmani Grandal","Dodgers","482","8.3 %","27.0 %","0.31",".247",".308",".459",".767",".212","1.1",".298","-3.4","0.1","-0.7","60","1.6",".325","102","11368"
"Brandon Drury","Diamondbacks","480","5.8 %","21.5 %","0.27",".267",".317",".447",".764",".180","2.4",".320","0.1","0.0","-0.5","60","1.5",".325","92","11615"
"Russell Martin","Blue Jays","365","13.7 %","22.7 %","0.60",".221",".343",".388",".731",".166","2.2",".261","0.3","-0.7","-0.9","45","0.9",".324","100","4616"
"Derek Dietrich","Marlins","464","7.8 %","21.1 %","0.37",".249",".334",".424",".758",".175","3.9",".294","0.9","1.3","-0.7","58","1.1",".324","99","10542"
"Drew Robinson","Rangers","121","11.6 %","34.7 %","0.33",".224",".314",".439",".753",".215","1.3",".305","-0.1","0.0","-0.9","15","0.3",".323","96","11761"
"Jorge Bonifacio","Royals","422","8.3 %","28.0 %","0.30",".255",".320",".432",".752",".177","2.9",".324","0.3","0.4","-0.5","52","0.8",".323","99","12174"
"Andrelton Simmons","Angels","647","7.3 %","10.4 %","0.70",".278",".331",".421",".752",".143","5.0",".291","2.7","-1.6","0.9","80","1.0",".323","103","10847"
"Manny Pina","Brewers","359","5.6 %","22.0 %","0.25",".279",".327",".424",".751",".145","3.2",".339","-1.1","-0.5","0.2","44","0.5",".323","94","2829"
"Steve Pearce","Blue Jays","348","7.8 %","19.5 %","0.40",".252",".319",".438",".757",".185","1.9",".281","0.0","-0.8","-0.2","43","0.5",".323","99","9957"
"Brian McCann","Astros","399","9.5 %","14.5 %","0.66",".241",".323",".436",".759",".195","2.6",".237","-2.2","0.4","0.0","49","0.6",".323","103","4810"
"Kennys Vargas","Twins","264","7.6 %","29.2 %","0.26",".253",".314",".444",".758",".191","1.5",".325","0.9","-0.8","-0.1","33","0.4",".323","98","12101"
"Austin Slater","Giants","127","6.3 %","22.8 %","0.28",".282",".339",".402",".740",".120","3.0",".353","1.7","-0.3","-0.1","16","0.2",".323","100","16153"
"Trevor Story","Rockies","555","8.8 %","34.4 %","0.26",".239",".308",".457",".765",".219","4.7",".332","0.8","-0.1","0.3","68","0.8",".323","81","12564"
"Adam Frazier","Pirates","454","7.9 %","12.6 %","0.63",".276",".344",".399",".743",".123","5.7",".306","3.9","-0.6","-0.6","56","0.5",".322","97","15223"
"Raimel Tapia","Rockies","171","4.7 %","21.1 %","0.22",".288",".329",".425",".754",".138","7.2",".361","2.3","0.1","0.1","21","0.2",".322","81","14350"
"Joc Pederson","Dodgers","323","12.1 %","21.1 %","0.57",".212",".331",".407",".738",".194","3.5",".241","1.5","-0.2","-0.7","40","0.3",".322","100","11899"
"Xander Bogaerts","Red Sox","635","8.8 %","18.3 %","0.48",".273",".343",".403",".746",".130","6.7",".327","6.3","-0.2","2.2","78","0.3",".321","96","12161"
"Omar Narvaez","White Sox","295","12.9 %","15.3 %","0.84",".277",".373",".340",".713",".063","0.8",".330","-0.2","-0.5","-0.2","36","0.1",".321","100","13338"
"Andrew Knapp","Phillies","204","15.2 %","27.5 %","0.55",".257",".368",".368",".736",".111","4.1",".360","0.6","-0.4","0.1","25","-0.1",".321","95","14942"
"Nick Markakis","Braves","670","10.1 %","16.4 %","0.62",".275",".354",".384",".738",".110","1.9",".324","0.6","-0.4","-1.3","81","-0.2",".321","95","5930"
"Matt Holliday","Yankees","427","10.8 %","26.7 %","0.40",".231",".316",".432",".748",".201","2.1",".273","-1.7","-1.5","0.0","52","-0.2",".320","98","1873"
"Eduardo Escobar","Twins","499","6.6 %","19.6 %","0.34",".254",".309",".449",".758",".195","5.1",".279","1.3","1.4","0.3","60","-0.4",".320","96","6153"
"Ryon Healy","Athletics","605","3.8 %","23.5 %","0.16",".271",".302",".451",".754",".181","1.4",".319","0.1","-1.2","-0.7","73","-0.6",".320","100","15447"
"Kendrys Morales","Blue Jays","608","7.1 %","21.7 %","0.33",".250",".308",".445",".753",".196","1.1",".278","-7.4","-1.6","-0.3","73","-0.7",".320","97","8610"
"Yasmany Tomas","Diamondbacks","180","7.2 %","27.8 %","0.26",".241",".294",".464",".758",".223","2.3",".294","0.4","0.6","-0.1","22","-0.2",".319","89","17171"
"Melky Cabrera","- - -","666","5.4 %","11.1 %","0.49",".285",".324",".423",".746",".137","2.3",".299","-1.3","-1.4","-1.1","80","-0.9",".319","98","4022"
"Ketel Marte","Diamondbacks","255","11.4 %","14.5 %","0.78",".260",".345",".395",".740",".135","4.7",".290","0.6","0.6","0.0","31","-0.4",".319","89","13613"
"Miguel Rojas","Marlins","306","8.8 %","10.5 %","0.84",".290",".361",".375",".736",".085","4.1",".324","0.5","-0.4","-0.2","37","-0.6",".318","96","7802"
"Yunel Escobar","Angels","381","7.6 %","13.4 %","0.57",".274",".333",".397",".730",".123","2.6",".305","-1.0","-2.1","-1.7","46","-0.9",".318","100","4191"
"Hanley Ramirez","Red Sox","553","9.2 %","21.0 %","0.44",".242",".320",".429",".750",".188","1.5",".272","-2.3","-1.6","-1.4","66","-1.4",".318","93","8001"
"Christian Vazquez","Red Sox","345","4.9 %","18.6 %","0.27",".290",".330",".404",".735",".114","5.1",".348","-1.2","-1.7","0.3","41","-0.9",".318","93","9774"
"Daniel Descalso","Diamondbacks","398","12.1 %","22.4 %","0.54",".233",".332",".395",".727",".163","5.8",".283","-0.2","0.3","0.5","47","-1.1",".318","88","8392"
"Nomar Mazara","Rangers","616","8.9 %","20.6 %","0.43",".253",".323",".422",".745",".170","2.6",".293","-1.9","0.5","-0.8","73","-1.8",".317","92","14553"
"Leury Garcia","White Sox","326","4.0 %","21.2 %","0.19",".270",".316",".423",".739",".153","5.4",".321","-0.5","0.6","-0.7","39","-1.1",".317","97","5913"
"John Jaso","Pirates","302","13.2 %","21.9 %","0.61",".211",".328",".402",".730",".191","1.6",".243","1.8","0.4","-0.4","36","-1.0",".317","94","5887"
"Tucker Barnhart","Reds","423","9.9 %","16.1 %","0.62",".270",".347",".403",".750",".132","3.4",".312","-4.4","0.4","0.5","50","-1.5",".317","92","10200"
"Greg Garcia","Cardinals","290","12.8 %","22.1 %","0.58",".253",".365",".332",".697",".079","3.9",".335","1.1","0.4","-0.3","34","-1.1",".317","94","10951"
"Chase Utley","Dodgers","353","9.1 %","16.1 %","0.56",".236",".324",".405",".728",".168","6.2",".264","1.0","0.8","0.6","42","-1.4",".316","96","1679"
"Chad Pinder","Athletics","309","5.8 %","29.8 %","0.20",".238",".292",".457",".750",".220","3.5",".292","-3.0","0.0","-0.2","36","-1.2",".316","97","15191"
"Matt Szczur","- - -","237","14.3 %","18.6 %","0.77",".226",".350",".354",".704",".128","3.9",".275","0.7","0.8","-1.0","28","-1.0",".316","96","11255"
"C.J. Cron","Angels","373","5.9 %","25.7 %","0.23",".248",".305",".437",".741",".189","3.2",".296","-2.4","1.2","-0.5","44","-1.5",".316","99","12546"
"Luke Voit","Cardinals","124","5.6 %","25.0 %","0.23",".246",".306",".430",".736",".184","2.3",".304","0.9","-0.2","-0.1","15","-0.5",".316","94","14811"
"James McCann","Tigers","391","6.6 %","22.8 %","0.29",".253",".318",".415",".733",".162","3.3",".300","-1.4","-0.4","0.0","46","-1.6",".316","94","12859"
"Hunter Renfroe","Padres","479","5.6 %","29.2 %","0.19",".231",".284",".467",".751",".236","3.2",".275","-1.3","1.6","0.4","56","-2.1",".316","96","15464"
"Brandon Phillips","- - -","604","3.5 %","12.1 %","0.29",".285",".319",".416",".735",".131","4.1",".308","1.7","-2.5","-1.5","71","-2.7",".316","93","791"
"Yadier Molina","Cardinals","543","5.2 %","13.6 %","0.38",".273",".312",".439",".751",".166","3.9",".285","-3.9","-1.0","-0.2","64","-2.5",".316","94","7007"
"Randal Grichuk","Cardinals","442","5.9 %","30.1 %","0.20",".238",".285",".473",".758",".235","5.2",".293","1.9","0.5","0.6","52","-2.0",".315","94","10243"
"Ben Gamel","Mariners","550","6.5 %","22.2 %","0.30",".275",".322",".413",".735",".138","4.9",".340","3.2","0.3","0.0","64","-2.6",".315","99","12160"
"Francisco Cervelli","Pirates","304","10.5 %","21.4 %","0.49",".249",".342",".370",".712",".121","2.9",".311","0.0","0.0","-1.1","36","-1.4",".315","93","5275"
"Jason Castro","Twins","407","11.1 %","26.5 %","0.42",".242",".333",".388",".720",".146","1.5",".318","-1.6","-0.4","-0.3","48","-2.0",".315","93","8722"
"Delino DeShields","Rangers","440","10.0 %","24.8 %","0.40",".269",".347",".367",".714",".098","7.1",".358","5.3","1.8","2.1","51","-2.2",".315","90","11379"
"Max Kepler","Twins","568","8.3 %","20.1 %","0.41",".243",".312",".425",".737",".182","4.2",".276","1.0","1.6","0.5","66","-2.9",".315","92","12144"
"Nori Aoki","- - -","374","7.8 %","11.8 %","0.66",".277",".335",".393",".728",".116","5.6",".301","-0.3","-1.8","0.9","44","-2.0",".315","97","13075"
"Kole Calhoun","Angels","654","10.9 %","20.5 %","0.53",".244",".333",".392",".725",".148","3.7",".284","-1.4","0.8","0.1","76","-3.4",".315","98","11200"
"Craig Gentry","Orioles","117","9.4 %","20.5 %","0.46",".257",".333",".386",".719",".129","6.5",".316","0.4","0.4","-0.8","14","-0.7",".314","93","9571"
"Marcus Semien","Athletics","386","9.8 %","22.0 %","0.45",".249",".325",".398",".722",".149","5.8",".300","1.5","1.4","1.7","45","-2.4",".314","96","12533"
"Chris Owings","Diamondbacks","386","4.4 %","22.5 %","0.20",".268",".299",".442",".741",".174","4.9",".318","-0.7","1.3","1.4","45","-2.4",".313","85","10030"
"Cory Spangenberg","Padres","486","7.0 %","26.3 %","0.27",".264",".322",".401",".723",".137","5.0",".342","2.5","1.9","0.6","56","-3.3",".313","94","12294"
"Yolmer Sanchez","White Sox","534","6.6 %","20.8 %","0.32",".267",".319",".413",".732",".147","5.3",".321","1.7","-0.5","-2.5","61","-3.6",".313","94","11602"
"Jackie Bradley Jr.","Red Sox","541","8.9 %","22.9 %","0.39",".245",".323",".402",".726",".158","4.5",".294","3.5","1.6","0.0","62","-3.7",".313","90","12984"
"Miguel Cabrera","Tigers","529","10.2 %","20.8 %","0.49",".249",".329",".399",".728",".149","1.1",".292","-5.8","-1.5","-0.8","61","-3.7",".313","91","1744"
"Stephen Piscotty","Cardinals","401","13.0 %","21.7 %","0.60",".235",".342",".367",".708",".132","2.7",".286","-1.1","-0.5","-2.2","46","-2.8",".313","92","13367"
"Ian Kinsler","Tigers","613","9.0 %","14.0 %","0.64",".236",".313",".412",".725",".176","5.6",".244","1.7","-0.5","0.3","70","-4.3",".313","91","6195"
"Evan Longoria","Rays","677","6.8 %","16.1 %","0.42",".261",".313",".424",".737",".163","3.8",".282","1.6","-0.4","0.4","78","-4.8",".312","96","9368"
"Jose Reyes","Mets","561","8.9 %","14.1 %","0.63",".246",".315",".413",".728",".168","7.2",".263","1.3","2.2","1.9","64","-4.0",".312","94","1736"
"Dee Gordon","Marlins","695","3.6 %","13.4 %","0.27",".308",".341",".375",".716",".067","8.5",".354","4.3","0.2","4.7","80","-5.0",".312","92","8203"
"Chris Davis","Orioles","524","11.6 %","37.2 %","0.31",".215",".309",".423",".732",".208","2.7",".301","-1.3","0.9","-0.5","60","-3.9",".312","92","9272"
"Devin Mesoraco","Reds","165","10.9 %","23.0 %","0.47",".213",".321",".390",".711",".177","4.0",".245","-0.2","0.1","0.1","19","-1.3",".312","88","5666"
"Starling Marte","Pirates","339","5.9 %","18.6 %","0.32",".275",".333",".379",".712",".104","7.1",".324","0.5","-0.2","2.3","39","-2.6",".312","91","9241"
"Byron Buxton","Twins","511","7.4 %","29.4 %","0.25",".253",".314",".413",".728",".160","8.2",".339","4.3","2.3","5.1","58","-4.0",".312","90","14161"
"Yangervis Solarte","Padres","512","7.2 %","11.9 %","0.61",".255",".314",".416",".731",".161","2.4",".258","-0.6","-2.5","0.3","58","-4.2",".311","93","5352"
"Jonathan Lucroy","- - -","481","9.6 %","10.6 %","0.90",".265",".345",".371",".716",".106","3.1",".286","0.2","-2.9","-0.1","55","-3.7",".311","82","7870"
"Jayson Werth","Nationals","289","12.1 %","23.9 %","0.51",".226",".322",".393",".715",".167","3.8",".270","1.2","0.4","-0.6","33","-2.5",".311","88","1327"
"Jason Heyward","Cubs","481","8.5 %","13.9 %","0.61",".259",".326",".389",".715",".130","4.3",".284","0.2","0.2","-1.2","55","-4.1",".311","88","4940"
"Danny Valencia","Mariners","500","8.0 %","24.4 %","0.33",".256",".314",".411",".725",".156","3.3",".312","-3.2","-1.9","-0.8","57","-4.3",".311","95","6364"
"Enrique Hernandez","Dodgers","342","12.0 %","23.4 %","0.51",".215",".308",".421",".729",".205","5.1",".254","1.7","1.1","0.4","39","-3.1",".310","92","10472"
"Rene Rivera","- - -","237","5.9 %","29.5 %","0.20",".252",".305",".431",".736",".179","1.3",".324","-2.4","0.0","-0.5","27","-2.2",".310","91","3648"
"Chris Young","Red Sox","276","10.9 %","19.9 %","0.55",".235",".322",".387",".709",".152","4.3",".275","0.1","0.6","-0.4","31","-2.6",".310","88","3882"
"Manuel Margot","Padres","529","6.6 %","20.0 %","0.33",".263",".313",".409",".721",".146","6.1",".309","0.6","0.3","0.1","59","-5.1",".309","92","14712"
"Orlando Arcia","Brewers","548","6.6 %","18.2 %","0.36",".277",".324",".407",".731",".130","4.1",".317","1.5","-0.5","-0.5","61","-5.4",".309","85","13185"
"Jorge Polanco","Twins","544","7.5 %","14.3 %","0.53",".256",".313",".410",".723",".154","4.9",".278","1.7","1.8","0.2","61","-5.3",".309","89","13152"
"Luis Valbuena","Angels","401","12.0 %","26.4 %","0.45",".199",".294",".432",".727",".233","1.3",".210","-2.1","0.7","-1.0","45","-4.2",".308","94","4969"
"Jordy Mercer","Pirates","558","9.1 %","15.8 %","0.58",".255",".326",".406",".733",".151","2.9",".284","2.0","-0.9","-2.0","62","-5.9",".308","88","6547"
"Gregor Blanco","Diamondbacks","256","12.1 %","23.0 %","0.53",".246",".337",".357",".694",".112","8.4",".321","1.8","0.6","2.4","28","-2.7",".308","82","3123"
"Travis d'Arnaud","Mets","376","6.1 %","15.7 %","0.39",".244",".293",".443",".735",".198","1.6",".250","-0.2","-1.6","-0.2","42","-4.1",".308","91","7739"
"Keon Broxton","Brewers","463","8.6 %","37.8 %","0.23",".220",".299",".420",".719",".200","7.4",".323","-0.7","1.3","1.0","51","-5.1",".308","84","9253"
"Devon Travis","Blue Jays","197","3.6 %","19.3 %","0.18",".259",".291",".438",".729",".178","4.1",".299","0.3","-0.3","-0.1","22","-2.2",".308","89","13862"
"Yan Gomes","Indians","383","8.1 %","25.8 %","0.31",".232",".309",".399",".708",".167","1.4",".283","0.8","-0.3","-0.2","42","-4.5",".307","87","9627"
"Logan Forsythe","Dodgers","439","15.7 %","24.8 %","0.63",".224",".351",".327",".678",".102","2.8",".299","2.3","-0.9","-0.6","48","-5.2",".307","90","7185"
"Carlos Asuaje","Padres","343","8.2 %","22.2 %","0.37",".270",".334",".362",".696",".091","1.9",".346","-1.4","0.3","-0.7","38","-4.1",".307","90","15197"
"Wilson Ramos","Rays","224","4.5 %","16.1 %","0.28",".260",".290",".447",".737",".188","0.5",".262","-1.0","-2.0","-0.1","25","-2.7",".307","92","1433"
"Yandy Diaz","Indians","179","11.7 %","19.6 %","0.60",".263",".352",".327",".679",".064","5.4",".336","0.2","0.3","0.3","20","-2.3",".306","86","16578"
"Tommy Joseph","Phillies","533","6.2 %","24.2 %","0.26",".240",".289",".432",".721",".192","2.2",".280","-1.3","-3.0","-0.1","58","-7.0",".305","85","10349"
"Jaycob Brugman","Athletics","162","11.1 %","23.5 %","0.47",".266",".346",".343",".688",".077","1.3",".340","-0.2","0.8","-0.8","18","-2.2",".305","90","14936"
"Addison Russell","Cubs","385","7.5 %","23.6 %","0.32",".239",".304",".418",".722",".179","4.7",".289","0.1","1.1","-0.2","42","-5.2",".305","84","14106"
"Ian Desmond","Rockies","373","6.4 %","23.3 %","0.28",".274",".326",".375",".701",".100","5.6",".345","1.0","-1.4","1.1","40","-5.2",".305","69","6885"
"Cameron Rupp","Phillies","331","10.3 %","34.4 %","0.30",".217",".299",".417",".716",".200","2.1",".298","-2.5","-0.1","0.0","36","-4.6",".304","84","11146"
"Ryan Schimpf","Padres","197","13.7 %","35.5 %","0.39",".158",".284",".424",".709",".267","1.1",".145","1.0","1.0","-0.1","21","-2.9",".304","88","9953"
"Jabari Blash","Padres","195","14.4 %","33.8 %","0.42",".213",".333",".341",".675",".128","2.3",".319","0.3","0.0","-0.8","21","-2.9",".303","88","11247"
"Gregory Bird","Yankees","170","11.2 %","24.7 %","0.45",".190",".288",".422",".710",".231","1.3",".194","-2.7","0.6","-0.1","18","-2.5",".303","86","14131"
"Patrick Kivlehan","Reds","204","10.8 %","29.9 %","0.36",".208",".304",".399",".703",".191","3.3",".257","0.7","0.6","-0.8","22","-3.1",".303","83","13910"
"Hunter Pence","Giants","539","7.4 %","18.9 %","0.39",".260",".315",".385",".701",".126","3.6",".301","2.7","1.2","-1.2","58","-8.1",".303","87","8252"
"Victor Martinez","Tigers","435","8.3 %","14.5 %","0.57",".255",".324",".372",".697",".117","0.9",".280","-4.9","-1.4","-0.3","46","-6.6",".303","85","393"
"Kevin Pillar","Blue Jays","632","5.2 %","15.0 %","0.35",".256",".300",".404",".704",".148","4.4",".280","1.0","-0.1","0.1","67","-9.9",".302","85","12434"
"Mike Napoli","Rangers","485","10.1 %","33.6 %","0.30",".193",".285",".428",".713",".235","2.7",".225","-0.8","-0.4","-0.9","52","-7.6",".302","81","3057"
"Ehire Adrianza","Twins","186","8.6 %","13.4 %","0.64",".265",".324",".383",".707",".117","7.8",".291","1.4","1.1","1.1","20","-3.0",".302","84","8418"
"Ben Zobrist","Cubs","496","10.9 %","14.3 %","0.76",".232",".318",".375",".693",".143","3.6",".251","-0.7","-0.4","-0.8","52","-8.1",".302","82","7435"
"Willy Garcia","White Sox","119","9.2 %","26.1 %","0.35",".238",".305",".400",".705",".162","4.4",".311","-1.0","0.3","-0.1","13","-2.0",".301","86","12956"
"Brandon Crawford","Giants","570","7.4 %","19.8 %","0.37",".253",".305",".403",".709",".151","2.5",".293","0.9","-0.4","-1.8","60","-9.5",".301","86","5343"
"Kaleb Cowart","Angels","117","8.5 %","23.9 %","0.36",".225",".313",".382",".695",".157","7.1",".282","1.2","-0.3","-0.1","12","-2.0",".301","89","11494"
"Brandon Moss","Royals","401","9.2 %","31.9 %","0.29",".207",".279",".428",".707",".221","2.3",".248","-0.9","0.6","0.2","42","-6.8",".301","84","4467"
"Mallex Smith","Rays","282","8.2 %","22.0 %","0.37",".270",".329",".355",".684",".086","7.2",".347","1.4","0.8","0.9","30","-4.8",".301","88","13608"
"Cameron Maybin","- - -","450","11.3 %","20.9 %","0.54",".228",".318",".365",".683",".137","6.9",".274","2.9","-1.3","2.9","47","-7.9",".300","88","5223"
"Nick Ahmed","Diamondbacks","178","5.6 %","21.9 %","0.26",".251",".298",".419",".717",".168","4.8",".295","1.1","-0.6","-1.2","19","-3.1",".300","76","12147"
"Jason Kipnis","Indians","373","7.5 %","19.0 %","0.39",".232",".291",".414",".705",".182","3.8",".256","1.4","1.9","0.2","39","-6.5",".300","82","9776"
"Kevan Smith","White Sox","294","3.1 %","15.6 %","0.20",".283",".309",".388",".697",".105","0.9",".323","-1.7","-0.7","-0.2","31","-5.2",".300","85","12284"
"Stephen Vogt","- - -","303","6.9 %","18.5 %","0.38",".233",".285",".423",".708",".190","1.7",".249","-3.2","1.4","-0.6","31","-5.5",".299","83","5000"
"Bradley Zimmer","Indians","332","7.8 %","29.8 %","0.26",".241",".307",".385",".692",".144","7.0",".328","2.9","0.8","3.0","34","-6.2",".299","81","16221"
"Caleb Joseph","Orioles","266","3.8 %","27.1 %","0.14",".256",".287",".413",".700",".157","2.4",".328","0.1","-0.3","-0.1","27","-5.0",".299","82","7087"
"Jarrett Parker","Giants","177","5.6 %","30.5 %","0.19",".247",".294",".416",".709",".169","4.6",".343","0.3","0.5","-0.1","18","-3.3",".299","84","11624"
"Clint Frazier","Yankees","142","4.9 %","30.3 %","0.16",".231",".268",".448",".715",".216","6.1",".307","0.1","0.3","0.1","15","-2.7",".298","82","15983"
"Abraham Almonte","Indians","195","10.3 %","23.6 %","0.43",".233",".314",".366",".681",".134","6.1",".298","0.9","0.7","-0.1","20","-3.8",".298","81","5486"
"Hernan Perez","Brewers","458","4.4 %","17.2 %","0.25",".259",".289",".414",".704",".155","5.3",".286","1.3","0.3","0.7","47","-8.9",".298","78","5751"
"Freddy Galvis","Phillies","663","6.8 %","16.7 %","0.41",".255",".309",".382",".690",".127","5.3",".292","-0.4","1.0","0.3","68","-13.0",".298","80","6609"
"Gregory Polanco","Pirates","411","6.6 %","14.6 %","0.45",".251",".305",".391",".695",".140","3.7",".272","1.3","0.8","0.9","42","-8.2",".297","81","12907"
"Matt Davidson","White Sox","443","4.3 %","37.2 %","0.12",".220",".260",".452",".711",".232","1.8",".285","-3.0","-0.5","-0.6","45","-8.9",".297","83","7226"
"Ronald Torreyes","Yankees","336","3.3 %","12.8 %","0.26",".292",".314",".375",".689",".083","3.5",".326","0.1","0.0","0.2","34","-6.8",".297","82","11400"
"Rickie Weeks Jr.","Rays","112","10.7 %","43.8 %","0.24",".216",".321",".340",".662",".124","3.7",".413","0.3","0.5","0.1","11","-2.3",".297","85","1849"
"Jesus Sucre","Rays","192","3.6 %","18.2 %","0.20",".256",".289",".409",".699",".153","3.5",".275","0.1","-1.0","0.3","19","-4.0",".296","85","5942"
"Bruce Maxwell","Athletics","253","12.3 %","24.9 %","0.49",".237",".329",".333",".663",".096","0.9",".316","-1.4","-1.5","-0.2","26","-5.3",".296","84","13866"
"Jarrod Dyson","Mariners","390","7.2 %","14.1 %","0.51",".251",".324",".350",".674",".098","7.5",".285","2.5","0.7","2.4","39","-8.2",".296","85","4866"
"Mark Trumbo","Orioles","603","7.0 %","24.7 %","0.28",".234",".289",".397",".686",".163","2.5",".278","-0.4","-0.4","-0.1","60","-13.2",".295","80","6876"
"Jose Bautista","Blue Jays","686","12.2 %","24.8 %","0.49",".203",".308",".366",".674",".164","3.4",".239","-3.2","-1.2","-0.5","68","-15.2",".295","80","1887"
"Carlos Ruiz","Mariners","145","9.7 %","26.2 %","0.37",".216",".313",".352",".665",".136","3.0",".282","-0.7","0.0","0.1","14","-3.2",".295","84","2579"
"Adeiny Hechavarria","- - -","348","3.7 %","19.3 %","0.19",".261",".289",".406",".695",".145","5.7",".304","0.0","0.4","0.2","35","-7.7",".295","83","10459"
"Brad Miller","Rays","407","15.5 %","27.0 %","0.57",".201",".327",".337",".664",".136","4.6",".265","-1.6","1.5","-0.5","40","-9.2",".294","83","12775"
"A.J. Ellis","Marlins","163","7.4 %","17.8 %","0.41",".210",".298",".371",".669",".161","1.4",".222","-1.4","-0.3","-0.1","16","-3.7",".294","80","5677"
"Wilmer Difo","Nationals","365","6.6 %","20.3 %","0.32",".271",".319",".370",".690",".099","6.9",".332","2.1","0.0","1.3","36","-8.5",".293","76","14320"
"Brandon Guyer","Indians","192","7.8 %","22.4 %","0.35",".236",".326",".327",".654",".091","5.4",".303","-1.1","0.8","0.3","19","-4.5",".293","78","2636"
"Jose Osuna","Pirates","227","4.0 %","17.6 %","0.23",".233",".269",".428",".697",".195","4.9",".254","0.3","-1.5","-0.1","22","-5.3",".293","78","12937"
"Troy Tulowitzki","Blue Jays","260","6.5 %","15.4 %","0.43",".249",".300",".378",".678",".129","0.6",".272","-2.3","-0.6","-0.6","25","-6.3",".292","78","3531"
"Maikel Franco","Phillies","623","6.6 %","15.2 %","0.43",".230",".281",".409",".690",".179","1.5",".234","-0.5","-2.4","-0.3","61","-15.3",".292","76","12179"
"Derek Fisher","Astros","166","10.2 %","32.5 %","0.31",".212",".307",".356",".663",".144","5.0",".299","-1.0","0.5","-0.8","16","-4.2",".291","82","16192"
"Erik Gonzalez","Indians","115","2.6 %","32.2 %","0.08",".255",".272",".418",".690",".164","3.8",".343","0.3","0.4","-0.7","11","-2.9",".291","76","13369"
"Aledmys Diaz","Cardinals","301","4.3 %","14.0 %","0.31",".259",".290",".392",".682",".133","3.5",".282","-0.2","-1.2","0.2","29","-7.6",".291","78","15937"
"Roberto Perez","Indians","248","10.5 %","28.6 %","0.37",".207",".291",".373",".664",".166","1.3",".266","-1.5","0.6","-0.6","24","-6.6",".289","75","2900"
"Nick Hundley","Giants","303","4.0 %","26.7 %","0.15",".244",".272",".418",".691",".174","1.1",".307","-1.3","0.6","-0.1","29","-8.2",".289","78","3376"
"Miguel Montero","- - -","213","10.8 %","22.1 %","0.49",".216",".310",".346",".656",".130","2.8",".254","-0.7","-0.6","0.1","20","-5.7",".289","74","3364"
"Ryan Hanigan","Rockies","112","7.1 %","23.2 %","0.31",".267",".324",".347",".671",".079","0.8",".338","0.0","-0.3","-0.1","11","-3.0",".289","59","4952"
"Tim Anderson","White Sox","606","2.1 %","26.7 %","0.08",".257",".276",".402",".679",".145","6.2",".328","1.3","0.1","2.3","57","-16.6",".288","78","15172"
"Guillermo Heredia","Mariners","426","6.3 %","15.0 %","0.42",".249",".315",".337",".652",".088","2.2",".284","1.0","-0.1","-2.2","40","-11.9",".288","80","18721"
"Gorkys Hernandez","Giants","348","8.9 %","21.0 %","0.42",".255",".327",".326",".652",".071","5.3",".331","3.0","0.1","0.5","33","-9.8",".288","77","4146"
"Jonathan Villar","Brewers","436","6.9 %","30.3 %","0.23",".241",".293",".372",".665",".132","5.4",".330","0.7","0.8","1.0","41","-12.4",".287","71","10071"
"Juan Lagares","Mets","272","5.1 %","20.6 %","0.25",".250",".296",".365",".661",".115","6.2",".309","2.7","0.0","0.0","25","-7.8",".287","77","5384"
"Ichiro Suzuki","Marlins","215","7.9 %","16.3 %","0.49",".255",".318",".332",".649",".077","1.9",".297","-0.3","0.8","-0.4","20","-6.2",".287","75","1101"
"Albert Pujols","Angels","636","5.8 %","14.6 %","0.40",".241",".286",".386",".672",".145","2.1",".249","-3.8","-2.8","0.3","59","-18.8",".286","78","1177"
"Kelby Tomlinson","Giants","222","10.4 %","20.7 %","0.50",".258",".332",".314",".646",".057","7.2",".327","1.6","-0.9","1.2","20","-6.6",".286","76","13005"
"Stephen Drew","Nationals","106","7.5 %","19.8 %","0.38",".253",".302",".358",".660",".105","1.1",".303","0.1","0.2","-0.1","10","-3.2",".285","70","4251"
"Ben Revere","Angels","308","4.9 %","8.1 %","0.60",".275",".308",".344",".652",".069","6.5",".296","3.3","-0.3","1.5","28","-9.5",".284","77","4712"
"Daniel Robertson","Rays","254","11.4 %","28.7 %","0.40",".206",".308",".326",".634",".119","3.6",".282","-0.9","0.0","-0.4","23","-8.0",".284","76","14145"
"Chris Carter","Yankees","208","9.6 %","36.5 %","0.26",".201",".284",".370",".653",".168","2.3",".284","-1.1","-0.2","-0.1","19","-6.5",".284","73","9911"
"Jose Iglesias","Tigers","489","4.3 %","13.3 %","0.32",".255",".288",".369",".657",".114","4.2",".285","1.9","1.2","-0.5","44","-15.5",".283","71","10231"
"Carlos Beltran","Astros","509","6.5 %","20.0 %","0.32",".231",".283",".383",".666",".152","1.8",".263","-2.7","0.2","-0.2","46","-16.1",".283","76","589"
"Amed Rosario","Mets","170","1.8 %","28.8 %","0.06",".248",".271",".394",".665",".145","7.0",".330","0.0","-0.2","0.0","15","-5.5",".282","74","15518"
"Erick Aybar","Padres","370","7.6 %","15.4 %","0.49",".234",".300",".348",".648",".114","4.6",".262","-0.7","0.9","0.3","33","-12.1",".282","74","4082"
"Tyler Moore","Marlins","203","4.9 %","27.6 %","0.18",".230",".267",".401",".668",".171","1.0",".287","0.7","-1.1","-0.1","18","-6.7",".282","72","7244"
"Matt Reynolds","Mets","130","10.8 %","28.5 %","0.38",".230",".326",".301",".626",".071","4.2",".333","-0.7","0.0","-0.5","12","-4.3",".282","74","13788"
"Dominic Smith","Mets","183","7.7 %","26.8 %","0.29",".198",".262",".395",".658",".198","0.8",".218","-0.5","-0.6","-0.1","16","-6.2",".281","73","15653"
"Jace Peterson","Braves","215","12.6 %","22.3 %","0.56",".215",".318",".317",".635",".102","4.9",".279","0.5","0.5","0.5","19","-7.3",".280","69","12325"
"Max Moroff","Pirates","140","11.4 %","30.7 %","0.37",".200",".302",".325",".627",".125","4.5",".280","0.0","0.8","-0.5","12","-4.8",".280","70","14556"
"Jett Bandy","Brewers","188","8.0 %","27.1 %","0.29",".207",".287",".349",".636",".142","2.1",".259","-0.1","-0.2","0.1","16","-6.4",".280","66","12508"
"Peter Bourjos","Rays","203","5.9 %","26.1 %","0.23",".223",".272",".383",".655",".160","7.1",".282","0.9","0.7","-0.8","18","-7.0",".280","74","2578"
"Sandy Leon","Red Sox","301","8.3 %","24.6 %","0.34",".225",".290",".354",".644",".129","1.5",".280","-4.0","0.5","-0.2","26","-10.5",".279","67","5273"
"Rajai Davis","- - -","366","7.4 %","22.7 %","0.33",".235",".293",".348",".641",".113","8.0",".297","2.3","-1.0","2.6","32","-12.9",".279","72","3708"
"Martin Maldonado","Angels","471","3.2 %","25.3 %","0.13",".221",".276",".368",".645",".147","2.3",".273","-0.7","-0.9","-1.1","41","-16.7",".279","73","6887"
"Cliff Pennington","Angels","217","7.4 %","26.7 %","0.28",".253",".306",".330",".635",".077","3.5",".333","0.7","0.3","0.0","19","-7.7",".279","73","3395"
"Ryan Goins","Blue Jays","459","6.8 %","20.9 %","0.32",".237",".286",".356",".643",".120","2.7",".283","0.1","-0.4","-0.5","39","-16.5",".278","69","9807"
"Billy Hamilton","Reds","633","7.0 %","21.0 %","0.33",".247",".299",".335",".634",".088","9.0",".313","3.0","0.6","5.9","54","-22.9",".278","66","10199"
"Austin Hedges","Padres","417","5.5 %","29.3 %","0.19",".214",".262",".398",".660",".183","2.7",".260","-0.7","-0.5","0.2","36","-15.2",".278","71","12976"
"Ryan Rua","Rangers","144","9.7 %","36.1 %","0.27",".217",".294",".333",".627",".116","3.3",".338","-0.2","-0.2","-0.5","12","-5.3",".278","65","12409"
"Zack Granite","Twins","107","11.2 %","8.4 %","1.33",".237",".321",".290",".611",".054","3.5",".250","0.2","-1.2","-0.5","9","-3.9",".278","67","15343"
"Hector Sanchez","Padres","143","3.5 %","28.7 %","0.12",".219",".245",".423",".668",".204","0.9",".247","-0.3","-0.4","-0.1","12","-5.3",".277","70","10289"
"Dansby Swanson","Braves","551","10.7 %","21.8 %","0.49",".232",".312",".324",".636",".092","3.2",".292","1.0","1.6","-1.0","46","-21.0",".276","66","18314"
"Mark Canha","Athletics","187","3.7 %","29.9 %","0.13",".208",".262",".382",".644",".173","5.0",".274","-0.5","-0.2","0.3","16","-7.1",".276","70","11445"
"Adrian Gonzalez","Dodgers","252","6.3 %","17.1 %","0.37",".242",".287",".355",".642",".113","0.9",".280","-2.1","-0.9","-0.6","21","-9.7",".275","69","1908"
"Andrew Romine","Tigers","348","6.3 %","19.3 %","0.33",".233",".289",".336",".625",".104","5.5",".281","-0.2","-0.2","-0.7","29","-13.8",".274","65","1159"
"Martin Prado","Marlins","147","4.1 %","15.0 %","0.27",".250",".279",".357",".636",".107","1.3",".282","-0.5","-0.7","-0.1","12","-5.8",".274","67","3312"
"Tony Wolters","Rockies","266","12.4 %","20.7 %","0.60",".240",".341",".284",".625",".044","2.7",".316","0.5","-1.2","-0.6","22","-10.6",".274","49","11470"
"Dixon Machado","Tigers","181","5.5 %","17.7 %","0.31",".259",".302",".319",".621",".060","3.9",".311","-2.4","-0.2","0.1","15","-7.3",".273","64","11472"
"Matt Wieters","Nationals","465","8.2 %","20.2 %","0.40",".225",".288",".344",".632",".118","2.0",".264","-2.5","-0.9","-0.1","38","-18.9",".273","62","4298"
"Jose Peraza","Reds","518","3.9 %","13.5 %","0.29",".259",".297",".324",".622",".066","5.8",".293","1.5","0.4","0.9","42","-21.1",".273","62","13593"
"Rougned Odor","Rangers","651","4.9 %","24.9 %","0.20",".204",".252",".397",".649",".193","5.6",".224","1.4","0.4","0.2","53","-26.8",".272","61","12282"
"Chris Herrmann","Diamondbacks","256","11.3 %","26.2 %","0.43",".181",".273",".345",".619",".164","5.0",".207","0.5","1.2","0.9","21","-10.6",".272","58","9284"
"Derek Norris","Rays","198","6.1 %","24.2 %","0.25",".201",".258",".380",".637",".179","2.9",".214","-0.6","-0.3","0.1","16","-8.3",".271","68","6867"
"Pablo Sandoval","- - -","279","5.7 %","19.0 %","0.30",".220",".265",".367",".632",".147","1.6",".240","0.3","-1.5","-0.6","22","-11.7",".271","64","5409"
"Tomas Telis","Marlins","111","2.7 %","9.0 %","0.30",".240",".279",".346",".625",".106","4.9",".263","-0.2","0.5","-0.1","9","-4.8",".270","64","10067"
"J.T. Riddle","Marlins","247","4.9 %","20.2 %","0.24",".250",".282",".355",".637",".105","2.4",".300","-0.4","0.2","-1.0","19","-10.7",".270","64","17642"
"Joey Rickard","Orioles","277","3.2 %","22.7 %","0.14",".241",".276",".345",".621",".103","5.0",".303","1.5","0.0","1.0","22","-12.0",".269","63","13277"
"Alex Gordon","Royals","541","8.3 %","23.3 %","0.36",".208",".293",".315",".608",".107","4.3",".261","0.6","0.9","-0.6","42","-23.5",".269","62","5209"
"Tyler Collins","Tigers","169","10.7 %","32.5 %","0.33",".193",".278",".333",".611",".140","4.0",".264","-0.1","0.6","-1.8","13","-7.4",".269","62","12723"
"Alcides Escobar","Royals","629","2.4 %","16.2 %","0.15",".250",".272",".357",".629",".107","4.3",".291","5.6","0.4","-2.5","49","-27.7",".269","62","6310"
"Adonis Garcia","Braves","183","3.8 %","12.6 %","0.30",".237",".273",".347",".620",".110","4.6",".247","0.5","-1.3","0.7","14","-8.1",".269","61","13777"
"Hyun Soo Kim","- - -","239","9.2 %","19.2 %","0.48",".231",".307",".292",".599",".061","2.2",".287","0.0","0.5","-0.2","19","-10.6",".268","61","18718"
"Rey Fuentes","Diamondbacks","145","5.5 %","24.1 %","0.23",".235",".278",".338",".616",".103","7.2",".296","-0.2","0.8","0.3","11","-6.5",".268","55","10329"
"Alexi Amarista","Rockies","176","4.0 %","21.6 %","0.18",".238",".269",".351",".620",".113","3.8",".291","-1.1","-0.3","0.1","13","-8.0",".267","45","9063"
"Drew Butera","Royals","177","6.8 %","23.2 %","0.29",".227",".284",".319",".603",".092","2.8",".286","0.5","1.0","-0.1","13","-8.1",".266","60","3411"
"Darwin Barney","Blue Jays","362","5.0 %","17.7 %","0.28",".232",".275",".327",".602",".095","3.9",".270","0.4","-1.7","0.4","26","-17.7",".263","58","2430"
"Jeff Mathis","Diamondbacks","203","6.9 %","30.0 %","0.23",".215",".277",".323",".600",".108","4.3",".309","0.1","-0.6","0.1","15","-10.1",".262","51","3448"
"Adam Rosales","- - -","312","3.5 %","32.1 %","0.11",".225",".260",".353",".613",".128","1.9",".312","0.9","0.5","-0.8","22","-15.7",".261","57","9682"
"Alen Hanson","- - -","234","5.1 %","22.2 %","0.23",".221",".262",".346",".607",".124","8.2",".268","0.9","-0.3","0.8","17","-11.9",".261","59","12926"
"Cheslor Cuthbert","Royals","153","5.9 %","25.5 %","0.23",".231",".275",".322",".596",".091","0.8",".301","-0.2","0.3","-0.1","11","-7.8",".261","56","10473"
"Rio Ruiz","Braves","173","11.0 %","23.7 %","0.46",".193",".283",".307",".590",".113","3.6",".231","0.3","-0.1","0.1","12","-8.8",".261","56","14103"
"Dustin Garneau","- - -","126","9.5 %","28.6 %","0.33",".188",".272",".313",".585",".125","1.1",".257","0.9","0.4","-0.1","9","-6.5",".260","48","9433"
"Ruben Tejada","Orioles","124","6.5 %","12.1 %","0.53",".230",".293",".283",".576",".053","2.6",".265","-0.5","-1.0","-0.1","9","-6.4",".259","56","5519"
"Trevor Plouffe","- - -","313","8.9 %","28.1 %","0.32",".198",".272",".318",".590",".120","2.0",".251","-0.4","-1.6","-0.8","22","-16.6",".258","58","7462"
"Jefry Marte","Angels","145","9.0 %","23.4 %","0.38",".173",".269",".307",".576",".134","2.5",".200","-1.0","0.3","0.1","10","-7.7",".258","59","5107"
"Sean Rodriguez","- - -","153","10.5 %","37.3 %","0.28",".167",".276",".295",".572",".129","3.6",".243","0.6","-0.4","0.1","10","-8.2",".257","55","6589"
"Deven Marrero","Red Sox","188","6.4 %","32.4 %","0.20",".211",".259",".333",".593",".123","6.0",".296","1.1","-1.3","0.9","13","-10.2",".257","51","13325"
"Allen Cordoba","Padres","227","7.9 %","23.8 %","0.33",".208",".282",".297",".579",".089","3.9",".259","-0.5","0.5","-0.6","15","-12.3",".256","57","15722"
"Michael Saunders","- - -","234","6.4 %","23.5 %","0.27",".202",".256",".344",".600",".142","3.8",".242","1.5","1.2","-0.5","16","-12.7",".256","53","9981"
"Brock Holt","Red Sox","164","11.6 %","20.7 %","0.56",".200",".305",".243",".548",".043","3.9",".259","-1.9","-0.2","-0.1","11","-9.0",".256","51","9345"
"Ty Kelly","- - -","105","7.6 %","23.8 %","0.32",".191",".257",".337",".595",".146","2.0",".231","0.5","0.8","0.0","7","-5.7",".256","53","7740"
"Josh Phegley","Athletics","161","5.6 %","16.1 %","0.35",".201",".255",".336",".590",".134","2.0",".223","-0.8","-0.1","-0.5","11","-8.8",".256","56","9308"
"Josh Rutledge","Red Sox","118","7.6 %","26.3 %","0.29",".224",".297",".262",".558",".037","5.0",".316","0.7","0.4","0.1","8","-6.5",".255","50","11167"
"Taylor Motter","Mariners","280","7.5 %","22.1 %","0.34",".198",".257",".326",".583",".128","5.4",".232","-0.7","-0.4","1.8","18","-15.7",".254","57","12399"
"Danny Santana","- - -","178","4.5 %","23.0 %","0.20",".202",".243",".357",".600",".155","8.0",".244","0.3","0.5","1.3","12","-10.1",".254","51","10322"
"Elias Diaz","Pirates","200","5.5 %","19.0 %","0.29",".223",".265",".314",".579",".090","3.0",".273","-1.7","-1.1","0.1","13","-11.5",".253","52","11680"
"J.J. Hardy","Orioles","268","4.5 %","17.9 %","0.25",".217",".255",".323",".578",".106","2.6",".252","-1.4","-0.4","-0.5","17","-15.9",".251","50","3797"
"Austin Romine","Yankees","252","6.3 %","22.6 %","0.28",".218",".272",".293",".565",".074","2.2",".277","-0.6","-0.6","-0.1","16","-15.1",".250","49","5491"
"Nick Franklin","- - -","119","8.4 %","18.5 %","0.45",".179",".269",".283",".552",".104","5.4",".207","0.2","0.4","0.3","7","-7.2",".250","48","10166"
"Andres Blanco","Phillies","144","8.3 %","23.6 %","0.35",".192",".257",".292",".549",".100","2.5",".232","0.1","0.6","0.1","8","-9.5",".243","44","1907"
"Giovanny Urshela","Indians","165","4.8 %","13.3 %","0.36",".224",".262",".288",".551",".064","1.5",".256","-1.3","-0.7","-0.1","9","-10.9",".243","43","10681"
"Christian Arroyo","Giants","135","5.9 %","23.7 %","0.25",".192",".244",".304",".548",".112","1.9",".231","-0.2","-0.2","-0.7","7","-9.6",".237","44","16434"
"Jose Lobaton","Nationals","158","8.9 %","22.2 %","0.40",".170",".248",".277",".525",".106","0.8",".194","0.5","-0.2","-0.1","7","-11.8",".232","36","4243"
"Danny Espinosa","- - -","295","7.1 %","36.9 %","0.19",".173",".245",".278",".523",".105","3.5",".261","-1.1","1.1","-1.5","14","-22.1",".232","41","9219"
"Adam Engel","White Sox","336","5.7 %","34.8 %","0.16",".166",".235",".282",".517",".116","7.4",".247","1.4","1.9","1.0","15","-25.9",".230","37","15082"
"JaCoby Jones","Tigers","154","5.8 %","42.2 %","0.14",".170",".240",".270",".510",".099","6.9",".288","-0.2","-0.2","0.3","7","-12.0",".229","34","14818"
"Jorge Soler","Royals","110","10.9 %","32.7 %","0.33",".144",".245",".258",".503",".113","0.8",".203","-0.3","-0.6","0.0","5","-8.8",".226","32","14221"
"Leonys Martin","- - -","138","5.8 %","23.9 %","0.24",".172",".232",".281",".513",".109","6.9",".207","0.5","0.1","-0.4","5","-11.3",".224","35","11846"
"Ryder Jones","Giants","164","6.1 %","31.7 %","0.19",".173",".244",".273",".517",".100","5.3",".250","0.3","0.3","0.1","6","-13.6",".223","35","15982"
"Tyler Saladino","White Sox","281","8.2 %","23.8 %","0.34",".178",".254",".229",".484",".051","5.0",".242","0.9","0.1","-0.8","11","-23.3",".223","33","10807"
"Chris Stewart","Pirates","144","6.3 %","15.3 %","0.41",".183",".241",".221",".463",".038","3.0",".220","0.5","-0.2","-0.1","4","-13.8",".207","22","3878"
"Luis Torrens","Padres","139","8.6 %","21.6 %","0.40",".163",".243",".203",".446",".041","2.4",".215","0.5","-0.3","-0.1","2","-14.5",".197","18","15905"
"Arismendy Alcantara","Reds","108","1.9 %","35.2 %","0.05",".171",".187",".248",".435",".076","7.4",".258","0.6","0.0","0.4","1","-12.2",".187","6","10711"
"Luke Maile","Blue Jays","136","2.2 %","25.7 %","0.09",".146",".176",".231",".407",".085","4.0",".181","0.5","0.1","0.2","0","-16.4",".178","0","13355"
