"Name","Team","BABIP","GB/FB","LD%","GB%","FB%","IFFB%","HR/FB","IFH","IFH%","BUH","BUH%","Pull%","Cent%","Oppo%","Soft%","Med%","Hard%","playerid"
"Zach Walters","- - -",".188","1.00","21.5 %","39.2 %","39.2 %","0.0 %","32.3 %","2","6.5 %","0","0.0 %","53.2 %","29.1 %","17.7 %","26.6 %","41.8 %","31.7 %","10622"
"George Springer","Astros",".294","1.15","15.3 %","45.4 %","39.3 %","8.3 %","27.8 %","14","16.9 %","0","0.0 %","43.2 %","36.1 %","20.8 %","19.1 %","41.5 %","39.3 %","12856"
"Jose Abreu","White Sox",".356","1.46","23.3 %","45.5 %","31.2 %","8.2 %","26.9 %","15","7.7 %","0","0.0 %","39.9 %","34.0 %","26.1 %","17.0 %","46.6 %","36.4 %","15676"
"Giancarlo Stanton","Marlins",".353","1.06","19.7 %","41.2 %","39.1 %","11.0 %","25.5 %","13","8.5 %","0","0.0 %","42.6 %","34.0 %","23.5 %","17.8 %","41.8 %","40.4 %","4949"
"Michael Cuddyer","Rockies",".351","1.77","24.2 %","48.4 %","27.3 %","11.4 %","22.7 %","7","9.0 %","0","0.0 %","37.3 %","33.5 %","29.2 %","14.9 %","54.7 %","30.4 %","1534"
"Chris Davis","Orioles",".242","0.84","24.6 %","34.5 %","40.9 %","4.3 %","22.6 %","5","5.2 %","1","50.0 %","50.9 %","24.7 %","24.4 %","12.7 %","51.2 %","36.0 %","9272"
"Chris Carter","Astros",".267","0.53","21.6 %","27.1 %","51.4 %","16.0 %","21.9 %","6","6.7 %","0","0.0 %","48.6 %","29.5 %","21.9 %","17.3 %","44.4 %","38.3 %","9911"
"Tyler Flowers","White Sox",".355","1.68","23.7 %","47.8 %","28.5 %","11.3 %","21.1 %","7","5.9 %","0","0.0 %","46.8 %","27.2 %","26.0 %","19.2 %","49.6 %","31.2 %","9134"
"Troy Tulowitzki","Rockies",".355","0.97","23.3 %","37.8 %","38.9 %","8.8 %","20.6 %","8","8.1 %","1","100.0 %","48.7 %","34.6 %","16.7 %","15.6 %","42.2 %","42.2 %","3531"
"Devin Mesoraco","Reds",".309","0.80","22.9 %","34.2 %","43.0 %","7.4 %","20.5 %","6","6.2 %","0","0.0 %","57.8 %","28.5 %","13.7 %","12.0 %","49.3 %","38.7 %","5666"
"Nelson Cruz","Orioles",".288","1.02","17.2 %","41.8 %","41.0 %","12.8 %","20.4 %","12","6.0 %","0","0.0 %","43.1 %","34.5 %","22.4 %","15.3 %","49.2 %","35.6 %","2434"
"Juan Francisco","Blue Jays",".297","0.85","16.1 %","38.5 %","45.4 %","12.7 %","20.3 %","4","6.0 %","0","0.0 %","37.4 %","37.9 %","24.7 %","18.4 %","48.3 %","33.3 %","6978"
"Matt Kemp","Dodgers",".345","1.38","25.9 %","43.0 %","31.1 %","0.8 %","20.0 %","6","3.5 %","0","0.0 %","44.3 %","35.1 %","20.7 %","8.0 %","51.7 %","40.3 %","5631"
"Corey Dickerson","Rockies",".356","1.01","26.7 %","36.8 %","36.5 %","8.1 %","19.5 %","15","12.1 %","2","100.0 %","31.9 %","38.1 %","30.1 %","16.8 %","46.3 %","36.9 %","10762"
"J.D. Martinez","Tigers",".389","1.10","22.7 %","40.5 %","36.8 %","2.5 %","19.5 %","10","7.7 %","0","0.0 %","44.9 %","33.0 %","22.1 %","11.2 %","45.5 %","43.3 %","6184"
"Oswaldo Arcia","Twins",".292","0.87","21.5 %","36.6 %","41.9 %","10.7 %","19.4 %","6","6.7 %","0","0.0 %","49.6 %","35.4 %","15.0 %","16.7 %","51.2 %","32.1 %","10306"
"Paul Goldschmidt","Diamondbacks",".368","1.37","22.4 %","44.8 %","32.8 %","3.1 %","19.4 %","8","6.0 %","0","0.0 %","39.1 %","32.1 %","28.8 %","10.0 %","45.8 %","44.2 %","9218"
"Colby Rasmus","Blue Jays",".294","0.81","23.3 %","34.2 %","42.5 %","11.8 %","19.4 %","2","2.7 %","3","100.0 %","52.3 %","27.5 %","20.3 %","14.4 %","45.1 %","40.5 %","9893"
"Avisail Garcia","White Sox",".285","1.97","15.4 %","56.2 %","28.5 %","10.8 %","18.9 %","5","6.8 %","0","0.0 %","37.7 %","36.9 %","25.4 %","19.2 %","54.6 %","26.2 %","5760"
"Anthony Rizzo","Cubs",".311","0.86","22.1 %","36.1 %","41.8 %","5.9 %","18.8 %","5","3.4 %","3","60.0 %","44.7 %","35.9 %","19.4 %","15.8 %","52.7 %","31.6 %","3473"
"Kristopher Negron","Reds",".337","1.63","17.6 %","51.0 %","31.4 %","3.1 %","18.8 %","3","5.8 %","1","33.3 %","28.6 %","40.0 %","31.4 %","15.2 %","53.3 %","31.4 %","5306"
"Mike Olt","Cubs",".203","0.78","12.3 %","38.5 %","49.2 %","10.9 %","18.8 %","2","4.0 %","0","0.0 %","44.6 %","29.2 %","26.2 %","20.8 %","43.9 %","35.4 %","10698"
"Adam Dunn","- - -",".286","0.77","23.7 %","33.2 %","43.1 %","3.4 %","18.6 %","3","3.3 %","0","0.0 %","44.9 %","32.5 %","22.6 %","17.2 %","50.4 %","32.5 %","319"
"David Ross","Red Sox",".239","0.95","21.3 %","38.3 %","40.4 %","15.8 %","18.4 %","1","2.8 %","0","0.0 %","50.5 %","32.0 %","17.5 %","19.6 %","52.6 %","27.8 %","1551"
"Edwin Encarnacion","Blue Jays",".260","0.77","16.4 %","36.4 %","47.2 %","13.9 %","18.2 %","8","5.6 %","0","0.0 %","55.3 %","27.3 %","17.4 %","15.4 %","46.5 %","38.1 %","2151"
"Ian Desmond","Nationals",".326","1.56","17.8 %","50.1 %","32.1 %","12.9 %","18.2 %","15","7.3 %","1","50.0 %","36.6 %","33.4 %","30.0 %","16.0 %","51.6 %","32.5 %","6885"
"Tyler Moore","Nationals",".293","1.23","21.0 %","43.5 %","35.5 %","9.1 %","18.2 %","1","3.7 %","0","0.0 %","46.8 %","29.0 %","24.2 %","12.9 %","53.2 %","33.9 %","7244"
"Michael McKenry","Rockies",".381","1.02","29.4 %","35.7 %","34.9 %","11.4 %","18.2 %","1","2.2 %","0","0.0 %","44.1 %","33.9 %","22.1 %","18.1 %","50.4 %","31.5 %","9628"
"Brandon Belt","Giants",".288","0.86","18.0 %","38.0 %","44.0 %","9.1 %","18.2 %","2","3.5 %","0","0.0 %","48.3 %","30.5 %","21.2 %","15.9 %","54.3 %","29.8 %","10264"
"Jose Bautista","Blue Jays",".287","0.97","17.9 %","40.4 %","41.7 %","15.0 %","18.1 %","15","8.0 %","1","100.0 %","50.0 %","28.2 %","21.8 %","16.8 %","48.5 %","34.7 %","1887"
"Evan Gattis","Braves",".298","0.87","16.8 %","38.7 %","44.5 %","9.8 %","18.0 %","9","8.5 %","0","0.0 %","48.2 %","28.8 %","23.0 %","16.4 %","44.9 %","38.7 %","11003"
"Justin Upton","Braves",".332","0.99","20.1 %","39.7 %","40.2 %","8.6 %","17.9 %","8","5.0 %","0","0.0 %","37.5 %","34.0 %","28.5 %","17.4 %","44.4 %","38.2 %","5222"
"David Ortiz","Red Sox",".256","0.80","17.7 %","36.6 %","45.7 %","6.1 %","17.9 %","6","3.8 %","0","0.0 %","46.2 %","33.8 %","20.1 %","10.7 %","44.3 %","45.0 %","745"
"Mike Trout","Angels",".349","0.72","18.9 %","33.9 %","47.2 %","7.4 %","17.8 %","23","15.9 %","0","0.0 %","36.9 %","35.5 %","27.6 %","16.6 %","45.1 %","38.3 %","10155"
"Rickie Weeks Jr.","Brewers",".355","2.27","18.3 %","56.7 %","25.0 %","2.2 %","17.8 %","13","12.7 %","0","0.0 %","40.0 %","42.2 %","17.8 %","16.7 %","53.3 %","30.0 %","1849"
"Mark Teixeira","Yankees",".233","1.11","21.2 %","41.5 %","37.3 %","6.4 %","17.6 %","5","3.6 %","0","0.0 %","55.5 %","29.3 %","15.2 %","16.1 %","49.0 %","34.9 %","1281"
"Mark Reynolds","Brewers",".218","0.79","13.8 %","38.1 %","48.1 %","21.6 %","17.6 %","8","8.1 %","0","0.0 %","48.3 %","27.6 %","24.1 %","19.9 %","47.9 %","32.2 %","7619"
"Steve Pearce","Orioles",".322","0.77","19.4 %","35.0 %","45.6 %","9.2 %","17.5 %","8","8.7 %","0","0.0 %","53.6 %","30.0 %","16.4 %","15.2 %","50.2 %","34.6 %","9957"
"Drew Stubbs","Rockies",".404","1.29","21.0 %","44.4 %","34.5 %","5.7 %","17.2 %","16","14.3 %","2","40.0 %","43.2 %","34.2 %","22.6 %","14.0 %","49.4 %","36.6 %","9328"
"Scott Van Slyke","Dodgers",".394","0.78","20.3 %","35.0 %","44.8 %","10.9 %","17.2 %","3","6.0 %","0","0.0 %","46.9 %","30.8 %","22.4 %","19.6 %","42.7 %","37.8 %","4365"
"Kennys Vargas","Twins",".340","1.40","18.6 %","47.4 %","34.0 %","5.7 %","17.0 %","6","8.1 %","0","0.0 %","44.9 %","29.5 %","25.6 %","22.4 %","46.8 %","30.8 %","12101"
"Javier Baez","Cubs",".248","0.91","13.7 %","41.0 %","45.3 %","20.8 %","17.0 %","4","8.3 %","0","0.0 %","48.3 %","31.4 %","20.3 %","18.6 %","50.0 %","31.4 %","12979"
"Todd Frazier","Reds",".309","1.11","21.7 %","41.2 %","37.1 %","8.8 %","17.0 %","16","8.4 %","0","0.0 %","37.7 %","37.7 %","24.7 %","16.9 %","48.9 %","34.2 %","785"
"Marcell Ozuna","Marlins",".337","1.44","17.5 %","48.6 %","33.8 %","7.3 %","16.8 %","15","7.6 %","1","100.0 %","37.0 %","36.5 %","26.6 %","14.8 %","47.0 %","38.2 %","10324"
"Wilson Ramos","Nationals",".290","2.41","21.6 %","55.4 %","23.0 %","4.5 %","16.7 %","4","2.5 %","0","0.0 %","35.9 %","36.2 %","27.9 %","22.0 %","50.5 %","27.5 %","1433"
"Mike Napoli","Red Sox",".321","1.26","18.9 %","45.3 %","35.8 %","7.8 %","16.7 %","8","6.2 %","0","0.0 %","42.5 %","34.7 %","22.8 %","17.5 %","46.0 %","36.5 %","3057"
"Travis Snider","Pirates",".298","1.58","19.4 %","49.4 %","31.2 %","12.7 %","16.5 %","7","5.6 %","2","66.7 %","38.3 %","36.3 %","25.4 %","20.3 %","53.1 %","26.6 %","2830"
"Pedro Alvarez","Pirates",".277","1.16","15.8 %","45.3 %","38.9 %","9.0 %","16.2 %","7","5.4 %","0","0.0 %","36.8 %","37.9 %","25.3 %","17.5 %","44.6 %","37.9 %","2495"
"Ryan Howard","Phillies",".288","1.09","22.1 %","40.6 %","37.2 %","1.4 %","16.1 %","10","6.4 %","0","0.0 %","44.8 %","32.6 %","22.7 %","14.8 %","51.6 %","33.6 %","2154"
"Carlos Santana","Indians",".249","0.99","19.5 %","40.1 %","40.4 %","14.9 %","16.1 %","11","6.6 %","3","75.0 %","60.5 %","23.1 %","16.4 %","20.0 %","45.0 %","35.0 %","2396"
"Adam LaRoche","Nationals",".277","0.89","22.1 %","36.6 %","41.2 %","4.9 %","16.0 %","6","4.2 %","1","100.0 %","43.2 %","35.8 %","21.1 %","11.4 %","51.3 %","37.3 %","1904"
"Lucas Duda","Mets",".283","0.63","20.4 %","30.6 %","49.0 %","7.0 %","16.0 %","5","4.3 %","1","100.0 %","44.1 %","34.7 %","21.2 %","15.1 %","43.6 %","41.3 %","2502"
"Victor Martinez","Tigers",".316","1.07","21.3 %","40.6 %","38.1 %","5.0 %","16.0 %","9","4.2 %","0","0.0 %","50.3 %","29.9 %","19.8 %","10.1 %","50.5 %","39.4 %","393"
"Jon Singleton","Astros",".238","0.85","14.1 %","39.5 %","46.3 %","20.7 %","15.9 %","3","4.3 %","0","0.0 %","47.5 %","30.5 %","22.0 %","22.0 %","48.6 %","29.4 %","10441"
"Adam Jones","Orioles",".311","1.32","17.5 %","47.0 %","35.5 %","13.7 %","15.8 %","20","8.3 %","2","66.7 %","43.1 %","30.9 %","26.1 %","20.7 %","46.3 %","33.0 %","6368"
"Sean Rodriguez","Rays",".235","0.87","17.0 %","38.6 %","44.4 %","11.8 %","15.8 %","4","6.1 %","2","33.3 %","54.8 %","24.9 %","20.3 %","19.2 %","46.3 %","34.5 %","6589"
"Mike Zunino","Mariners",".248","0.69","16.6 %","33.9 %","49.5 %","5.7 %","15.7 %","4","4.2 %","0","0.0 %","49.3 %","31.7 %","19.0 %","14.8 %","54.2 %","31.0 %","13265"
"Carlos Gonzalez","Rockies",".283","1.25","15.3 %","47.1 %","37.6 %","7.0 %","15.5 %","2","2.2 %","2","100.0 %","40.8 %","34.6 %","24.6 %","15.2 %","50.3 %","34.6 %","7287"
"Bryce Harper","Nationals",".352","1.26","21.8 %","43.6 %","34.6 %","8.3 %","15.5 %","9","8.5 %","2","22.2 %","38.9 %","35.3 %","25.8 %","17.9 %","52.0 %","30.2 %","11579"
"C.J. Cron","Angels",".300","0.88","25.4 %","34.8 %","39.8 %","16.7 %","15.3 %","2","3.2 %","0","0.0 %","46.4 %","32.0 %","21.6 %","18.8 %","47.5 %","33.7 %","12546"
"Jay Bruce","Reds",".269","1.33","20.7 %","45.2 %","34.0 %","5.1 %","15.3 %","8","5.1 %","0","0.0 %","48.9 %","31.1 %","20.0 %","10.9 %","56.3 %","32.9 %","9892"
"Marlon Byrd","Phillies",".341","0.92","22.7 %","36.9 %","40.3 %","11.5 %","15.2 %","9","6.0 %","0","0.0 %","45.2 %","32.0 %","22.7 %","16.1 %","47.7 %","36.2 %","950"
"Michael Morse","Giants",".348","1.37","21.8 %","45.2 %","33.0 %","7.5 %","15.1 %","6","4.1 %","0","0.0 %","33.0 %","38.0 %","29.0 %","17.8 %","50.2 %","32.1 %","3035"
"Alex Avila","Tigers",".322","1.47","25.0 %","44.6 %","30.4 %","2.7 %","15.1 %","6","5.6 %","0","0.0 %","52.1 %","29.3 %","18.6 %","9.9 %","50.4 %","39.7 %","7476"
"Tommy Medica","Padres",".299","1.25","18.7 %","45.2 %","36.1 %","20.0 %","15.0 %","5","6.7 %","0","0.0 %","42.8 %","30.7 %","26.5 %","21.1 %","47.6 %","31.3 %","11147"
"Manny Machado","Orioles",".317","1.58","20.5 %","48.6 %","30.9 %","12.5 %","15.0 %","8","6.3 %","2","50.0 %","41.1 %","35.7 %","23.2 %","19.0 %","51.7 %","29.3 %","11493"
"Robinson Chirinos","Rangers",".265","1.13","20.9 %","41.9 %","37.2 %","10.3 %","14.9 %","4","4.1 %","1","11.1 %","43.2 %","32.9 %","23.9 %","20.2 %","49.8 %","30.0 %","3142"
"Brandon Moss","Athletics",".283","0.62","21.0 %","30.3 %","48.7 %","9.5 %","14.8 %","3","2.9 %","2","66.7 %","45.4 %","34.0 %","20.6 %","16.3 %","50.6 %","33.1 %","4467"
"Arismendy Alcantara","Cubs",".266","1.38","12.0 %","51.1 %","37.0 %","11.8 %","14.7 %","7","7.4 %","2","50.0 %","50.0 %","27.7 %","22.3 %","20.2 %","54.3 %","25.5 %","10711"
"Yasmani Grandal","Padres",".277","1.12","19.4 %","42.5 %","38.1 %","10.8 %","14.7 %","2","1.8 %","0","0.0 %","34.7 %","39.9 %","25.4 %","22.4 %","41.8 %","35.8 %","11368"
"Josh Donaldson","Athletics",".278","1.11","13.5 %","45.4 %","41.1 %","9.1 %","14.6 %","13","5.9 %","0","0.0 %","40.0 %","36.1 %","23.9 %","15.6 %","49.8 %","34.7 %","5038"
"Adrian Gonzalez","Dodgers",".294","1.02","23.7 %","38.4 %","37.8 %","3.8 %","14.6 %","3","1.6 %","1","100.0 %","37.6 %","34.1 %","28.4 %","12.5 %","48.8 %","38.8 %","1908"
"Khris Davis","Brewers",".275","0.98","21.4 %","38.9 %","39.7 %","3.3 %","14.5 %","11","7.4 %","1","50.0 %","43.6 %","33.0 %","23.4 %","10.9 %","48.8 %","40.3 %","9112"
"Brett Lawrie","Blue Jays",".260","1.19","13.7 %","46.9 %","39.3 %","18.1 %","14.5 %","9","9.1 %","0","0.0 %","37.3 %","28.3 %","34.4 %","18.9 %","47.6 %","33.5 %","5247"
"Yan Gomes","Indians",".326","0.93","24.0 %","36.7 %","39.4 %","9.6 %","14.4 %","10","7.4 %","0","0.0 %","42.6 %","30.2 %","27.2 %","16.4 %","52.6 %","31.0 %","9627"
"Josh Willingham","- - -",".269","0.73","15.0 %","36.0 %","49.0 %","14.3 %","14.3 %","8","11.1 %","0","0.0 %","51.5 %","29.0 %","19.5 %","16.0 %","45.5 %","38.5 %","2103"
"Kirk Nieuwenhuis","Mets",".361","1.43","31.1 %","40.5 %","28.4 %","4.8 %","14.3 %","0","0.0 %","1","100.0 %","45.3 %","38.7 %","16.0 %","21.3 %","38.7 %","40.0 %","6400"
"Mark Trumbo","Diamondbacks",".274","1.11","15.2 %","44.7 %","40.2 %","12.2 %","14.3 %","9","8.3 %","0","0.0 %","34.0 %","39.3 %","26.6 %","19.3 %","45.5 %","35.3 %","6876"
"Jake Lamb","Diamondbacks",".291","1.68","16.7 %","52.2 %","31.1 %","14.3 %","14.3 %","2","4.3 %","0","0.0 %","44.4 %","30.0 %","25.6 %","16.7 %","51.1 %","32.2 %","13329"
"Dayan Viciedo","White Sox",".261","1.24","17.3 %","45.8 %","36.9 %","12.1 %","14.1 %","12","6.5 %","0","0.0 %","36.6 %","35.4 %","28.0 %","18.8 %","48.0 %","33.2 %","3917"
"Miguel Cabrera","Tigers",".346","1.13","24.8 %","40.0 %","35.2 %","5.6 %","14.0 %","10","5.0 %","0","0.0 %","37.8 %","37.0 %","25.2 %","10.5 %","44.6 %","45.0 %","1744"
"Josmil Pinto","Twins",".261","1.14","12.3 %","46.7 %","41.0 %","14.0 %","14.0 %","3","5.3 %","0","0.0 %","43.4 %","34.4 %","22.1 %","18.0 %","45.9 %","36.1 %","6806"
"Neil Walker","Pirates",".288","0.99","22.6 %","38.4 %","38.9 %","10.9 %","13.9 %","2","1.2 %","2","66.7 %","42.6 %","34.2 %","23.2 %","18.7 %","52.7 %","28.6 %","7539"
"J.P. Arencibia","Rangers",".195","0.67","16.1 %","33.6 %","50.3 %","15.3 %","13.9 %","1","2.1 %","0","0.0 %","47.6 %","24.5 %","28.0 %","14.0 %","49.0 %","37.1 %","697"
"Erik Kratz","- - -",".226","1.00","18.2 %","40.9 %","40.9 %","13.9 %","13.9 %","1","2.8 %","1","100.0 %","47.2 %","33.7 %","19.1 %","14.6 %","52.8 %","32.6 %","4403"
"Albert Pujols","Angels",".265","1.29","18.9 %","45.7 %","35.4 %","12.9 %","13.9 %","14","5.4 %","0","0.0 %","51.0 %","29.8 %","19.3 %","14.5 %","49.4 %","36.1 %","1177"
"Ryan Braun","Brewers",".304","1.43","19.9 %","47.1 %","33.0 %","7.2 %","13.8 %","12","6.1 %","1","100.0 %","35.1 %","33.9 %","31.0 %","16.5 %","49.9 %","33.7 %","3410"
"Andrew McCutchen","Pirates",".355","0.96","18.7 %","39.9 %","41.5 %","8.8 %","13.7 %","22","12.6 %","0","0.0 %","44.2 %","32.6 %","23.2 %","11.9 %","47.6 %","40.6 %","9847"
"Matt Wieters","Orioles",".329","0.65","29.9 %","27.6 %","42.5 %","8.1 %","13.5 %","2","8.3 %","0","0.0 %","34.5 %","40.2 %","25.3 %","12.6 %","48.3 %","39.1 %","4298"
"John Mayberry","- - -",".229","0.77","17.9 %","35.7 %","46.4 %","21.2 %","13.5 %","1","2.5 %","0","0.0 %","51.8 %","28.6 %","19.6 %","31.3 %","42.9 %","25.9 %","3390"
"Jonathan Villar","Astros",".271","1.73","18.9 %","51.4 %","29.7 %","3.8 %","13.5 %","2","2.2 %","4","30.8 %","34.0 %","37.8 %","28.2 %","23.9 %","46.8 %","29.3 %","10071"
"Buster Posey","Giants",".319","1.24","24.3 %","41.9 %","33.8 %","2.4 %","13.4 %","9","4.4 %","1","100.0 %","41.4 %","37.2 %","21.4 %","14.0 %","51.4 %","34.6 %","9166"
"Shin-Soo Choo","Rangers",".308","1.68","20.2 %","50.0 %","29.8 %","0.0 %","13.4 %","8","4.9 %","0","0.0 %","38.7 %","35.1 %","26.2 %","12.8 %","50.6 %","36.6 %","3174"
"Kole Calhoun","Angels",".313","1.35","23.8 %","43.7 %","32.5 %","9.4 %","13.4 %","10","5.8 %","0","0.0 %","43.3 %","34.9 %","21.9 %","20.9 %","50.1 %","29.0 %","11200"
"Carlos Gomez","Brewers",".339","0.92","21.6 %","37.5 %","40.9 %","12.8 %","13.4 %","20","12.7 %","9","56.3 %","43.7 %","32.3 %","24.0 %","18.5 %","45.5 %","35.9 %","4881"
"Brandon Barnes","Rockies",".364","1.45","21.4 %","46.5 %","32.1 %","5.0 %","13.3 %","6","6.9 %","4","36.4 %","35.9 %","32.3 %","31.8 %","15.7 %","56.6 %","27.8 %","629"
"Donnie Murphy","Rangers",".247","1.20","13.2 %","47.4 %","39.5 %","10.0 %","13.3 %","4","11.1 %","0","0.0 %","46.2 %","33.3 %","20.5 %","24.4 %","47.4 %","28.2 %","4704"
"Wilin Rosario","Rockies",".293","1.62","18.9 %","50.2 %","30.9 %","9.2 %","13.3 %","11","6.9 %","0","0.0 %","42.6 %","36.6 %","20.8 %","19.6 %","53.9 %","26.5 %","8002"
"Michael Saunders","Mariners",".327","1.15","22.0 %","41.7 %","36.3 %","4.9 %","13.1 %","7","10.0 %","5","50.0 %","42.1 %","34.8 %","23.0 %","9.6 %","53.4 %","37.1 %","9981"
"Jonathan Schoop","Orioles",".249","1.34","13.9 %","49.2 %","36.9 %","16.4 %","13.1 %","14","8.6 %","1","14.3 %","49.7 %","31.7 %","18.6 %","23.1 %","50.9 %","26.0 %","11265"
"Michael Choice","Rangers",".208","1.35","13.4 %","49.7 %","36.9 %","14.5 %","13.0 %","4","4.3 %","0","0.0 %","39.0 %","40.1 %","20.9 %","21.4 %","52.9 %","25.7 %","11376"
"Kevin Kiermaier","Rays",".306","1.71","16.7 %","52.6 %","30.7 %","13.0 %","13.0 %","11","8.3 %","4","25.0 %","45.3 %","32.6 %","22.1 %","20.2 %","52.8 %","27.0 %","11038"
"Delmon Young","Orioles",".359","1.78","21.5 %","50.3 %","28.3 %","11.1 %","13.0 %","6","6.3 %","0","0.0 %","46.6 %","30.4 %","23.0 %","15.2 %","55.0 %","29.8 %","2140"
"Kyle Seager","Mariners",".296","0.89","22.2 %","36.7 %","41.1 %","6.7 %","12.9 %","9","5.2 %","1","25.0 %","49.4 %","28.8 %","21.9 %","13.7 %","48.5 %","37.8 %","9785"
"Chris Colabello","Twins",".308","1.55","13.7 %","52.5 %","33.8 %","4.3 %","12.8 %","4","5.5 %","0","0.0 %","39.6 %","34.5 %","25.9 %","16.6 %","49.6 %","33.8 %","13051"
"Starling Marte","Pirates",".373","1.62","23.5 %","47.3 %","29.2 %","4.9 %","12.7 %","24","14.5 %","7","46.7 %","39.0 %","37.9 %","23.1 %","17.6 %","49.5 %","33.0 %","9241"
"Michael Brantley","Indians",".333","1.64","25.7 %","46.1 %","28.2 %","3.8 %","12.7 %","10","3.9 %","2","66.7 %","42.5 %","35.4 %","22.1 %","13.2 %","53.0 %","33.8 %","4106"
"Jason Castro","Astros",".294","1.26","19.6 %","44.8 %","35.6 %","6.2 %","12.4 %","9","6.3 %","0","0.0 %","42.1 %","33.0 %","24.8 %","15.7 %","54.4 %","29.9 %","8722"
"Jhonny Peralta","Cardinals",".292","1.05","23.0 %","39.4 %","37.6 %","11.2 %","12.4 %","9","5.1 %","0","0.0 %","48.2 %","28.1 %","23.7 %","17.3 %","48.9 %","33.9 %","1738"
"Danny Espinosa","Nationals",".319","1.31","21.9 %","44.3 %","33.9 %","12.3 %","12.3 %","5","5.9 %","10","50.0 %","54.3 %","29.3 %","16.5 %","20.3 %","43.4 %","36.3 %","9219"
"Brian McCann","Yankees",".231","0.72","22.2 %","32.7 %","45.1 %","11.1 %","12.2 %","4","2.9 %","1","33.3 %","44.1 %","33.4 %","22.5 %","15.2 %","53.8 %","31.0 %","4810"
"Martin Maldonado","Brewers",".293","0.79","18.1 %","36.1 %","45.8 %","24.2 %","12.1 %","2","7.7 %","3","42.9 %","41.8 %","32.9 %","25.3 %","21.5 %","50.6 %","27.9 %","6887"
"Kelly Johnson","- - -",".266","1.64","21.1 %","49.0 %","29.9 %","3.4 %","12.1 %","4","4.2 %","0","0.0 %","47.7 %","35.4 %","16.9 %","16.9 %","57.4 %","25.6 %","2234"
"Chris Valaika","Cubs",".298","1.76","20.7 %","50.6 %","28.7 %","8.0 %","12.0 %","1","2.3 %","0","0.0 %","39.1 %","33.3 %","27.6 %","9.2 %","62.1 %","28.7 %","1165"
"L.J. Hoes","Astros",".198","2.04","19.1 %","54.3 %","26.6 %","4.0 %","12.0 %","1","2.0 %","0","0.0 %","42.1 %","31.6 %","26.3 %","26.3 %","54.7 %","19.0 %","6656"
"Brandon Hicks","Giants",".208","0.58","16.5 %","30.7 %","52.8 %","9.0 %","11.9 %","3","7.7 %","1","25.0 %","48.9 %","31.3 %","19.9 %","12.2 %","55.7 %","32.1 %","4003"
"Freddie Freeman","Braves",".351","1.13","31.0 %","36.6 %","32.5 %","2.6 %","11.9 %","6","3.5 %","0","0.0 %","42.8 %","34.8 %","22.4 %","11.4 %","48.8 %","39.8 %","5361"
"Torii Hunter","Tigers",".311","1.53","21.3 %","47.6 %","31.0 %","9.0 %","11.8 %","6","2.7 %","2","66.7 %","39.8 %","38.8 %","21.4 %","17.1 %","51.2 %","31.7 %","731"
"Adrian Nieto","White Sox",".348","1.94","26.5 %","48.5 %","25.0 %","11.8 %","11.8 %","5","15.2 %","0","0.0 %","35.2 %","31.0 %","33.8 %","18.3 %","52.1 %","29.6 %","10294"
"Chase Headley","- - -",".301","1.27","27.4 %","40.6 %","32.0 %","5.4 %","11.7 %","6","4.3 %","1","50.0 %","48.7 %","31.2 %","20.1 %","11.5 %","53.3 %","35.2 %","4720"
"Carlos Beltran","Yankees",".252","1.12","16.5 %","44.2 %","39.3 %","14.0 %","11.6 %","4","2.8 %","0","0.0 %","51.5 %","29.0 %","19.5 %","18.3 %","51.5 %","30.2 %","589"
"Jarrod Saltalamacchia","Marlins",".317","0.93","22.1 %","37.4 %","40.4 %","6.3 %","11.6 %","5","5.7 %","0","0.0 %","43.0 %","37.9 %","19.2 %","9.4 %","48.1 %","42.6 %","5557"
"Darin Ruf","Phillies",".304","1.23","19.4 %","44.4 %","36.1 %","7.7 %","11.5 %","1","3.1 %","0","0.0 %","50.7 %","31.5 %","17.8 %","13.7 %","49.3 %","37.0 %","9929"
"Christian Yelich","Marlins",".356","3.42","21.2 %","61.0 %","17.8 %","1.3 %","11.5 %","16","6.0 %","6","50.0 %","27.8 %","40.9 %","31.3 %","15.8 %","50.0 %","34.2 %","11477"
"Welington Castillo","Cubs",".288","1.01","18.9 %","40.7 %","40.4 %","10.6 %","11.5 %","7","6.1 %","0","0.0 %","45.4 %","31.6 %","23.1 %","19.9 %","47.5 %","32.6 %","3256"
"Justin Morneau","Rockies",".330","1.34","23.1 %","44.0 %","32.9 %","10.1 %","11.5 %","8","4.0 %","0","0.0 %","31.8 %","39.1 %","29.1 %","15.3 %","53.1 %","31.6 %","1737"
"Anthony Recker","Mets",".267","0.51","17.9 %","27.7 %","54.5 %","13.1 %","11.5 %","3","9.7 %","1","50.0 %","42.1 %","34.2 %","23.7 %","15.8 %","50.9 %","33.3 %","4063"
"Rene Rivera","Padres",".301","0.80","21.0 %","35.2 %","43.8 %","7.3 %","11.5 %","1","1.3 %","0","0.0 %","46.2 %","31.8 %","22.0 %","14.4 %","52.5 %","33.2 %","3648"
"Nolan Arenado","Rockies",".294","0.90","20.6 %","37.6 %","41.8 %","15.2 %","11.4 %","10","7.0 %","1","50.0 %","45.3 %","37.1 %","17.6 %","17.1 %","49.0 %","34.0 %","9777"
"Ryan Doumit","Braves",".250","1.05","17.4 %","42.2 %","40.4 %","18.2 %","11.4 %","2","4.3 %","0","0.0 %","50.5 %","25.7 %","23.9 %","22.9 %","52.3 %","24.8 %","2113"
"David Freese","Angels",".330","1.90","25.7 %","48.7 %","25.7 %","5.7 %","11.4 %","6","3.6 %","0","0.0 %","34.4 %","38.8 %","26.8 %","15.7 %","45.2 %","39.1 %","9549"
"Russell Martin","Pirates",".336","1.55","19.3 %","49.0 %","31.7 %","9.3 %","11.3 %","17","11.3 %","0","0.0 %","43.5 %","33.1 %","23.4 %","18.5 %","49.7 %","31.8 %","4616"
"Brian Dozier","Twins",".269","0.87","19.9 %","37.2 %","42.9 %","15.8 %","11.3 %","16","9.1 %","1","14.3 %","53.8 %","25.0 %","21.3 %","17.3 %","54.8 %","27.9 %","9810"
"Carlos Corporan","Astros",".264","0.98","21.1 %","39.1 %","39.8 %","7.5 %","11.3 %","1","1.9 %","1","33.3 %","37.5 %","33.1 %","29.4 %","16.9 %","58.8 %","24.3 %","5587"
"Alex Gordon","Royals",".310","1.12","19.3 %","42.6 %","38.1 %","8.9 %","11.3 %","8","4.3 %","0","0.0 %","46.3 %","33.1 %","20.6 %","15.0 %","52.8 %","32.2 %","5209"
"Hunter Pence","Giants",".318","1.54","14.0 %","52.2 %","33.8 %","13.0 %","11.3 %","27","9.9 %","0","0.0 %","42.5 %","32.1 %","25.4 %","24.5 %","47.4 %","28.1 %","8252"
"Junior Lake","Cubs",".293","1.01","15.3 %","42.6 %","42.1 %","10.0 %","11.3 %","4","4.9 %","6","54.5 %","37.8 %","34.3 %","27.9 %","20.9 %","52.2 %","26.9 %","4672"
"Adrian Beltre","Rangers",".345","1.19","22.1 %","42.3 %","35.6 %","2.3 %","11.1 %","16","7.9 %","0","0.0 %","39.0 %","35.6 %","25.4 %","14.0 %","52.7 %","33.3 %","639"
"Matt Holliday","Cardinals",".298","1.21","16.6 %","45.6 %","37.8 %","10.0 %","11.1 %","11","5.1 %","0","0.0 %","33.6 %","36.8 %","29.6 %","15.1 %","45.8 %","39.1 %","1873"
"Caleb Joseph","Orioles",".246","0.72","21.9 %","32.6 %","45.5 %","8.6 %","11.1 %","3","5.2 %","0","0.0 %","48.4 %","33.3 %","18.3 %","12.9 %","57.0 %","30.1 %","7087"
"Yasiel Puig","Dodgers",".356","1.55","14.8 %","51.7 %","33.4 %","7.6 %","11.1 %","25","11.2 %","3","50.0 %","40.1 %","36.2 %","23.8 %","17.4 %","48.1 %","34.6 %","14225"
"Kolten Wong","Cardinals",".275","1.40","18.9 %","47.4 %","33.7 %","11.0 %","11.0 %","11","7.2 %","4","28.6 %","38.6 %","35.3 %","26.1 %","23.7 %","50.5 %","25.8 %","12532"
"Josh Hamilton","Angels",".350","0.96","24.6 %","36.9 %","38.6 %","3.3 %","11.0 %","8","9.2 %","0","0.0 %","42.0 %","32.6 %","25.4 %","16.5 %","50.4 %","33.1 %","1875"
"Brett Gardner","Yankees",".305","1.14","21.6 %","41.7 %","36.7 %","10.3 %","11.0 %","18","10.2 %","2","11.1 %","40.2 %","35.2 %","24.6 %","18.0 %","53.2 %","28.9 %","9927"
"Logan Morrison","Mariners",".287","1.09","23.8 %","39.7 %","36.5 %","18.8 %","10.9 %","3","2.7 %","1","50.0 %","43.0 %","31.2 %","25.8 %","17.9 %","50.5 %","31.5 %","9205"
"Derek Dietrich","Marlins",".270","1.11","19.2 %","42.5 %","38.3 %","15.2 %","10.9 %","1","2.0 %","0","0.0 %","49.2 %","27.9 %","23.0 %","18.0 %","51.6 %","30.3 %","10542"
"Evan Longoria","Rays",".285","0.96","20.4 %","39.0 %","40.6 %","8.4 %","10.8 %","16","8.2 %","0","0.0 %","44.7 %","33.5 %","21.8 %","13.6 %","54.3 %","32.1 %","9368"
"Justin Turner","Dodgers",".404","1.74","23.3 %","48.7 %","28.0 %","3.1 %","10.8 %","6","5.3 %","0","0.0 %","29.7 %","41.0 %","29.3 %","16.0 %","50.9 %","33.2 %","5235"
"Melky Cabrera","Blue Jays",".316","1.67","21.2 %","49.3 %","29.5 %","10.7 %","10.7 %","15","6.0 %","2","66.7 %","39.2 %","34.8 %","26.0 %","14.6 %","54.9 %","30.5 %","4022"
"Joey Votto","Reds",".299","1.25","26.7 %","40.7 %","32.6 %","1.8 %","10.7 %","1","1.4 %","0","0.0 %","35.8 %","30.6 %","33.5 %","13.3 %","54.3 %","32.4 %","4314"
"Robinson Cano","Mariners",".335","2.13","22.6 %","52.6 %","24.7 %","5.3 %","10.7 %","18","6.5 %","0","0.0 %","34.5 %","36.8 %","28.7 %","17.9 %","53.6 %","28.5 %","3269"
"Carl Crawford","Dodgers",".335","1.77","28.3 %","45.9 %","25.9 %","1.3 %","10.7 %","15","11.3 %","1","50.0 %","33.6 %","32.9 %","33.6 %","17.5 %","55.8 %","26.7 %","1201"
"Seth Smith","Padres",".305","1.49","21.1 %","47.2 %","31.7 %","0.9 %","10.5 %","6","3.5 %","0","0.0 %","46.4 %","29.7 %","23.9 %","15.6 %","51.4 %","33.1 %","7331"
"Marc Krauss","Astros",".238","0.88","18.9 %","37.9 %","43.2 %","8.8 %","10.5 %","1","2.0 %","0","0.0 %","46.2 %","31.1 %","22.7 %","15.2 %","57.6 %","27.3 %","7577"
"Travis d'Arnaud","Mets",".259","1.08","19.6 %","41.7 %","38.6 %","11.3 %","10.5 %","6","4.5 %","0","0.0 %","39.0 %","35.9 %","25.1 %","20.4 %","46.1 %","33.4 %","7739"
"Hanley Ramirez","Dodgers",".323","1.33","21.0 %","45.1 %","33.9 %","12.1 %","10.5 %","11","6.7 %","0","0.0 %","43.2 %","34.4 %","22.4 %","17.5 %","49.7 %","32.8 %","8001"
"Anthony Rendon","Nationals",".314","1.01","20.4 %","40.0 %","39.6 %","6.9 %","10.4 %","14","6.9 %","3","50.0 %","39.0 %","33.9 %","27.1 %","14.7 %","47.5 %","37.8 %","12861"
"Charlie Blackmon","Rockies",".315","1.12","21.6 %","41.4 %","37.0 %","13.1 %","10.4 %","19","9.3 %","5","41.7 %","41.2 %","33.1 %","25.6 %","21.1 %","50.5 %","28.4 %","7859"
"Ike Davis","- - -",".265","1.06","23.1 %","39.5 %","37.4 %","13.1 %","10.3 %","6","5.3 %","0","0.0 %","38.5 %","36.7 %","24.8 %","20.6 %","46.9 %","32.5 %","8433"
"Gregory Polanco","Pirates",".272","1.58","19.1 %","49.5 %","31.4 %","11.6 %","10.1 %","10","9.2 %","0","0.0 %","39.2 %","36.0 %","24.8 %","21.2 %","54.5 %","24.3 %","12907"
"Starlin Castro","Cubs",".337","1.40","22.3 %","45.3 %","32.3 %","10.1 %","10.1 %","12","6.2 %","0","0.0 %","40.2 %","38.1 %","21.6 %","16.1 %","54.9 %","29.1 %","4579"
"Curtis Granderson","Mets",".265","0.73","18.9 %","34.2 %","46.9 %","9.0 %","10.1 %","11","7.6 %","3","75.0 %","54.9 %","26.4 %","18.7 %","13.6 %","54.0 %","32.5 %","4747"
"Jordany Valdespin","Marlins",".228","1.27","10.5 %","50.0 %","39.5 %","26.7 %","10.0 %","2","5.3 %","4","33.3 %","40.9 %","36.4 %","22.7 %","22.7 %","52.3 %","25.0 %","5098"
"Justin Ruggiano","Cubs",".375","1.08","19.9 %","41.7 %","38.5 %","6.7 %","10.0 %","7","10.8 %","1","33.3 %","35.9 %","37.1 %","27.0 %","17.6 %","53.5 %","28.9 %","7620"
"Miguel Montero","Diamondbacks",".275","1.39","20.8 %","46.1 %","33.2 %","6.1 %","9.9 %","11","6.0 %","3","100.0 %","39.2 %","32.7 %","28.1 %","17.1 %","50.5 %","32.4 %","3364"
"Ryan Flaherty","Orioles",".266","1.39","18.7 %","47.4 %","34.0 %","8.5 %","9.9 %","3","3.0 %","2","25.0 %","47.0 %","35.0 %","18.0 %","23.0 %","48.4 %","28.6 %","7888"
"Jacoby Ellsbury","Yankees",".296","1.25","24.7 %","41.8 %","33.5 %","9.2 %","9.8 %","8","3.9 %","2","66.7 %","38.0 %","36.6 %","25.4 %","17.0 %","54.6 %","28.4 %","4727"
"Justin Smoak","Mariners",".243","1.08","18.5 %","42.4 %","39.1 %","8.3 %","9.7 %","5","6.4 %","0","0.0 %","45.7 %","31.5 %","22.8 %","16.9 %","46.7 %","36.4 %","9054"
"Marcus Semien","White Sox",".310","1.03","20.8 %","40.3 %","39.0 %","9.7 %","9.7 %","7","10.9 %","1","25.0 %","43.6 %","34.4 %","22.1 %","14.7 %","60.7 %","24.5 %","12533"
"David Peralta","Diamondbacks",".328","1.55","21.2 %","48.0 %","30.9 %","10.8 %","9.6 %","4","3.1 %","0","0.0 %","46.3 %","37.0 %","16.7 %","17.4 %","52.2 %","30.4 %","2136"
"Brad Miller","Mariners",".268","1.10","19.3 %","42.2 %","38.5 %","12.5 %","9.6 %","9","7.9 %","2","25.0 %","39.6 %","36.3 %","24.1 %","19.4 %","50.0 %","30.6 %","12775"
"John Jaso","Athletics",".300","0.97","25.7 %","36.5 %","37.8 %","6.4 %","9.6 %","3","3.3 %","0","0.0 %","47.8 %","32.9 %","19.3 %","14.9 %","55.0 %","30.1 %","5887"
"Yoenis Cespedes","- - -",".293","0.70","18.4 %","33.6 %","48.0 %","12.6 %","9.6 %","19","11.8 %","0","0.0 %","45.1 %","30.5 %","24.4 %","18.4 %","50.5 %","31.1 %","13110"
"Jimmy Rollins","Phillies",".269","0.99","19.3 %","40.2 %","40.5 %","12.4 %","9.6 %","15","8.5 %","0","0.0 %","54.5 %","30.2 %","15.3 %","19.6 %","54.3 %","26.1 %","971"
"Nick Hundley","- - -",".309","0.94","22.8 %","37.3 %","39.9 %","9.5 %","9.5 %","2","3.4 %","1","50.0 %","42.5 %","35.6 %","21.9 %","18.1 %","50.0 %","31.9 %","3376"
"Chris Dickerson","Indians",".345","1.24","21.7 %","43.3 %","35.0 %","0.0 %","9.5 %","1","3.8 %","0","0.0 %","43.6 %","30.7 %","25.8 %","9.7 %","56.5 %","33.9 %","7095"
"Jedd Gyorko","Padres",".253","1.26","21.8 %","43.6 %","34.7 %","8.6 %","9.5 %","6","4.5 %","0","0.0 %","41.9 %","34.0 %","24.1 %","16.8 %","54.1 %","29.0 %","10816"
"Cody Asche","Phillies",".315","1.15","23.6 %","40.9 %","35.5 %","8.6 %","9.5 %","9","7.4 %","0","0.0 %","48.8 %","27.1 %","24.1 %","18.1 %","52.5 %","29.4 %","11997"
"A.J. Pollock","Diamondbacks",".344","1.54","14.2 %","52.1 %","33.8 %","9.5 %","9.5 %","15","13.2 %","0","0.0 %","41.8 %","39.6 %","18.6 %","14.6 %","55.5 %","30.0 %","9256"
"Mike Moustakas","Royals",".220","0.94","20.2 %","38.6 %","41.2 %","15.1 %","9.4 %","2","1.3 %","0","0.0 %","50.5 %","28.1 %","21.4 %","21.7 %","46.7 %","31.7 %","4892"
"Derek Norris","Athletics",".324","1.30","18.7 %","46.0 %","35.3 %","15.1 %","9.4 %","16","11.6 %","0","0.0 %","48.2 %","30.9 %","20.9 %","22.3 %","47.8 %","29.9 %","6867"
"Jayson Werth","Nationals",".343","0.99","20.0 %","39.9 %","40.1 %","8.2 %","9.4 %","11","6.5 %","0","0.0 %","35.4 %","40.6 %","24.1 %","15.3 %","45.5 %","39.2 %","1327"
"Chris Coghlan","Cubs",".337","1.36","25.6 %","43.0 %","31.5 %","9.4 %","9.4 %","5","3.8 %","0","0.0 %","39.5 %","36.3 %","24.3 %","15.2 %","55.0 %","29.8 %","6878"
"Matt Dominguez","Astros",".244","1.15","17.7 %","43.9 %","38.3 %","11.1 %","9.4 %","6","3.1 %","0","0.0 %","35.3 %","38.8 %","25.9 %","18.3 %","52.2 %","29.5 %","4903"
"Chris Johnson","Braves",".345","1.91","26.8 %","48.0 %","25.2 %","1.9 %","9.3 %","6","2.9 %","0","0.0 %","36.3 %","37.7 %","26.0 %","14.5 %","59.0 %","26.5 %","1191"
"Dustin Ackley","Mariners",".273","1.25","18.4 %","45.3 %","36.3 %","9.3 %","9.3 %","7","3.7 %","0","0.0 %","37.4 %","35.0 %","27.6 %","17.3 %","52.3 %","30.5 %","10099"
"Carlos Quentin","Padres",".196","1.05","12.9 %","44.6 %","42.6 %","14.0 %","9.3 %","3","6.7 %","0","0.0 %","55.5 %","29.7 %","14.9 %","21.8 %","50.5 %","27.7 %","6274"
"Garrett Jones","Marlins",".290","0.88","19.7 %","37.6 %","42.6 %","8.0 %","9.3 %","9","6.3 %","3","75.0 %","46.6 %","30.0 %","23.4 %","15.6 %","47.1 %","37.2 %","2714"
"Allen Craig","- - -",".266","2.17","21.1 %","54.0 %","24.9 %","1.1 %","9.2 %","15","7.9 %","0","0.0 %","37.1 %","30.9 %","32.0 %","19.7 %","49.7 %","30.6 %","3433"
"Luis Valbuena","Cubs",".294","0.66","20.4 %","31.5 %","48.1 %","9.8 %","9.2 %","3","2.6 %","3","60.0 %","47.7 %","27.5 %","24.8 %","15.0 %","48.8 %","36.2 %","4969"
"Aramis Ramirez","Brewers",".310","0.99","22.5 %","38.6 %","38.9 %","11.0 %","9.1 %","5","3.1 %","0","0.0 %","44.1 %","33.2 %","22.8 %","15.9 %","47.2 %","37.0 %","1002"
"Ryan Ludwick","Reds",".302","0.99","26.2 %","36.7 %","37.1 %","12.1 %","9.1 %","10","10.2 %","0","0.0 %","48.5 %","29.1 %","22.4 %","16.8 %","52.2 %","31.0 %","1260"
"Freddy Galvis","Phillies",".198","0.82","8.0 %","41.4 %","50.6 %","20.5 %","9.1 %","2","5.6 %","1","33.3 %","38.9 %","36.7 %","24.4 %","28.9 %","45.6 %","25.6 %","6609"
"Everth Cabrera","Padres",".294","5.45","20.8 %","66.9 %","12.3 %","3.0 %","9.1 %","15","8.3 %","3","20.0 %","29.9 %","37.0 %","33.1 %","20.8 %","60.9 %","18.3 %","8155"
"Ryan Rua","Rangers",".341","2.05","23.0 %","51.7 %","25.3 %","13.6 %","9.1 %","3","6.7 %","0","0.0 %","42.5 %","34.5 %","23.0 %","20.7 %","50.6 %","28.7 %","12409"
"Melvin Upton Jr.","Braves",".286","1.11","18.1 %","43.1 %","38.8 %","10.5 %","9.0 %","13","8.8 %","2","25.0 %","41.0 %","32.8 %","26.2 %","16.8 %","50.4 %","32.8 %","5015"
"David DeJesus","Rays",".280","1.27","21.6 %","43.8 %","34.5 %","9.0 %","9.0 %","3","3.5 %","0","0.0 %","44.6 %","29.2 %","26.2 %","19.0 %","56.4 %","24.6 %","1825"
"Marwin Gonzalez","Astros",".330","1.72","18.4 %","51.6 %","30.0 %","7.5 %","9.0 %","5","4.3 %","2","25.0 %","40.7 %","31.6 %","27.7 %","17.8 %","55.4 %","26.8 %","5497"
"Lonnie Chisenhall","Indians",".328","0.99","23.7 %","37.9 %","38.4 %","7.5 %","8.9 %","6","4.2 %","2","33.3 %","39.4 %","31.4 %","29.3 %","17.6 %","58.3 %","24.1 %","7571"
"Martin Prado","- - -",".310","1.65","22.0 %","48.6 %","29.4 %","12.6 %","8.9 %","15","6.7 %","1","100.0 %","32.8 %","37.0 %","30.2 %","17.6 %","54.8 %","27.6 %","3312"
"Jordy Mercer","Pirates",".285","1.47","20.1 %","47.6 %","32.3 %","10.4 %","8.9 %","15","7.5 %","2","22.2 %","41.9 %","34.0 %","24.1 %","20.8 %","53.9 %","25.3 %","6547"
"Travis Ishikawa","- - -",".333","0.53","30.7 %","24.0 %","45.3 %","2.9 %","8.8 %","0","0.0 %","0","0.0 %","34.7 %","29.3 %","36.0 %","13.3 %","46.7 %","40.0 %","4793"
"Gerardo Parra","- - -",".306","2.25","22.2 %","53.9 %","23.9 %","4.9 %","8.8 %","11","4.8 %","4","40.0 %","36.2 %","36.6 %","27.2 %","16.0 %","56.5 %","27.5 %","8553"
"Chris Parmelee","Twins",".317","0.84","21.0 %","36.0 %","43.0 %","12.5 %","8.8 %","2","3.0 %","1","100.0 %","38.5 %","31.6 %","30.0 %","19.8 %","50.8 %","29.4 %","2554"
"Salvador Perez","Royals",".278","0.99","21.4 %","39.1 %","39.5 %","17.3 %","8.7 %","9","4.6 %","0","0.0 %","46.4 %","33.7 %","20.0 %","22.8 %","46.0 %","31.3 %","7304"
"Matt Adams","Cardinals",".338","0.84","24.3 %","34.5 %","41.2 %","8.1 %","8.7 %","8","5.5 %","0","0.0 %","43.1 %","30.0 %","26.9 %","16.7 %","51.2 %","32.1 %","9393"
"Paul Konerko","White Sox",".247","1.12","22.6 %","40.9 %","36.5 %","10.3 %","8.6 %","1","1.5 %","0","0.0 %","47.8 %","28.9 %","23.3 %","19.5 %","54.1 %","26.4 %","242"
"Pablo Sandoval","Giants",".300","1.16","20.6 %","42.6 %","36.7 %","10.7 %","8.6 %","10","4.6 %","0","0.0 %","32.8 %","36.5 %","30.8 %","19.2 %","50.0 %","30.8 %","5409"
"Danny Santana","Twins",".405","1.63","26.0 %","45.9 %","28.1 %","9.8 %","8.5 %","17","12.7 %","9","50.0 %","41.3 %","34.2 %","24.5 %","23.6 %","50.0 %","26.5 %","10322"
"Peter Bourjos","Cardinals",".311","2.00","19.9 %","53.4 %","26.7 %","10.6 %","8.5 %","7","7.4 %","3","18.8 %","37.0 %","40.6 %","22.4 %","21.9 %","49.0 %","29.2 %","2578"
"Eduardo Nunez","Twins",".278","2.04","16.4 %","56.1 %","27.5 %","17.0 %","8.5 %","7","7.3 %","1","20.0 %","40.9 %","26.7 %","32.4 %","25.6 %","52.3 %","22.2 %","6848"
"Juan Uribe","Dodgers",".368","1.38","19.0 %","46.9 %","34.1 %","16.0 %","8.5 %","13","8.9 %","0","0.0 %","39.2 %","34.1 %","26.7 %","19.3 %","49.2 %","31.5 %","454"
"Alfonso Soriano","Yankees",".288","0.79","20.1 %","35.2 %","44.7 %","4.2 %","8.5 %","2","3.6 %","0","0.0 %","38.4 %","42.8 %","18.9 %","12.6 %","56.0 %","31.5 %","847"
"Alexei Ramirez","White Sox",".292","1.44","19.7 %","47.3 %","33.0 %","16.8 %","8.4 %","23","8.9 %","1","33.3 %","48.4 %","31.0 %","20.7 %","23.1 %","53.7 %","23.3 %","5133"
"Gregorio Petit","Astros",".357","1.33","22.2 %","44.4 %","33.3 %","12.5 %","8.3 %","0","0.0 %","0","0.0 %","45.8 %","33.3 %","20.8 %","19.4 %","48.6 %","31.9 %","3812"
"Chris Young","- - -",".247","0.56","19.5 %","28.9 %","51.6 %","16.7 %","8.3 %","12","16.2 %","1","33.3 %","54.4 %","25.9 %","19.7 %","20.5 %","51.4 %","28.2 %","3882"
"Nick Swisher","Indians",".273","0.99","24.2 %","37.7 %","38.1 %","13.5 %","8.3 %","8","8.4 %","0","0.0 %","43.3 %","34.7 %","22.1 %","15.8 %","51.6 %","32.7 %","4599"
"Trevor Plouffe","Twins",".299","0.94","21.4 %","38.1 %","40.5 %","6.5 %","8.3 %","17","10.8 %","0","0.0 %","39.7 %","38.5 %","21.9 %","15.4 %","51.7 %","32.9 %","7462"
"Randal Grichuk","Cardinals",".316","0.86","15.2 %","39.2 %","45.6 %","16.7 %","8.3 %","2","6.5 %","1","100.0 %","45.0 %","37.5 %","17.5 %","15.0 %","40.0 %","45.0 %","10243"
"Stephen Vogt","Athletics",".297","0.70","19.6 %","33.0 %","47.4 %","8.3 %","8.3 %","3","3.9 %","0","0.0 %","39.4 %","32.0 %","28.6 %","13.4 %","53.7 %","32.9 %","5000"
"Will Venable","Padres",".283","1.43","18.9 %","47.8 %","33.3 %","9.3 %","8.2 %","4","2.9 %","2","15.4 %","45.4 %","31.9 %","22.7 %","19.7 %","55.9 %","24.3 %","211"
"Desmond Jennings","Rays",".296","1.43","17.5 %","48.6 %","33.9 %","9.0 %","8.2 %","12","6.9 %","5","23.8 %","36.5 %","43.6 %","20.0 %","18.9 %","50.1 %","31.0 %","1965"
"Mookie Betts","Red Sox",".327","1.05","20.9 %","40.5 %","38.6 %","11.5 %","8.2 %","7","10.9 %","0","0.0 %","34.6 %","35.9 %","29.6 %","13.2 %","50.9 %","35.9 %","13611"
"Dioner Navarro","Blue Jays",".301","1.11","24.1 %","39.9 %","36.0 %","10.1 %","8.1 %","6","3.7 %","0","0.0 %","44.3 %","30.4 %","25.3 %","16.1 %","57.4 %","26.5 %","3179"
"Alex Presley","Astros",".272","1.34","18.4 %","46.7 %","34.9 %","13.5 %","8.1 %","4","4.0 %","0","0.0 %","36.2 %","40.9 %","23.0 %","18.3 %","55.9 %","25.8 %","5305"
"Corey Hart","Mariners",".244","0.93","16.7 %","40.2 %","43.1 %","4.0 %","8.0 %","6","8.6 %","0","0.0 %","44.3 %","34.5 %","21.3 %","18.4 %","51.2 %","30.5 %","1945"
"Josh Reddick","Athletics",".289","0.65","17.6 %","32.6 %","49.8 %","12.0 %","8.0 %","7","7.1 %","2","100.0 %","39.9 %","32.0 %","28.1 %","18.2 %","53.1 %","28.7 %","3892"
"Chris Heisey","Reds",".259","0.74","17.5 %","35.1 %","47.4 %","24.0 %","8.0 %","3","4.1 %","1","14.3 %","45.4 %","27.5 %","27.1 %","31.2 %","39.0 %","29.8 %","3978"
"Rougned Odor","Rangers",".294","1.36","15.0 %","49.0 %","36.0 %","16.8 %","8.0 %","10","6.5 %","5","50.0 %","38.9 %","33.3 %","27.8 %","24.4 %","50.3 %","25.3 %","12282"
"Domonic Brown","Phillies",".269","1.52","17.4 %","49.9 %","32.7 %","11.9 %","7.9 %","7","3.6 %","1","100.0 %","38.1 %","36.0 %","25.9 %","22.3 %","51.0 %","26.7 %","3154"
"Kendrys Morales","- - -",".244","1.47","17.8 %","48.8 %","33.3 %","8.9 %","7.9 %","6","4.1 %","0","0.0 %","42.6 %","33.3 %","24.1 %","16.5 %","53.5 %","30.0 %","8610"
"Eric Campbell","Mets",".348","2.00","17.4 %","55.1 %","27.5 %","5.3 %","7.9 %","8","10.5 %","0","0.0 %","37.7 %","33.3 %","29.0 %","13.8 %","57.3 %","29.0 %","6938"
"Ramiro Pena","Braves",".308","1.21","22.9 %","42.2 %","34.9 %","7.9 %","7.9 %","3","6.5 %","1","25.0 %","38.1 %","39.8 %","22.1 %","14.2 %","57.5 %","28.3 %","8841"
"Chris Owings","Diamondbacks",".314","1.42","24.0 %","44.6 %","31.4 %","7.9 %","7.9 %","8","7.4 %","1","20.0 %","33.2 %","38.9 %","27.9 %","19.0 %","54.3 %","26.7 %","10030"
"Adam Rosales","Rangers",".331","0.78","24.8 %","33.1 %","42.1 %","23.5 %","7.8 %","7","17.5 %","1","100.0 %","51.6 %","27.9 %","20.5 %","27.1 %","43.4 %","29.5 %","9682"
"Ryan Zimmerman","Nationals",".313","1.23","21.0 %","43.6 %","35.4 %","9.4 %","7.8 %","4","5.1 %","0","0.0 %","37.0 %","28.7 %","34.3 %","13.8 %","52.5 %","33.7 %","4220"
"Collin Cowgill","Angels",".331","1.38","15.6 %","48.9 %","35.6 %","18.8 %","7.8 %","9","10.2 %","4","50.0 %","48.9 %","29.3 %","21.8 %","28.2 %","52.1 %","19.7 %","7250"
"Yonder Alonso","Padres",".251","1.11","18.8 %","42.7 %","38.5 %","12.2 %","7.8 %","5","5.0 %","0","0.0 %","44.0 %","30.3 %","25.6 %","20.1 %","47.9 %","32.1 %","2530"
"Gaby Sanchez","Pirates",".265","0.87","18.4 %","37.9 %","43.7 %","8.9 %","7.8 %","3","3.8 %","0","0.0 %","45.4 %","32.4 %","22.2 %","21.7 %","52.2 %","26.1 %","3361"
"Ryan Raburn","Indians",".245","1.17","23.1 %","41.5 %","35.4 %","7.7 %","7.7 %","2","3.3 %","0","0.0 %","42.9 %","32.0 %","25.2 %","17.7 %","51.7 %","30.6 %","2218"
"Prince Fielder","Rangers",".274","1.64","18.9 %","50.4 %","30.7 %","7.7 %","7.7 %","3","4.7 %","0","0.0 %","35.4 %","39.4 %","25.2 %","20.5 %","53.5 %","26.0 %","4613"
"Abraham Almonte","- - -",".310","1.77","21.2 %","50.4 %","28.5 %","7.7 %","7.7 %","3","4.3 %","4","40.0 %","46.9 %","34.0 %","19.1 %","18.4 %","53.7 %","27.9 %","5486"
"Josh Harrison","Pirates",".353","0.96","24.0 %","37.3 %","38.7 %","7.1 %","7.7 %","17","10.4 %","2","33.3 %","45.4 %","30.9 %","23.7 %","14.9 %","53.3 %","31.8 %","8202"
"Chris Iannetta","Angels",".329","0.92","20.5 %","38.2 %","41.4 %","8.8 %","7.7 %","6","7.1 %","0","0.0 %","44.1 %","30.5 %","25.5 %","13.6 %","55.9 %","30.5 %","8267"
"Jordan Danks","White Sox",".343","1.19","19.7 %","43.7 %","36.6 %","3.8 %","7.7 %","0","0.0 %","1","100.0 %","43.1 %","37.5 %","19.4 %","13.9 %","59.7 %","26.4 %","9187"
"Adam Lind","Blue Jays",".369","1.43","20.7 %","46.7 %","32.6 %","10.1 %","7.6 %","6","5.3 %","0","0.0 %","31.4 %","37.2 %","31.4 %","14.1 %","48.8 %","37.2 %","8027"
"Raul Ibanez","- - -",".197","1.29","18.8 %","45.7 %","35.5 %","18.2 %","7.6 %","5","5.9 %","0","0.0 %","50.5 %","27.1 %","22.3 %","18.1 %","58.0 %","23.9 %","607"
"Matt Joyce","Rays",".316","1.13","19.1 %","43.0 %","37.9 %","15.1 %","7.6 %","7","5.2 %","0","0.0 %","44.0 %","35.4 %","20.6 %","22.2 %","46.8 %","31.0 %","3353"
"Nick Castellanos","Tigers",".326","0.96","28.5 %","35.0 %","36.5 %","2.1 %","7.5 %","10","7.1 %","0","0.0 %","38.8 %","31.5 %","29.8 %","10.8 %","55.3 %","34.0 %","11737"
"Asdrubal Cabrera","- - -",".272","0.91","19.1 %","38.5 %","42.4 %","10.8 %","7.5 %","9","5.3 %","8","61.5 %","48.5 %","29.2 %","22.4 %","13.1 %","53.1 %","33.9 %","4962"
"Yadier Molina","Cardinals",".307","1.90","22.9 %","50.6 %","26.6 %","4.3 %","7.4 %","5","2.8 %","0","0.0 %","34.9 %","36.1 %","29.0 %","19.2 %","50.1 %","30.7 %","7007"
"Alfredo Marte","Diamondbacks",".229","1.04","23.6 %","38.9 %","37.5 %","22.2 %","7.4 %","0","0.0 %","0","0.0 %","34.3 %","38.4 %","27.4 %","20.6 %","58.9 %","20.6 %","5212"
"Enrique Hernandez","- - -",".278","0.93","21.0 %","38.0 %","41.0 %","2.4 %","7.3 %","1","2.6 %","0","0.0 %","27.0 %","40.0 %","33.0 %","16.0 %","59.0 %","25.0 %","10472"
"Alejandro De Aza","- - -",".317","1.33","26.6 %","41.8 %","31.5 %","10.0 %","7.3 %","11","7.5 %","7","46.7 %","46.2 %","30.0 %","23.9 %","18.7 %","55.8 %","25.6 %","3371"
"Nick Markakis","Orioles",".299","1.33","19.6 %","45.9 %","34.5 %","10.9 %","7.3 %","13","5.1 %","0","0.0 %","31.4 %","38.2 %","30.4 %","18.2 %","54.5 %","27.3 %","5930"
"Anthony Gose","Blue Jays",".317","3.29","19.5 %","61.7 %","18.8 %","7.1 %","7.1 %","6","6.5 %","7","33.3 %","41.2 %","25.3 %","33.5 %","17.7 %","60.0 %","22.4 %","5097"
"David Lough","Orioles",".283","0.80","23.5 %","34.1 %","42.4 %","10.7 %","7.1 %","4","8.9 %","4","25.0 %","34.5 %","37.2 %","28.4 %","22.3 %","54.1 %","23.7 %","7215"
"Xander Bogaerts","Red Sox",".296","0.92","20.6 %","38.1 %","41.3 %","10.7 %","7.1 %","16","10.3 %","1","50.0 %","46.9 %","33.7 %","19.3 %","18.8 %","46.9 %","34.2 %","12161"
"Scooter Gennett","Brewers",".321","1.22","25.0 %","41.2 %","33.8 %","7.9 %","7.1 %","11","7.1 %","1","12.5 %","32.0 %","36.2 %","31.8 %","18.0 %","53.4 %","28.7 %","10339"
"Dexter Fowler","Astros",".351","1.25","21.4 %","43.7 %","35.0 %","0.9 %","7.1 %","16","11.3 %","3","60.0 %","37.8 %","38.7 %","23.5 %","20.1 %","50.6 %","29.3 %","4062"
"Jonathan Lucroy","Brewers",".324","1.18","22.3 %","42.1 %","35.7 %","7.1 %","7.1 %","12","5.5 %","0","0.0 %","35.7 %","34.3 %","30.0 %","17.4 %","47.9 %","34.7 %","7870"
"Stephen Drew","- - -",".194","0.61","17.4 %","31.3 %","51.3 %","12.0 %","7.0 %","1","1.6 %","1","33.3 %","52.0 %","29.3 %","18.7 %","21.2 %","55.6 %","23.2 %","4251"
"Wil Myers","Rays",".286","1.33","15.6 %","48.1 %","36.3 %","11.6 %","7.0 %","15","13.2 %","0","0.0 %","49.0 %","28.3 %","22.8 %","14.8 %","53.6 %","31.7 %","10047"
"Lyle Overbay","Brewers",".287","1.78","19.1 %","51.8 %","29.1 %","3.4 %","6.9 %","2","1.9 %","0","0.0 %","43.2 %","31.7 %","25.1 %","13.1 %","55.8 %","31.2 %","1617"
"Kevin Pillar","Blue Jays",".333","1.55","15.9 %","51.1 %","33.0 %","6.9 %","6.9 %","2","4.4 %","1","100.0 %","40.5 %","36.0 %","23.6 %","23.6 %","49.4 %","27.0 %","12434"
"Billy Butler","Royals",".310","1.74","22.1 %","49.5 %","28.4 %","4.6 %","6.9 %","8","3.5 %","0","0.0 %","36.7 %","34.5 %","28.9 %","12.8 %","50.3 %","36.9 %","7399"
"Yangervis Solarte","- - -",".275","1.29","19.5 %","45.4 %","35.1 %","11.6 %","6.8 %","7","3.7 %","1","25.0 %","45.5 %","32.6 %","21.9 %","17.6 %","56.2 %","26.2 %","5352"
"Jeff Baker","Marlins",".331","1.75","24.4 %","48.1 %","27.5 %","4.5 %","6.8 %","8","10.4 %","0","0.0 %","34.4 %","34.4 %","31.3 %","12.5 %","52.5 %","35.0 %","2073"
"Eric Hosmer","Royals",".312","1.61","16.9 %","51.2 %","31.9 %","6.8 %","6.8 %","4","1.9 %","1","50.0 %","36.8 %","37.3 %","26.0 %","17.3 %","49.5 %","33.2 %","3516"
"Robbie Grossman","Astros",".311","1.19","24.0 %","41.3 %","34.6 %","8.0 %","6.8 %","4","3.8 %","3","50.0 %","38.1 %","32.7 %","29.2 %","21.5 %","58.1 %","20.4 %","5254"
"Rajai Davis","Tigers",".320","1.62","19.3 %","49.9 %","30.8 %","16.9 %","6.8 %","26","13.6 %","3","37.5 %","39.4 %","33.0 %","27.6 %","25.3 %","54.2 %","20.5 %","3708"
"Ryan Sweeney","Cubs",".285","1.82","27.4 %","46.9 %","25.7 %","13.3 %","6.7 %","5","6.1 %","0","0.0 %","46.9 %","31.1 %","22.0 %","23.7 %","47.5 %","28.8 %","6352"
"Ryan Hanigan","Rays",".240","0.93","21.8 %","37.8 %","40.4 %","15.8 %","6.6 %","2","2.8 %","0","0.0 %","41.1 %","30.5 %","28.4 %","16.8 %","61.1 %","22.1 %","4952"
"Howie Kendrick","Angels",".347","2.85","18.9 %","60.0 %","21.1 %","0.0 %","6.5 %","19","6.2 %","1","25.0 %","32.0 %","34.8 %","33.2 %","11.7 %","51.0 %","37.3 %","4229"
"Wilmer Flores","Mets",".265","0.99","20.1 %","39.7 %","40.2 %","8.7 %","6.5 %","9","9.9 %","0","0.0 %","45.2 %","29.1 %","25.7 %","18.7 %","53.5 %","27.8 %","5827"
"Ian Kinsler","Tigers",".288","0.87","19.6 %","37.5 %","42.9 %","11.9 %","6.5 %","19","8.3 %","2","40.0 %","48.3 %","30.7 %","21.0 %","19.1 %","56.9 %","24.0 %","6195"
"Brandon Crawford","Giants",".307","0.90","20.2 %","37.9 %","42.0 %","7.1 %","6.5 %","5","3.6 %","3","42.9 %","38.8 %","35.3 %","25.9 %","14.2 %","57.2 %","28.6 %","5343"
"Jason Heyward","Braves",".308","1.28","18.9 %","45.5 %","35.6 %","11.2 %","6.5 %","18","8.3 %","0","0.0 %","40.2 %","33.7 %","26.2 %","24.3 %","49.4 %","26.4 %","4940"
"Logan Forsythe","Rays",".268","1.02","19.3 %","40.8 %","39.9 %","3.2 %","6.5 %","7","7.4 %","1","33.3 %","37.3 %","34.3 %","28.4 %","11.0 %","64.0 %","25.0 %","7185"
"Nate Schierholtz","- - -",".231","1.01","19.8 %","40.3 %","39.9 %","11.9 %","6.4 %","4","3.6 %","0","0.0 %","43.6 %","35.6 %","20.7 %","24.4 %","48.0 %","27.6 %","6201"
"Leonys Martin","Rangers",".336","1.81","21.9 %","50.3 %","27.8 %","12.8 %","6.4 %","17","8.6 %","18","50.0 %","42.3 %","34.6 %","23.1 %","20.3 %","53.7 %","25.9 %","11846"
"Didi Gregorius","Diamondbacks",".257","0.87","19.6 %","37.4 %","42.9 %","9.6 %","6.4 %","7","8.5 %","0","0.0 %","32.9 %","42.8 %","24.3 %","17.6 %","54.5 %","27.9 %","6012"
"Jonny Gomes","- - -",".312","0.52","24.0 %","26.0 %","50.0 %","17.7 %","6.3 %","7","14.0 %","0","0.0 %","46.4 %","35.9 %","17.7 %","22.9 %","48.4 %","28.7 %","1845"
"Francisco Cervelli","Yankees",".408","1.44","25.7 %","43.8 %","30.5 %","3.1 %","6.3 %","0","0.0 %","0","0.0 %","41.0 %","36.2 %","22.9 %","8.6 %","56.2 %","35.2 %","5275"
"David Murphy","Indians",".285","1.30","18.5 %","46.1 %","35.4 %","7.0 %","6.3 %","8","4.8 %","0","0.0 %","39.7 %","31.7 %","28.7 %","20.9 %","54.8 %","24.2 %","6035"
"Danny Valencia","- - -",".317","1.44","24.3 %","44.7 %","31.1 %","14.1 %","6.3 %","10","10.9 %","0","0.0 %","45.6 %","33.5 %","20.9 %","21.8 %","44.7 %","33.5 %","6364"
"Ben Zobrist","Rays",".301","1.49","18.4 %","48.8 %","32.8 %","12.5 %","6.3 %","17","7.1 %","3","50.0 %","48.0 %","30.4 %","21.7 %","19.6 %","52.4 %","27.9 %","7435"
"Cesar Hernandez","Phillies",".321","2.56","26.0 %","53.2 %","20.8 %","0.0 %","6.3 %","1","2.4 %","5","83.3 %","30.1 %","37.4 %","32.5 %","20.5 %","60.2 %","19.3 %","10556"
"Gordon Beckham","- - -",".255","1.15","15.7 %","45.1 %","39.2 %","10.3 %","6.2 %","11","6.6 %","0","0.0 %","37.3 %","32.7 %","30.0 %","19.3 %","53.1 %","27.6 %","9015"
"Brandon Phillips","Reds",".298","1.32","22.3 %","44.2 %","33.5 %","12.9 %","6.1 %","6","3.4 %","0","0.0 %","31.8 %","39.7 %","28.5 %","21.5 %","50.0 %","28.5 %","791"
"Shane Victorino","Red Sox",".304","1.33","24.5 %","43.1 %","32.4 %","18.2 %","6.1 %","3","6.8 %","0","0.0 %","48.6 %","35.2 %","16.2 %","22.9 %","56.2 %","21.0 %","1677"
"Jesus Guzman","Astros",".261","1.48","27.4 %","43.4 %","29.2 %","15.2 %","6.1 %","4","8.2 %","0","0.0 %","46.9 %","36.3 %","16.8 %","17.7 %","55.8 %","26.6 %","3118"
"J.B. Shuck","- - -",".146","1.67","8.3 %","57.3 %","34.4 %","15.2 %","6.1 %","2","3.6 %","2","66.7 %","49.5 %","33.3 %","17.2 %","20.2 %","65.7 %","14.1 %","6677"
"Charlie Culberson","Rockies",".259","1.56","14.1 %","52.3 %","33.6 %","10.0 %","6.0 %","3","3.8 %","0","0.0 %","34.4 %","35.1 %","30.5 %","24.0 %","52.0 %","24.0 %","3298"
"Steve Tolleson","Blue Jays",".336","0.94","19.2 %","39.2 %","41.7 %","8.0 %","6.0 %","4","8.5 %","2","33.3 %","45.2 %","31.8 %","23.0 %","16.7 %","61.1 %","22.2 %","4450"
"Daniel Murphy","Mets",".322","1.44","28.2 %","42.4 %","29.4 %","11.3 %","6.0 %","10","4.6 %","1","100.0 %","33.8 %","33.4 %","32.8 %","16.9 %","54.4 %","28.7 %","4316"
"Chase Utley","Phillies",".295","1.09","24.6 %","39.3 %","36.1 %","7.0 %","5.9 %","9","4.5 %","0","0.0 %","43.9 %","35.1 %","21.1 %","13.1 %","56.5 %","30.4 %","1679"
"Hector Sanchez","Giants",".266","0.75","20.5 %","33.9 %","45.5 %","9.8 %","5.9 %","0","0.0 %","0","0.0 %","45.5 %","36.6 %","17.9 %","17.0 %","50.0 %","33.0 %","10289"
"Aaron Hill","Diamondbacks",".276","0.84","24.5 %","34.4 %","41.1 %","9.9 %","5.8 %","7","4.9 %","0","0.0 %","43.8 %","36.5 %","19.7 %","15.1 %","52.6 %","32.2 %","6104"
"Tyler Colvin","Giants",".312","1.29","15.8 %","47.4 %","36.8 %","20.0 %","5.7 %","4","8.9 %","0","0.0 %","41.1 %","33.7 %","25.3 %","25.3 %","47.4 %","27.4 %","5310"
"Coco Crisp","Athletics",".266","0.98","20.5 %","39.4 %","40.2 %","10.7 %","5.7 %","11","7.1 %","5","62.5 %","44.3 %","31.4 %","24.3 %","16.8 %","59.4 %","23.8 %","1572"
"Stefen Romero","Mariners",".244","1.02","17.1 %","41.9 %","41.1 %","11.3 %","5.7 %","5","9.3 %","1","33.3 %","34.9 %","33.3 %","31.8 %","24.2 %","53.8 %","22.0 %","11746"
"Andre Ethier","Dodgers",".307","1.96","21.6 %","51.9 %","26.5 %","8.5 %","5.6 %","10","7.2 %","0","0.0 %","39.4 %","33.8 %","26.8 %","18.6 %","56.5 %","24.9 %","6265"
"J.J. Hardy","Orioles",".317","1.15","19.2 %","43.2 %","37.6 %","14.9 %","5.6 %","15","8.1 %","2","50.0 %","41.4 %","35.4 %","23.2 %","18.8 %","51.4 %","29.9 %","3797"
"James Loney","Rays",".319","1.37","26.6 %","42.4 %","31.0 %","5.5 %","5.5 %","4","1.8 %","0","0.0 %","35.2 %","35.9 %","28.9 %","18.1 %","57.4 %","24.5 %","4556"
"Yunel Escobar","Rays",".282","1.61","20.0 %","49.3 %","30.7 %","5.5 %","5.5 %","13","6.4 %","1","12.5 %","40.3 %","34.1 %","25.6 %","17.1 %","55.2 %","27.7 %","4191"
"Drew Butera","Dodgers",".227","0.80","24.4 %","33.6 %","42.0 %","9.1 %","5.5 %","1","2.3 %","0","0.0 %","31.1 %","41.7 %","27.3 %","22.0 %","53.0 %","25.0 %","3411"
"DJ LeMahieu","Rockies",".322","2.41","20.5 %","56.2 %","23.3 %","1.1 %","5.4 %","10","4.5 %","3","27.3 %","28.1 %","35.7 %","36.2 %","14.3 %","57.6 %","28.1 %","9874"
"Moises Sierra","- - -",".299","1.57","19.5 %","49.2 %","31.4 %","5.4 %","5.4 %","7","12.1 %","1","100.0 %","40.3 %","33.6 %","26.1 %","27.7 %","48.7 %","23.5 %","6050"
"A.J. Pierzynski","- - -",".283","1.43","21.3 %","46.3 %","32.4 %","8.6 %","5.4 %","6","4.5 %","0","0.0 %","37.7 %","35.3 %","27.0 %","20.4 %","52.9 %","26.6 %","746"
"Rymer Liriano","Padres",".329","1.79","24.3 %","48.6 %","27.1 %","5.3 %","5.3 %","5","14.7 %","1","100.0 %","38.0 %","35.2 %","26.8 %","18.3 %","57.8 %","23.9 %","4779"
"Lorenzo Cain","Royals",".380","1.96","22.8 %","51.1 %","26.1 %","6.3 %","5.3 %","24","12.9 %","1","100.0 %","37.3 %","36.2 %","26.6 %","20.0 %","58.4 %","21.6 %","9077"
"Oscar Taveras","Cardinals",".272","1.79","19.7 %","51.5 %","28.8 %","17.5 %","5.3 %","5","4.9 %","0","0.0 %","37.9 %","37.4 %","24.8 %","19.7 %","49.5 %","30.8 %","11173"
"Eugenio Suarez","Tigers",".316","0.82","21.6 %","35.2 %","43.2 %","9.2 %","5.3 %","2","3.2 %","0","0.0 %","48.9 %","29.7 %","21.4 %","18.7 %","53.9 %","27.5 %","12552"
"Dustin Pedroia","Red Sox",".307","1.74","23.9 %","48.3 %","27.8 %","11.2 %","5.2 %","14","6.0 %","0","0.0 %","42.5 %","33.2 %","24.3 %","14.3 %","55.8 %","29.9 %","8370"
"Carlos Ruiz","Phillies",".281","1.17","23.4 %","41.2 %","35.4 %","11.3 %","5.2 %","8","6.0 %","0","0.0 %","45.9 %","29.1 %","25.1 %","17.1 %","59.6 %","23.2 %","2579"
"Josh Rutledge","Rockies",".353","1.35","20.3 %","45.8 %","33.9 %","3.9 %","5.2 %","10","9.6 %","0","0.0 %","35.6 %","40.3 %","24.0 %","15.0 %","54.1 %","30.9 %","11167"
"Brandon Guyer","Rays",".322","1.67","20.1 %","50.0 %","29.9 %","12.1 %","5.2 %","10","10.3 %","7","33.3 %","43.7 %","32.6 %","23.7 %","19.1 %","52.6 %","28.4 %","2636"
"Jean Segura","Brewers",".275","2.59","18.3 %","58.9 %","22.7 %","7.1 %","5.1 %","25","9.8 %","10","43.5 %","33.7 %","36.1 %","30.2 %","25.6 %","53.3 %","21.2 %","5933"
"David Wright","Mets",".325","1.08","23.4 %","39.8 %","36.8 %","4.5 %","5.1 %","6","3.5 %","0","0.0 %","35.1 %","34.4 %","30.4 %","12.2 %","53.9 %","34.0 %","3787"
"Joe Mauer","Twins",".342","2.32","27.2 %","50.8 %","21.9 %","0.0 %","5.1 %","5","2.7 %","1","100.0 %","22.4 %","35.7 %","41.8 %","11.4 %","60.7 %","28.0 %","1857"
"Eduardo Escobar","Twins",".336","1.18","24.0 %","41.1 %","34.9 %","6.7 %","5.0 %","11","7.9 %","2","40.0 %","40.2 %","31.8 %","28.0 %","17.3 %","53.5 %","29.2 %","6153"
"Hank Conger","Angels",".275","0.79","16.9 %","36.6 %","46.5 %","11.3 %","5.0 %","2","3.2 %","2","28.6 %","48.6 %","33.5 %","17.9 %","15.6 %","58.7 %","25.7 %","2505"
"Jeff Mathis","Marlins",".303","1.15","21.8 %","41.8 %","36.4 %","10.0 %","5.0 %","2","4.3 %","1","16.7 %","37.1 %","37.9 %","25.0 %","20.7 %","52.6 %","26.7 %","3448"
"Chris Denorfia","- - -",".283","2.45","20.1 %","56.8 %","23.2 %","3.3 %","5.0 %","11","7.5 %","1","25.0 %","33.1 %","39.5 %","27.4 %","16.7 %","60.1 %","23.2 %","4400"
"Ruben Tejada","Mets",".283","1.15","24.3 %","40.5 %","35.2 %","10.0 %","5.0 %","5","4.3 %","1","25.0 %","39.9 %","34.0 %","26.0 %","19.8 %","56.6 %","23.6 %","5519"
"Alexi Amarista","Padres",".271","1.73","22.7 %","49.0 %","28.3 %","7.0 %","5.0 %","12","6.9 %","4","28.6 %","30.3 %","37.1 %","32.7 %","15.3 %","63.8 %","21.0 %","9063"
"Jake Marisnick","- - -",".338","1.00","22.1 %","39.0 %","39.0 %","16.7 %","5.0 %","6","10.0 %","2","40.0 %","40.9 %","30.8 %","28.3 %","25.8 %","51.6 %","22.6 %","11339"
"Brayan Pena","Reds",".273","1.35","23.3 %","44.0 %","32.7 %","5.9 %","5.0 %","5","3.7 %","0","0.0 %","41.3 %","32.6 %","26.1 %","17.4 %","56.1 %","26.5 %","3231"
"Mitch Moreland","Rangers",".315","1.37","22.4 %","44.8 %","32.8 %","4.9 %","4.9 %","3","5.4 %","0","0.0 %","37.5 %","39.8 %","22.7 %","14.1 %","43.8 %","42.2 %","3086"
"Brock Holt","Red Sox",".349","2.16","26.4 %","50.3 %","23.3 %","4.9 %","4.9 %","14","7.9 %","1","14.3 %","44.3 %","30.4 %","25.4 %","15.6 %","56.3 %","28.1 %","9345"
"Grady Sizemore","- - -",".285","1.11","20.2 %","41.9 %","37.9 %","5.8 %","4.9 %","5","4.4 %","0","0.0 %","41.2 %","34.9 %","23.9 %","15.4 %","56.3 %","28.3 %","2197"
"Jason Kipnis","Indians",".288","1.48","22.6 %","46.2 %","31.2 %","3.2 %","4.8 %","13","7.1 %","4","80.0 %","39.5 %","36.0 %","24.6 %","15.4 %","58.1 %","26.6 %","9776"
"Erick Aybar","Angels",".297","1.77","22.7 %","49.3 %","27.9 %","13.8 %","4.8 %","18","7.0 %","10","50.0 %","43.0 %","32.3 %","24.7 %","21.5 %","55.7 %","22.8 %","4082"
"Mike Aviles","Indians",".271","1.26","20.9 %","44.1 %","35.0 %","14.4 %","4.8 %","11","8.4 %","1","7.1 %","42.8 %","29.3 %","28.0 %","23.2 %","60.1 %","16.7 %","5986"
"Brian Roberts","Yankees",".269","0.88","25.1 %","35.0 %","39.9 %","12.4 %","4.8 %","6","6.5 %","0","0.0 %","37.6 %","35.3 %","27.1 %","14.3 %","55.6 %","30.1 %","166"
"Jose Lobaton","Nationals",".318","1.79","23.5 %","49.0 %","27.5 %","0.0 %","4.8 %","4","5.3 %","0","0.0 %","43.1 %","34.6 %","22.2 %","12.4 %","57.5 %","30.1 %","4243"
"Donovan Solano","Marlins",".304","1.98","23.6 %","50.8 %","25.6 %","12.7 %","4.8 %","9","7.2 %","2","18.2 %","31.9 %","32.7 %","35.4 %","16.3 %","56.0 %","27.6 %","8623"
"Andrelton Simmons","Braves",".263","1.68","16.4 %","52.4 %","31.2 %","10.8 %","4.7 %","19","7.6 %","3","33.3 %","38.4 %","37.8 %","23.8 %","18.0 %","55.6 %","26.5 %","10847"
"Jose Reyes","Blue Jays",".312","1.16","22.6 %","41.5 %","35.9 %","14.1 %","4.7 %","26","11.8 %","5","45.5 %","42.5 %","32.4 %","25.1 %","25.1 %","51.6 %","23.4 %","1736"
"Sam Fuld","- - -",".280","1.67","20.1 %","50.0 %","29.9 %","15.3 %","4.7 %","10","7.0 %","4","33.3 %","44.9 %","33.5 %","21.6 %","26.0 %","55.4 %","18.6 %","8254"
"Andrew Romine","Tigers",".291","2.56","18.2 %","58.8 %","23.0 %","16.3 %","4.7 %","9","8.2 %","2","25.0 %","30.3 %","35.9 %","33.9 %","24.6 %","59.0 %","16.4 %","1159"
"Dan Uggla","- - -",".202","0.86","16.7 %","38.5 %","44.8 %","4.7 %","4.7 %","4","10.8 %","0","0.0 %","54.2 %","34.4 %","11.5 %","13.5 %","51.0 %","35.4 %","3442"
"Ender Inciarte","Diamondbacks",".310","2.09","23.8 %","51.6 %","24.6 %","5.8 %","4.7 %","12","6.7 %","8","40.0 %","35.0 %","33.1 %","32.0 %","17.9 %","58.5 %","23.6 %","4922"
"Matt Carpenter","Cardinals",".318","1.16","23.8 %","41.0 %","35.2 %","3.5 %","4.7 %","15","7.5 %","4","57.1 %","31.9 %","43.4 %","24.7 %","15.0 %","51.7 %","33.3 %","8090"
"Conor Gillaspie","White Sox",".325","1.01","21.6 %","39.4 %","38.9 %","17.2 %","4.6 %","8","5.2 %","0","0.0 %","39.3 %","35.2 %","25.5 %","20.3 %","50.6 %","29.1 %","9009"
"Jon Jay","Cardinals",".363","2.60","28.3 %","51.8 %","19.9 %","1.5 %","4.5 %","9","5.2 %","2","33.3 %","27.8 %","40.4 %","31.9 %","12.3 %","60.8 %","26.9 %","5227"
"Ramon Santiago","Reds",".300","1.24","24.8 %","41.6 %","33.6 %","10.9 %","4.3 %","6","10.5 %","2","16.7 %","46.3 %","33.6 %","20.1 %","24.8 %","57.7 %","17.5 %","1417"
"Leury Garcia","White Sox",".237","2.52","13.8 %","61.7 %","24.5 %","4.3 %","4.3 %","5","8.6 %","2","25.0 %","33.3 %","39.2 %","27.5 %","19.6 %","60.8 %","19.6 %","5913"
"Nick Punto","Athletics",".279","1.34","22.0 %","44.7 %","33.3 %","14.9 %","4.3 %","5","7.9 %","1","50.0 %","34.3 %","30.1 %","35.7 %","20.3 %","63.6 %","16.1 %","1429"
"Skip Schumaker","Reds",".284","2.36","20.2 %","56.1 %","23.7 %","2.1 %","4.3 %","7","6.3 %","1","25.0 %","29.2 %","38.1 %","32.7 %","15.4 %","66.3 %","18.3 %","3704"
"Gregor Blanco","Giants",".311","1.04","21.4 %","40.1 %","38.5 %","8.4 %","4.2 %","7","5.6 %","4","28.6 %","37.5 %","34.7 %","27.9 %","14.9 %","58.5 %","26.6 %","3123"
"Cody Ross","Diamondbacks",".312","1.52","23.9 %","45.9 %","30.2 %","8.3 %","4.2 %","2","2.7 %","0","0.0 %","33.3 %","40.3 %","26.4 %","18.2 %","53.5 %","28.3 %","1760"
"Jake Goebbert","Padres",".309","1.04","29.0 %","36.2 %","34.8 %","8.3 %","4.2 %","1","4.0 %","0","0.0 %","39.1 %","43.5 %","17.4 %","13.0 %","58.0 %","29.0 %","9431"
"Phil Gosselin","Braves",".330","2.33","16.7 %","58.3 %","25.0 %","4.2 %","4.2 %","8","14.3 %","2","33.3 %","28.4 %","41.2 %","30.4 %","15.7 %","57.8 %","26.5 %","10953"
"Will Middlebrooks","Red Sox",".273","1.20","25.0 %","41.0 %","34.0 %","18.4 %","4.1 %","1","1.7 %","0","0.0 %","41.4 %","36.6 %","22.1 %","16.6 %","49.0 %","34.5 %","7002"
"Derek Jeter","Yankees",".294","3.06","18.3 %","61.6 %","20.1 %","6.1 %","4.0 %","24","7.9 %","3","21.4 %","30.2 %","36.2 %","33.6 %","20.2 %","58.7 %","21.2 %","826"
"Daniel Nava","Red Sox",".336","1.29","20.1 %","45.1 %","34.9 %","8.1 %","4.0 %","8","6.3 %","0","0.0 %","34.5 %","35.6 %","29.9 %","15.5 %","53.5 %","31.0 %","5450"
"Emilio Bonifacio","- - -",".324","2.07","21.5 %","52.9 %","25.6 %","4.0 %","4.0 %","13","8.4 %","6","27.3 %","29.5 %","36.2 %","34.3 %","23.8 %","54.9 %","21.3 %","4054"
"Jim Adduci","Rangers",".213","1.52","13.7 %","52.1 %","34.2 %","16.0 %","4.0 %","3","7.9 %","2","50.0 %","36.4 %","35.1 %","28.6 %","28.6 %","48.1 %","23.4 %","6448"
"Darwin Barney","- - -",".267","1.16","20.0 %","42.9 %","37.1 %","7.9 %","3.9 %","11","12.5 %","1","50.0 %","43.5 %","32.4 %","24.2 %","15.0 %","59.4 %","25.6 %","2430"
"Billy Hamilton","Reds",".304","1.11","21.1 %","41.5 %","37.3 %","13.2 %","3.9 %","19","11.2 %","17","32.7 %","30.3 %","37.3 %","32.5 %","21.8 %","57.7 %","20.5 %","10199"
"Jose Altuve","Astros",".360","1.60","22.8 %","47.5 %","29.7 %","9.9 %","3.9 %","31","10.7 %","1","33.3 %","41.8 %","37.7 %","20.6 %","17.9 %","58.2 %","23.8 %","5417"
"Willie Bloomquist","Mariners",".356","1.96","23.0 %","51.0 %","26.0 %","19.2 %","3.8 %","2","3.9 %","1","33.3 %","31.1 %","31.1 %","37.9 %","13.6 %","62.1 %","24.3 %","1066"
"Cliff Pennington","Diamondbacks",".309","1.12","20.9 %","41.7 %","37.4 %","17.3 %","3.8 %","6","10.3 %","1","33.3 %","35.9 %","34.5 %","29.6 %","20.4 %","55.6 %","23.9 %","3395"
"Grant Green","Angels",".325","1.46","21.0 %","46.9 %","32.1 %","7.7 %","3.8 %","4","10.5 %","0","0.0 %","42.0 %","23.5 %","34.6 %","9.9 %","63.0 %","27.2 %","10053"
"Juan Lagares","Mets",".341","1.41","21.9 %","45.7 %","32.4 %","8.6 %","3.8 %","14","9.5 %","5","35.7 %","31.7 %","39.6 %","28.7 %","18.6 %","54.1 %","27.2 %","5384"
"Tony Cruz","Cardinals",".245","2.22","18.7 %","56.1 %","25.2 %","22.2 %","3.7 %","2","3.3 %","0","0.0 %","34.9 %","33.0 %","32.1 %","22.0 %","59.6 %","18.4 %","2802"
"Michael Bourn","Indians",".337","1.98","24.2 %","50.3 %","25.5 %","3.7 %","3.7 %","11","6.8 %","4","30.8 %","36.4 %","35.2 %","28.4 %","17.9 %","60.3 %","21.8 %","6387"
"Wil Nieves","Phillies",".341","1.39","24.7 %","43.8 %","31.5 %","17.9 %","3.6 %","1","2.6 %","0","0.0 %","42.9 %","28.6 %","28.6 %","26.4 %","51.7 %","22.0 %","1556"
"Ed Lucas","Marlins",".338","2.57","23.7 %","55.0 %","21.4 %","3.6 %","3.6 %","5","6.9 %","1","50.0 %","26.3 %","44.4 %","29.3 %","20.3 %","62.4 %","17.3 %","7532"
"Miguel Rojas","Dodgers",".217","2.86","7.7 %","68.4 %","23.9 %","10.7 %","3.6 %","5","6.3 %","2","40.0 %","36.9 %","36.1 %","27.1 %","29.5 %","56.6 %","13.9 %","7802"
"Reed Johnson","Marlins",".278","1.14","19.7 %","42.8 %","37.5 %","8.8 %","3.5 %","2","3.1 %","0","0.0 %","44.5 %","32.3 %","23.2 %","20.7 %","49.0 %","30.3 %","1702"
"Jose Ramirez","Indians",".297","1.67","24.4 %","47.3 %","28.4 %","5.3 %","3.5 %","5","5.3 %","2","12.5 %","38.3 %","38.3 %","23.5 %","21.2 %","55.8 %","23.0 %","13510"
"A.J. Ellis","Dodgers",".225","1.15","17.0 %","44.3 %","38.7 %","7.9 %","3.4 %","2","2.0 %","0","0.0 %","32.2 %","37.3 %","30.5 %","18.5 %","54.5 %","27.0 %","5677"
"Omar Infante","Royals",".275","0.97","22.7 %","38.0 %","39.3 %","14.8 %","3.3 %","15","8.5 %","0","0.0 %","43.9 %","30.9 %","25.2 %","20.6 %","54.5 %","25.0 %","1609"
"Endy Chavez","Mariners",".307","1.58","19.2 %","49.5 %","31.3 %","16.1 %","3.2 %","7","7.1 %","5","33.3 %","27.7 %","40.9 %","31.5 %","26.8 %","54.0 %","19.3 %","768"
"Angel Pagan","Giants",".339","1.61","26.8 %","45.2 %","28.0 %","7.5 %","3.2 %","10","6.7 %","1","50.0 %","35.0 %","37.1 %","27.8 %","15.6 %","61.4 %","23.1 %","2918"
"Tuffy Gosewisch","Diamondbacks",".269","1.77","17.3 %","52.9 %","29.8 %","9.7 %","3.2 %","7","12.7 %","1","100.0 %","36.2 %","37.1 %","26.7 %","16.2 %","55.2 %","28.6 %","5277"
"Jed Lowrie","Athletics",".281","0.71","24.4 %","31.4 %","44.3 %","7.4 %","3.2 %","4","3.0 %","0","0.0 %","37.4 %","36.9 %","25.8 %","14.6 %","56.2 %","29.2 %","4418"
"Jason Kubel","Twins",".354","1.16","28.9 %","38.1 %","33.0 %","3.1 %","3.1 %","3","8.1 %","0","0.0 %","44.3 %","38.1 %","17.5 %","12.4 %","63.9 %","23.7 %","2161"
"Juan Perez","Giants",".216","1.00","14.7 %","42.7 %","42.7 %","15.6 %","3.1 %","1","3.1 %","0","0.0 %","40.3 %","36.4 %","23.4 %","24.7 %","58.4 %","16.9 %","5371"
"Denard Span","Nationals",".330","1.54","23.9 %","46.2 %","29.9 %","11.3 %","3.1 %","17","6.9 %","8","50.0 %","38.3 %","33.0 %","28.7 %","21.1 %","53.5 %","25.4 %","8347"
"Jordan Schafer","- - -",".304","2.34","24.1 %","53.2 %","22.7 %","6.3 %","3.1 %","6","8.0 %","7","24.1 %","40.6 %","31.8 %","27.7 %","23.5 %","51.2 %","25.3 %","9883"
"Bobby Abreu","Mets",".283","1.70","21.9 %","49.1 %","28.9 %","0.0 %","3.0 %","0","0.0 %","0","0.0 %","37.7 %","34.2 %","28.1 %","10.5 %","61.4 %","28.1 %","945"
"Aaron Hicks","Twins",".300","2.12","20.2 %","54.3 %","25.6 %","0.0 %","3.0 %","6","8.6 %","0","0.0 %","42.1 %","37.6 %","20.3 %","21.8 %","54.1 %","24.1 %","5297"
"Alberto Callaspo","Athletics",".242","1.14","20.8 %","42.2 %","36.9 %","12.0 %","3.0 %","7","4.6 %","0","0.0 %","37.8 %","36.7 %","25.6 %","18.3 %","60.6 %","21.1 %","3336"
"Alex Rios","Rangers",".335","1.27","23.5 %","42.8 %","33.7 %","5.9 %","2.9 %","10","5.8 %","0","0.0 %","39.9 %","37.9 %","22.3 %","15.8 %","57.9 %","26.2 %","2090"
"Ryan Goins","Blue Jays",".237","2.11","18.2 %","55.5 %","26.3 %","8.3 %","2.8 %","5","6.6 %","3","33.3 %","39.0 %","34.9 %","26.0 %","18.5 %","58.9 %","22.6 %","9807"
"Efren Navarro","Angels",".290","1.72","25.8 %","47.0 %","27.3 %","13.9 %","2.8 %","0","0.0 %","0","0.0 %","33.6 %","36.6 %","29.9 %","14.9 %","53.7 %","31.3 %","9854"
"Austin Jackson","- - -",".325","1.28","25.5 %","41.8 %","32.7 %","3.3 %","2.6 %","8","4.1 %","0","0.0 %","32.8 %","38.0 %","29.2 %","11.9 %","62.0 %","26.1 %","9848"
"Christian Vazquez","Red Sox",".283","2.18","16.6 %","57.2 %","26.2 %","7.9 %","2.6 %","5","6.0 %","2","50.0 %","37.6 %","33.6 %","28.9 %","23.5 %","52.4 %","24.2 %","9774"
"Nate McLouth","Nationals",".221","1.36","9.8 %","52.0 %","38.2 %","10.3 %","2.6 %","2","3.8 %","2","50.0 %","50.9 %","25.5 %","23.6 %","22.6 %","45.3 %","32.1 %","3190"
"Ben Revere","Phillies",".330","4.51","21.0 %","64.7 %","14.3 %","2.6 %","2.6 %","26","7.4 %","4","25.0 %","29.6 %","41.4 %","28.9 %","24.6 %","59.3 %","16.1 %","4712"
"Eric Young","Mets",".285","3.46","18.7 %","63.1 %","18.2 %","7.7 %","2.6 %","7","5.2 %","3","23.1 %","44.5 %","29.1 %","26.4 %","24.2 %","55.1 %","20.7 %","7158"
"Zack Cozart","Reds",".255","1.18","17.7 %","44.6 %","37.7 %","13.8 %","2.5 %","14","7.4 %","1","12.5 %","47.5 %","28.2 %","24.3 %","21.5 %","55.6 %","22.9 %","2616"
"Casey McGehee","Marlins",".335","1.61","18.2 %","50.5 %","31.3 %","9.2 %","2.5 %","6","2.3 %","0","0.0 %","29.6 %","40.9 %","29.6 %","13.4 %","55.5 %","31.1 %","6086"
"Dee Gordon","Dodgers",".346","3.13","21.3 %","59.7 %","19.1 %","8.0 %","2.3 %","31","11.3 %","20","42.6 %","29.5 %","31.5 %","39.0 %","22.8 %","59.8 %","17.3 %","8203"
"Jarrod Dyson","Royals",".330","2.67","13.8 %","62.8 %","23.5 %","8.7 %","2.2 %","14","11.4 %","10","50.0 %","30.6 %","35.2 %","34.3 %","26.4 %","57.4 %","16.2 %","4866"
"Kurt Suzuki","Twins",".310","1.32","21.8 %","44.4 %","33.7 %","11.5 %","2.2 %","12","6.6 %","1","50.0 %","44.4 %","30.2 %","25.4 %","16.7 %","57.5 %","25.9 %","8259"
"Cameron Maybin","Padres",".297","2.22","17.0 %","57.2 %","25.8 %","16.0 %","2.0 %","11","9.9 %","0","0.0 %","37.8 %","38.8 %","23.5 %","23.5 %","47.5 %","29.1 %","5223"
"Alcides Escobar","Royals",".326","1.36","24.2 %","43.6 %","32.2 %","11.5 %","1.9 %","20","9.4 %","7","35.0 %","42.3 %","30.7 %","27.0 %","21.3 %","56.5 %","22.2 %","6310"
"Elvis Andrus","Rangers",".305","2.81","20.5 %","58.6 %","20.9 %","4.6 %","1.8 %","20","6.5 %","4","23.5 %","31.9 %","42.1 %","26.0 %","21.3 %","58.3 %","20.4 %","8709"
"Ichiro Suzuki","Yankees",".346","2.95","22.4 %","57.9 %","19.7 %","12.3 %","1.8 %","25","14.9 %","2","40.0 %","24.4 %","43.7 %","31.9 %","29.8 %","51.2 %","19.0 %","1101"
"Kevin Frandsen","Nationals",".289","1.52","21.4 %","47.4 %","31.3 %","11.7 %","1.7 %","4","4.4 %","3","60.0 %","45.2 %","28.4 %","26.4 %","19.3 %","56.9 %","23.9 %","7528"
"Joe Panik","Giants",".343","1.86","22.8 %","50.2 %","27.0 %","14.1 %","1.6 %","6","5.0 %","0","0.0 %","32.4 %","40.3 %","27.3 %","23.1 %","52.9 %","24.0 %","11936"
"Nori Aoki","Royals",".314","3.63","21.0 %","61.9 %","17.1 %","5.5 %","1.4 %","21","7.9 %","6","26.1 %","29.9 %","32.2 %","37.9 %","21.1 %","60.3 %","18.6 %","13075"
"Adam Eaton","White Sox",".359","2.96","20.2 %","59.7 %","20.2 %","3.8 %","1.3 %","29","12.2 %","5","50.0 %","29.5 %","31.2 %","39.3 %","22.4 %","53.3 %","24.3 %","11205"
"Tommy La Stella","Braves",".283","1.65","22.9 %","48.0 %","29.0 %","1.2 %","1.2 %","1","0.7 %","1","25.0 %","32.9 %","36.4 %","30.7 %","16.6 %","56.2 %","27.2 %","12371"
"Eric Sogard","Athletics",".251","1.20","23.9 %","41.6 %","34.6 %","8.3 %","1.2 %","7","6.9 %","4","23.5 %","39.2 %","32.7 %","28.1 %","23.1 %","59.6 %","17.3 %","7927"
"Jackie Bradley Jr.","Red Sox",".284","1.30","18.0 %","46.4 %","35.6 %","9.7 %","1.1 %","4","3.3 %","1","20.0 %","36.1 %","36.5 %","27.4 %","13.5 %","51.5 %","35.0 %","12984"
"Adeiny Hechavarria","Marlins",".323","2.26","22.3 %","53.9 %","23.9 %","5.7 %","1.0 %","17","7.2 %","6","30.0 %","26.3 %","39.6 %","34.1 %","17.8 %","54.8 %","27.4 %","10459"
"Jose Molina","Rays",".233","1.76","12.4 %","55.9 %","31.8 %","3.7 %","0.0 %","6","6.3 %","0","0.0 %","33.0 %","35.2 %","31.8 %","18.8 %","61.4 %","19.9 %","25"
"Mark Ellis","Cardinals",".225","1.52","20.7 %","47.9 %","31.4 %","4.5 %","0.0 %","3","4.5 %","1","16.7 %","34.3 %","44.5 %","21.2 %","16.4 %","59.6 %","24.0 %","1443"
"Gerald Laird","Braves",".261","1.05","22.4 %","39.7 %","37.9 %","6.8 %","0.0 %","2","4.3 %","2","66.7 %","31.9 %","43.7 %","24.4 %","16.0 %","62.2 %","21.9 %","1698"
"Clint Barmes","Pirates",".294","0.91","21.2 %","37.6 %","41.2 %","14.3 %","0.0 %","0","0.0 %","0","0.0 %","41.2 %","31.8 %","27.1 %","21.2 %","50.6 %","28.2 %","1830"
"Don Kelly","Tigers",".299","1.13","24.8 %","39.8 %","35.3 %","17.0 %","0.0 %","0","0.0 %","0","0.0 %","38.5 %","37.0 %","24.4 %","32.6 %","43.7 %","23.7 %","2216"
"Jose Tabata","Pirates",".327","2.71","21.8 %","57.1 %","21.1 %","0.0 %","0.0 %","7","8.3 %","1","25.0 %","37.1 %","33.8 %","29.1 %","11.9 %","64.2 %","23.8 %","2411"
"Jordan Pacheco","- - -",".307","1.38","26.8 %","42.5 %","30.7 %","7.7 %","0.0 %","1","1.9 %","0","0.0 %","42.2 %","32.8 %","25.0 %","17.2 %","60.9 %","21.9 %","2677"
"Joaquin Arias","Giants",".285","1.76","18.0 %","52.3 %","29.7 %","5.9 %","0.0 %","5","5.6 %","0","0.0 %","46.2 %","35.3 %","18.5 %","22.0 %","61.9 %","16.2 %","3817"
"Chris Stewart","Pirates",".364","1.30","29.6 %","39.8 %","30.6 %","15.2 %","0.0 %","1","2.3 %","1","25.0 %","38.4 %","36.6 %","25.0 %","28.6 %","52.7 %","18.8 %","3878"
"Jonathan Herrera","Red Sox",".313","2.33","20.6 %","55.6 %","23.8 %","13.3 %","0.0 %","2","5.7 %","3","42.9 %","28.6 %","50.0 %","21.4 %","22.9 %","58.6 %","18.6 %","4182"
"John Baker","Cubs",".278","1.74","25.6 %","47.2 %","27.2 %","2.9 %","0.0 %","3","5.1 %","0","0.0 %","30.5 %","42.2 %","27.3 %","18.0 %","51.6 %","30.5 %","4756"
"Elian Herrera","Brewers",".370","1.31","21.3 %","44.7 %","34.0 %","6.3 %","0.0 %","4","9.5 %","2","28.6 %","29.7 %","35.6 %","34.7 %","17.8 %","57.4 %","24.8 %","5432"
"Brendan Ryan","Yankees",".221","1.00","15.3 %","42.4 %","42.4 %","2.8 %","0.0 %","3","8.3 %","1","50.0 %","41.4 %","29.9 %","28.7 %","19.5 %","55.2 %","25.3 %","6073"
"Tony Gwynn","Phillies",".195","1.58","19.5 %","49.4 %","31.2 %","12.5 %","0.0 %","1","2.6 %","2","18.2 %","39.8 %","28.4 %","31.8 %","21.6 %","56.8 %","21.6 %","6141"
"Daniel Robertson","Rangers",".320","1.86","16.3 %","54.4 %","29.3 %","14.0 %","0.0 %","6","7.5 %","1","20.0 %","27.0 %","38.8 %","34.2 %","23.0 %","61.8 %","15.1 %","6266"
"Ryan Kalish","Cubs",".323","3.06","18.9 %","61.1 %","20.0 %","0.0 %","0.0 %","6","10.9 %","0","0.0 %","33.0 %","37.2 %","29.8 %","21.3 %","56.4 %","22.3 %","6962"
"Chris Gimenez","- - -",".322","1.48","23.0 %","46.0 %","31.0 %","14.8 %","0.0 %","5","12.5 %","0","0.0 %","39.1 %","27.6 %","33.3 %","24.1 %","48.3 %","27.6 %","7324"
"Mike Carp","- - -",".227","1.41","20.6 %","46.4 %","33.0 %","15.6 %","0.0 %","0","0.0 %","0","0.0 %","34.0 %","37.1 %","28.9 %","19.6 %","55.7 %","24.7 %","7480"
"Logan Schafer","Brewers",".233","1.18","17.8 %","44.4 %","37.8 %","17.6 %","0.0 %","4","10.0 %","1","33.3 %","34.4 %","38.7 %","26.9 %","24.7 %","48.4 %","26.9 %","7937"
"Daniel Descalso","Cardinals",".305","1.10","17.3 %","43.3 %","39.4 %","8.0 %","0.0 %","1","1.8 %","1","50.0 %","36.4 %","35.7 %","27.9 %","24.8 %","54.3 %","20.9 %","8392"
"Ehire Adrianza","Giants",".303","0.90","25.0 %","35.5 %","39.5 %","20.0 %","0.0 %","3","11.1 %","0","0.0 %","44.9 %","32.1 %","23.1 %","32.1 %","50.0 %","18.0 %","8418"
"Craig Gentry","Athletics",".314","1.66","21.2 %","49.2 %","29.6 %","7.5 %","0.0 %","14","15.9 %","7","63.6 %","38.4 %","40.0 %","21.6 %","20.5 %","62.6 %","16.8 %","9571"
"Josh Thole","Blue Jays",".306","3.19","17.8 %","62.6 %","19.6 %","0.0 %","0.0 %","2","3.0 %","1","25.0 %","25.2 %","33.3 %","41.4 %","18.0 %","64.9 %","17.1 %","9689"
"James Jones","Mariners",".318","2.48","24.0 %","54.1 %","21.8 %","12.0 %","0.0 %","18","14.5 %","2","10.0 %","30.1 %","35.3 %","34.5 %","24.9 %","51.8 %","23.3 %","9767"
"Christian Bethancourt","Braves",".322","1.74","14.9 %","54.0 %","31.0 %","7.4 %","0.0 %","3","6.4 %","0","0.0 %","36.8 %","33.3 %","29.9 %","29.9 %","44.8 %","25.3 %","10028"
"Bryan Holaday","Tigers",".293","1.58","19.8 %","49.1 %","31.0 %","16.7 %","0.0 %","2","3.5 %","5","55.6 %","43.2 %","36.0 %","20.8 %","26.4 %","55.2 %","18.4 %","11287"
"Matt den Dekker","Mets",".322","1.83","26.7 %","47.4 %","25.9 %","10.0 %","0.0 %","4","7.3 %","1","50.0 %","39.0 %","38.1 %","22.9 %","17.0 %","47.5 %","35.6 %","11385"
"Yolmer Sanchez","White Sox",".329","1.33","26.3 %","42.1 %","31.6 %","8.3 %","0.0 %","4","12.5 %","0","0.0 %","31.6 %","39.5 %","29.0 %","21.1 %","54.0 %","25.0 %","11602"
"Munenori Kawasaki","Blue Jays",".323","3.68","29.6 %","55.4 %","15.1 %","17.9 %","0.0 %","9","8.7 %","2","14.3 %","31.5 %","39.0 %","29.5 %","26.0 %","60.0 %","14.0 %","13047"
"Luis Sardinas","Rangers",".319","3.93","21.3 %","62.8 %","16.0 %","6.7 %","0.0 %","1","1.7 %","0","0.0 %","30.9 %","30.9 %","38.1 %","28.9 %","59.8 %","11.3 %","13153"
"Chris Taylor","Mariners",".398","1.08","21.1 %","41.1 %","37.9 %","11.1 %","0.0 %","7","17.9 %","3","75.0 %","41.4 %","34.3 %","24.2 %","20.2 %","62.6 %","17.2 %","13757"
