"Name","Team","wFB","wSL","wCT","wCB","wCH","wSF","wKN","wFB/C","wSL/C","wCT/C","wCB/C","wCH/C","wSF/C","wKN/C","playerid"
"Andrew McCutchen","Pirates","32.2","3.1","4.4","3.8","6.9","1.2","-0.1","2.50","0.57","2.58","1.33","2.58","3.09","-0.88","9847"
"Nelson Cruz","Orioles","31.9","-2.1","2.6","1.0","-1.5","-1.7","-1.1","2.37","-0.44","1.44","0.54","-0.65","-3.13","-3.97","2434"
"Jose Abreu","White Sox","30.9","3.8","8.5","-1.7","2.1","1.8","3.2","2.55","0.90","5.37","-0.80","0.85","7.25","24.77","15676"
"Troy Tulowitzki","Rockies","29.1","4.8","-1.8","-0.5","6.6","0.1","","3.73","1.96","-2.26","-0.31","4.64","0.45","","3531"
"Jose Bautista","Blue Jays","26.6","6.0","0.7","7.1","5.1","0.9","-0.2","1.81","1.26","0.35","2.98","2.07","1.47","-5.01","1887"
"Steve Pearce","Orioles","26.0","0.8","2.6","-1.6","1.3","-0.7","0.5","3.32","0.27","2.57","-1.07","0.86","-2.18","5.98","9957"
"Carlos Santana","Indians","24.6","-4.7","-2.1","1.0","2.0","1.3","-0.4","1.68","-1.50","-1.61","0.28","0.44","1.42","-3.28","2396"
"Michael Brantley","Indians","24.6","1.9","5.3","3.2","3.5","4.6","-0.6","1.78","0.58","3.80","1.32","1.47","7.86","-4.82","4106"
"Jayson Werth","Nationals","24.2","-0.8","3.8","3.7","-1.2","2.9","","1.52","-0.21","2.30","1.18","-0.63","11.75","","1327"
"Paul Goldschmidt","Diamondbacks","24.0","1.3","1.8","5.6","2.1","0.0","","2.21","0.37","1.34","3.12","1.32","0.14","","9218"
"Victor Martinez","Tigers","23.4","9.2","3.4","7.1","7.6","0.1","-0.9","1.87","3.70","2.18","2.34","1.75","0.19","-3.97","393"
"Christian Yelich","Marlins","22.3","0.1","-0.9","1.5","-3.6","-0.6","","1.35","0.05","-0.59","0.46","-1.06","-1.50","","11477"
"Josh Harrison","Pirates","22.3","1.0","1.9","-1.4","0.2","-0.3","-0.5","2.00","0.29","1.80","-0.70","0.09","-1.99","-9.10","8202"
"Matt Kemp","Dodgers","22.2","-4.2","-1.9","-0.4","4.0","0.1","","1.86","-0.92","-1.58","-0.15","1.64","0.41","","5631"
"Giancarlo Stanton","Marlins","21.6","-4.5","2.9","6.4","13.0","-0.5","","1.58","-1.00","1.91","2.47","5.32","-1.51","","4949"
"Anthony Rendon","Nationals","21.6","1.0","-2.5","4.0","1.1","0.7","","1.31","0.25","-1.39","1.75","0.47","6.09","","12861"
"Todd Frazier","Reds","21.4","-2.5","-2.2","3.6","2.9","-0.4","1.2","1.53","-0.51","-1.36","1.53","1.26","-2.04","9.07","785"
"Adrian Beltre","Rangers","21.3","5.3","2.0","3.7","1.4","1.0","0.3","1.61","1.52","1.15","2.41","0.63","2.90","1.25","639"
"George Springer","Astros","20.1","-6.3","-1.9","3.1","-3.3","0.6","","2.86","-2.21","-2.37","2.61","-2.10","2.06","","12856"
"Kyle Seager","Mariners","19.6","-1.6","3.1","-0.8","0.3","-1.5","-1.3","1.48","-0.46","2.19","-0.26","0.09","-2.58","-5.70","9785"
"Buster Posey","Giants","18.9","0.6","1.1","2.9","4.2","-0.2","","1.48","0.14","0.74","1.37","1.79","-1.27","","9166"
"Kole Calhoun","Angels","18.9","-3.5","1.8","-2.4","3.1","1.4","-0.7","1.67","-1.57","1.38","-0.94","1.49","3.15","-5.52","11200"
"Miguel Cabrera","Tigers","18.8","4.2","-0.6","3.9","11.6","-0.5","-1.2","1.32","1.19","-0.33","1.87","4.54","-1.26","-8.61","1744"
"J.D. Martinez","Tigers","18.8","6.0","1.8","6.2","-2.2","-1.3","-0.8","2.08","1.58","1.32","3.57","-1.01","-3.95","-7.79","6184"
"Russell Martin","Pirates","18.7","-3.0","1.7","3.8","-2.3","1.1","0.4","1.79","-0.84","1.46","2.08","-1.25","5.53","14.91","4616"
"Adrian Gonzalez","Dodgers","18.6","0.3","3.3","0.6","-1.3","-0.8","","1.20","0.11","3.68","0.31","-0.44","-3.17","","1908"
"Starling Marte","Pirates","18.5","6.3","-0.2","3.6","1.3","0.2","-1.1","1.58","1.72","-0.16","1.81","0.90","0.76","-6.89","9241"
"Neil Walker","Pirates","17.9","-0.5","-0.6","3.9","-0.7","-1.1","0.2","1.47","-0.25","-0.46","2.01","-0.20","-1.86","1.74","7539"
"Freddie Freeman","Braves","17.9","1.4","-0.1","7.8","2.5","-0.8","","1.27","0.29","-0.03","2.43","0.68","-2.00","","5361"
"Lucas Duda","Mets","17.9","-2.7","7.4","-4.3","5.2","-0.1","","1.52","-0.74","5.96","-1.26","1.38","-0.18","","2502"
"David Ortiz","Red Sox","17.9","1.2","0.8","3.0","-1.3","0.7","0.8","1.49","0.37","0.56","1.14","-0.43","1.03","3.52","745"
"Yasiel Puig","Dodgers","17.8","11.1","1.5","5.5","1.7","0.9","","1.35","3.02","1.05","2.49","0.80","4.07","","14225"
"Mike Trout","Angels","17.7","13.8","5.0","3.9","12.9","-0.6","0.3","0.89","3.30","2.43","1.69","6.13","-1.63","1.58","10155"
"Anthony Rizzo","Cubs","16.6","5.6","4.7","11.6","4.2","-0.2","","1.23","1.78","3.16","4.49","1.38","-0.28","","3473"
"Josh Donaldson","Athletics","16.6","-1.9","-0.8","1.7","6.3","-1.8","0.0","1.13","-0.41","-0.53","0.69","2.24","-2.71","0.17","5038"
"Carlos Gomez","Brewers","16.4","-0.9","6.6","4.2","-2.9","3.0","1.3","1.32","-0.21","4.21","2.17","-1.29","8.31","7.89","4881"
"Colby Rasmus","Blue Jays","16.3","-4.9","-3.2","0.9","-3.0","-2.1","-0.3","2.07","-2.08","-3.01","0.54","-1.76","-4.66","-6.37","9893"
"Starlin Castro","Cubs","16.1","-6.6","0.5","3.8","-4.7","-1.8","","1.37","-1.72","0.34","1.91","-2.65","-5.22","","4579"
"Matt Carpenter","Cardinals","15.9","1.8","-1.8","1.2","5.3","-0.9","","0.79","0.54","-0.86","0.40","2.42","-2.48","","8090"
"Curtis Granderson","Mets","15.8","-6.6","0.5","1.9","-2.9","0.1","","1.04","-1.88","0.39","0.67","-0.80","0.21","","4747"
"Brian Dozier","Twins","15.4","-1.0","-0.1","3.1","-0.4","0.8","1.9","0.94","-0.19","-0.06","1.35","-0.12","2.03","5.98","9810"
"Dexter Fowler","Astros","15.3","0.7","1.3","1.1","0.2","0.4","-0.8","1.27","0.44","0.93","0.59","0.06","0.67","-2.74","4062"
"Marcell Ozuna","Marlins","15.3","-3.1","1.4","4.5","-5.1","0.0","","1.25","-0.66","0.94","1.69","-2.04","0.19","","10324"
"Adam Dunn","- - -","15.1","-3.1","3.6","0.6","-5.9","-0.6","-0.2","1.28","-1.16","2.43","0.24","-2.29","-1.13","-1.18","319"
"Kennys Vargas","Twins","15.1","-4.7","-1.8","-1.7","-2.9","0.5","","3.46","-5.08","-3.48","-1.54","-1.64","4.51","","12101"
"Chris Iannetta","Angels","14.9","-3.4","0.7","1.0","-1.4","0.9","-0.1","1.85","-1.54","0.77","0.60","-0.81","4.41","-0.77","8267"
"Melky Cabrera","Blue Jays","14.8","5.1","-1.9","0.5","3.2","1.4","","1.12","2.38","-1.18","0.20","1.07","2.38","","4022"
"Charlie Blackmon","Rockies","14.7","-0.4","0.8","2.0","0.2","0.1","","1.00","-0.15","0.54","0.89","0.07","0.34","","7859"
"Jonathan Lucroy","Brewers","14.7","-0.5","3.6","5.5","5.3","1.1","0.0","0.90","-0.14","2.51","3.11","2.78","3.42","-0.08","7870"
"Brandon Moss","Athletics","14.6","-1.7","1.0","4.9","-8.9","1.2","1.1","1.27","-0.62","0.66","1.90","-2.28","1.70","4.72","4467"
"Lorenzo Cain","Royals","14.6","-3.9","-1.2","0.5","-2.0","-1.7","0.0","1.57","-1.24","-0.71","0.22","-1.09","-5.80","0.18","9077"
"Nick Castellanos","Tigers","14.5","-9.4","-1.1","4.6","-7.5","-1.0","0.5","1.27","-2.45","-0.53","2.35","-3.18","-2.70","2.41","11737"
"Rickie Weeks Jr.","Brewers","14.5","-2.2","-0.8","1.0","-1.0","-0.5","","2.48","-1.03","-1.64","1.03","-0.90","-3.96","","1849"
"Matt Holliday","Cardinals","14.1","0.3","-2.9","2.2","6.0","1.1","","0.90","0.10","-1.49","1.25","3.61","6.34","","1873"
"Devin Mesoraco","Reds","14.0","2.0","5.2","2.0","3.7","1.7","","1.62","0.59","4.43","1.12","1.93","9.46","","5666"
"Brandon Crawford","Giants","13.8","-2.1","-4.5","0.9","-5.3","-1.1","","1.15","-0.75","-3.94","0.48","-1.84","-3.16","","5343"
"Adam LaRoche","Nationals","13.7","1.9","0.3","0.5","3.8","0.0","","1.04","0.66","0.24","0.19","1.40","-0.06","","1904"
"Marlon Byrd","Phillies","13.5","-1.2","2.9","-4.3","1.4","-1.1","0.4","1.03","-0.26","2.00","-1.91","0.71","-4.65","5.92","950"
"Bryce Harper","Nationals","13.2","-1.4","-0.8","-3.1","0.7","1.0","","1.61","-0.70","-1.12","-1.58","0.34","3.09","","11579"
"Justin Upton","Braves","12.9","-4.6","0.4","0.3","11.9","2.2","","0.85","-0.92","0.23","0.12","7.35","9.94","","5222"
"Jhonny Peralta","Cardinals","12.5","-1.9","-0.5","4.2","-2.3","1.4","","0.94","-0.48","-0.28","1.72","-0.75","4.96","","1738"
"Jason Heyward","Braves","12.4","-1.5","-1.7","2.9","5.5","-1.1","","0.81","-0.42","-1.03","1.48","2.11","-3.42","","4940"
"Jose Reyes","Blue Jays","12.2","-1.4","1.8","-1.6","3.6","0.1","0.4","0.88","-0.80","1.12","-0.90","1.11","0.19","13.06","1736"
"Chris Davis","Orioles","12.0","0.9","3.7","-6.0","-6.2","-2.6","0.7","0.99","0.39","4.33","-2.25","-2.46","-3.04","4.13","9272"
"Justin Ruggiano","Cubs","11.9","-1.4","-0.2","-0.9","-3.2","-0.3","","2.29","-0.72","-0.35","-0.82","-3.29","-3.86","","7620"
"Alex Gordon","Royals","11.8","1.9","2.9","-2.8","4.8","-1.0","0.1","0.86","0.59","1.55","-0.77","1.52","-1.51","0.66","5209"
"Chase Headley","- - -","11.8","-2.4","-4.0","-6.3","-2.9","1.1","-0.2","1.03","-1.15","-2.81","-2.38","-0.89","2.33","-2.42","4720"
"Michael Bourn","Indians","11.7","-1.0","-2.3","-0.9","-6.7","-1.8","-0.2","1.13","-0.49","-2.08","-0.34","-3.38","-2.84","-1.80","6387"
"Jacoby Ellsbury","Yankees","11.5","1.3","-0.1","-0.4","-3.6","1.7","0.5","0.85","0.51","-0.09","-0.15","-1.45","3.47","2.10","4727"
"Hunter Pence","Giants","11.3","7.1","-2.0","1.1","1.8","-0.1","","0.75","1.32","-1.04","0.41","0.63","-0.43","","8252"
"Michael Morse","Giants","11.2","-2.3","-0.7","0.1","2.1","0.4","","1.04","-0.79","-0.76","0.04","1.36","3.92","","3035"
"Pedro Alvarez","Pirates","11.2","-3.9","-0.4","-1.1","-5.9","-2.4","0.5","1.46","-1.35","-0.41","-0.47","-2.21","-5.36","4.23","2495"
"Justin Morneau","Rockies","11.2","7.0","2.6","4.1","6.0","-1.0","","1.06","3.51","2.02","2.26","1.89","-3.95","","1737"
"Juan Francisco","Blue Jays","11.1","-1.6","-3.1","-5.0","1.6","-1.3","","1.97","-0.83","-2.93","-2.50","1.15","-2.29","","6978"
"Ryan Howard","Phillies","11.0","0.7","-2.9","-1.4","-6.9","0.2","-0.8","0.77","0.17","-2.34","-0.49","-2.33","0.50","-6.49","2154"
"Scott Van Slyke","Dodgers","10.9","3.4","3.6","-1.1","-0.3","-0.3","","1.88","2.10","7.60","-1.42","-0.22","-9.77","","4365"
"Justin Turner","Dodgers","10.8","7.5","-0.5","3.3","-1.1","0.3","","1.32","3.79","-0.78","3.00","-0.89","2.12","","5235"
"Ender Inciarte","Diamondbacks","10.7","-3.3","-0.2","0.1","-2.5","-0.4","","1.06","-1.83","-0.21","0.08","-2.05","-3.32","","4922"
"Seth Smith","Padres","10.6","5.3","6.4","-3.4","3.2","1.2","","0.95","2.47","5.30","-1.05","1.08","3.48","","7331"
"Adam Eaton","White Sox","10.5","1.1","0.8","1.8","3.1","2.2","","0.80","0.50","0.68","0.69","1.96","6.11","","11205"
"Denard Span","Nationals","10.4","4.5","-0.5","-0.4","5.5","0.9","","0.64","2.01","-0.34","-0.17","2.91","3.92","","8347"
"Chris Coghlan","Cubs","10.2","-0.5","2.2","1.3","1.5","-1.4","","1.06","-0.25","2.64","0.60","0.73","-3.68","","6878"
"Torii Hunter","Tigers","10.0","-4.6","0.7","3.0","-0.8","-1.0","-0.9","0.87","-1.51","0.48","1.93","-0.40","-3.27","-5.02","731"
"John Jaso","Athletics","9.9","-3.4","1.2","-0.1","0.5","-0.2","-0.2","1.40","-2.84","1.51","-0.08","0.25","-0.48","-4.84","5887"
"Daniel Murphy","Mets","9.8","0.0","-4.1","-0.4","0.7","1.0","","0.72","0.01","-2.93","-0.18","0.23","2.56","","4316"
"Adam Jones","Orioles","9.7","3.6","-2.7","1.8","7.0","-0.6","-1.2","0.76","0.81","-1.58","0.72","2.78","-1.20","-3.65","6368"
"Corey Dickerson","Rockies","9.7","4.4","4.4","6.6","8.1","1.0","","0.85","2.11","4.22","3.49","4.00","2.91","","10762"
"Marwin Gonzalez","Astros","9.4","-1.6","0.3","-2.4","-3.2","-1.2","0.1","1.46","-1.74","0.35","-2.08","-1.81","-3.85","4.40","5497"
"Robinson Cano","Mariners","9.4","4.4","2.6","2.0","2.0","2.5","-0.7","0.66","1.68","2.31","0.93","0.95","10.57","-4.41","3269"
"Shin-Soo Choo","Rangers","9.2","-3.2","0.5","-1.5","2.4","-1.1","0.1","0.75","-1.13","0.37","-0.67","1.30","-2.14","0.42","3174"
"Jose Altuve","Astros","9.2","3.3","0.1","8.6","3.4","1.1","0.5","0.73","0.95","0.10","5.69","1.64","5.67","1.63","5417"
"Pablo Sandoval","Giants","9.2","-1.7","-2.6","0.0","3.0","0.2","","0.74","-0.70","-1.77","0.00","1.01","0.46","","5409"
"Alex Avila","Tigers","9.2","-1.7","2.0","-1.8","-7.6","-0.8","0.8","0.92","-0.77","1.58","-0.90","-3.20","-1.66","3.50","7476"
"Nolan Arenado","Rockies","8.9","2.5","0.0","2.7","0.6","0.6","","0.98","0.92","-0.03","1.72","0.39","2.77","","9777"
"Edwin Encarnacion","Blue Jays","8.6","1.3","2.9","2.0","9.6","1.2","-0.5","0.70","0.34","1.41","1.37","4.73","3.17","-4.63","2151"
"Joey Votto","Reds","8.6","0.7","-1.2","2.1","0.9","0.1","0.3","1.21","0.50","-1.91","2.09","0.73","0.44","2.12","4314"
"Trevor Plouffe","Twins","8.6","0.0","-3.3","1.5","1.4","2.2","-0.1","0.69","0.01","-1.69","0.66","0.66","8.18","-0.88","7462"
"Chris Carter","Astros","8.5","0.9","-0.4","2.3","0.0","-1.6","1.7","0.69","0.21","-0.24","1.05","-0.02","-4.24","5.64","9911"
"A.J. Pollock","Diamondbacks","8.4","3.0","0.7","3.2","-0.7","1.5","","1.42","1.57","0.99","2.73","-0.86","7.39","","9256"
"Danny Santana","Twins","8.3","-1.8","2.9","3.4","5.5","1.6","-0.1","0.85","-1.28","2.92","2.02","2.50","5.37","-1.60","10322"
"Howie Kendrick","Angels","8.2","-0.7","-3.3","4.8","2.0","0.3","0.0","0.58","-0.17","-1.79","1.89","1.08","1.28","0.25","4229"
"Mike Napoli","Red Sox","8.2","-2.5","5.1","2.8","2.0","-0.3","0.1","0.63","-0.71","3.32","1.63","1.09","-1.00","0.17","3057"
"Michael Cuddyer","Rockies","8.2","3.2","2.0","3.0","-0.5","0.1","","1.83","3.12","3.92","4.11","-0.77","1.68","","1534"
"Kevin Kiermaier","Rays","8.1","-1.0","-1.1","-0.8","4.4","-0.7","-0.2","1.18","-0.79","-1.20","-0.48","3.07","-1.90","-0.75","11038"
"Drew Stubbs","Rockies","8.0","5.7","0.7","1.4","1.8","-0.2","","0.77","2.13","0.74","1.03","1.30","-0.88","","9328"
"Evan Longoria","Rays","7.9","-7.8","1.2","7.9","-4.9","-1.0","2.3","0.57","-1.84","0.73","3.67","-2.43","-1.93","6.02","9368"
"Leonys Martin","Rangers","7.7","0.0","-3.6","-2.9","-2.8","2.8","0.4","0.70","0.02","-2.58","-0.95","-1.31","5.02","1.28","11846"
"Joe Mauer","Twins","7.6","-1.7","-1.1","0.5","-0.3","-0.5","0.0","0.62","-0.68","-0.76","0.22","-0.11","-1.76","0.10","1857"
"Ben Zobrist","Rays","7.5","2.1","2.2","1.2","3.6","0.0","0.2","0.52","0.91","1.36","0.44","1.07","-0.05","0.41","7435"
"Rene Rivera","Padres","7.5","0.3","-0.2","-3.5","-3.1","1.5","","1.12","0.14","-0.36","-2.20","-2.19","11.52","","3648"
"Matt Adams","Cardinals","7.3","-0.4","1.4","3.1","3.1","-1.0","","0.68","-0.16","0.98","1.09","1.45","-2.40","","9393"
"Martin Prado","- - -","7.3","-2.2","1.8","-3.1","1.5","-0.7","","0.55","-0.60","1.16","-1.72","0.88","-2.73","","3312"
"Josh Reddick","Athletics","7.1","-1.2","0.9","4.1","0.9","-0.5","-0.4","0.89","-0.69","1.03","2.54","0.52","-2.97","-3.32","3892"
"Mike Olt","Cubs","7.1","-6.8","-0.4","-3.8","-3.1","-0.4","","1.24","-3.38","-0.66","-3.38","-2.66","-3.40","","10698"
"Nick Markakis","Orioles","6.9","0.4","0.5","6.3","-4.3","0.8","0.4","0.42","0.12","0.31","2.19","-1.44","1.18","1.24","5930"
"Conor Gillaspie","White Sox","6.9","0.2","0.1","3.1","-2.7","2.4","-0.4","0.65","0.09","0.09","1.66","-1.30","7.11","-3.99","9009"
"David DeJesus","Rays","6.8","-0.2","0.5","-1.1","-2.2","-0.4","-0.3","0.98","-0.24","1.00","-0.83","-2.06","-0.82","-1.06","1825"
"Brett Gardner","Yankees","6.7","4.4","1.2","3.1","-2.2","-0.9","0.0","0.37","1.68","0.71","1.14","-1.11","-1.09","-0.37","9927"
"Angel Pagan","Giants","6.6","1.5","0.5","-0.9","-0.5","-0.3","","0.72","1.07","0.73","-0.54","-0.26","-3.52","","2918"
"Desmond Jennings","Rays","6.4","-1.6","-5.4","-3.0","1.9","0.6","0.7","0.53","-0.41","-3.62","-1.53","1.02","1.91","8.03","1965"
"Albert Pujols","Angels","6.4","-3.3","4.5","1.2","6.3","1.0","-0.6","0.45","-0.75","2.48","0.48","3.45","2.68","-5.32","1177"
"Michael Saunders","Mariners","6.4","4.2","-2.3","-0.1","2.0","0.2","0.8","1.07","3.48","-5.77","-0.09","1.64","0.85","25.31","9981"
"Matt Joyce","Rays","6.3","1.1","-2.4","2.5","-5.4","1.8","-0.4","0.66","0.50","-1.67","1.11","-1.60","2.35","-0.86","3353"
"Juan Lagares","Mets","6.3","-7.3","1.2","0.1","5.4","-0.4","","0.63","-2.60","1.29","0.08","3.91","-2.59","","5384"
"Yasmani Grandal","Padres","6.2","-1.1","-0.3","-3.9","1.9","2.1","","0.58","-0.54","-0.25","-1.82","0.76","5.13","","11368"
"Evan Gattis","Braves","6.0","9.8","1.8","-5.1","-0.6","-0.9","","0.94","2.93","2.01","-2.20","-0.61","-4.06","","11003"
"Mookie Betts","Red Sox","5.9","-3.1","-0.2","2.2","3.9","0.0","0.2","1.08","-2.29","-0.52","2.78","3.63","-0.07","1.16","13611"
"Gaby Sanchez","Pirates","5.9","-5.1","-2.7","-0.6","0.7","-1.5","0.1","0.99","-2.56","-3.69","-0.44","0.59","-9.14","0.91","3361"
"Nori Aoki","Royals","5.9","2.8","-0.2","3.7","-0.9","-2.3","0.3","0.45","1.61","-0.15","1.89","-0.42","-4.28","1.23","13075"
"Kirk Nieuwenhuis","Mets","5.7","-0.6","-0.2","-1.3","1.2","-0.5","","1.62","-0.81","-0.90","-2.95","1.68","-7.09","","6400"
"Gregor Blanco","Giants","5.6","4.6","-1.1","0.0","-2.7","-0.5","","0.51","2.36","-1.50","0.02","-1.47","-5.41","","3123"
"Aramis Ramirez","Brewers","5.6","-0.7","0.7","-1.6","1.7","-1.8","-1.3","0.55","-0.25","0.49","-0.94","0.96","-9.72","-11.80","1002"
"Erick Aybar","Angels","5.4","-4.4","-0.6","5.7","-0.8","-3.0","0.7","0.44","-2.40","-0.42","2.12","-0.32","-5.98","7.72","4082"
"Delmon Young","Orioles","5.3","2.0","-4.0","1.1","1.9","-0.4","0.3","1.23","1.10","-5.31","1.23","1.58","-2.79","1.38","2140"
"Billy Butler","Royals","5.1","-5.8","0.8","-2.3","-0.3","-0.3","0.0","0.48","-1.36","0.47","-0.95","-0.13","-0.90","-0.22","7399"
"Travis Snider","Pirates","5.0","3.2","2.5","2.1","-2.8","-0.3","","0.60","1.97","3.84","1.29","-1.75","-0.73","","2830"
"Ramiro Pena","Braves","4.9","-2.4","-0.1","-2.9","-0.3","-0.7","","1.55","-2.90","-0.49","-5.67","-0.27","-7.29","","8841"
"C.J. Cron","Angels","4.9","-1.8","-2.6","-0.1","-2.9","0.3","","1.00","-1.05","-4.51","-0.05","-2.49","2.95","","12546"
"Derek Norris","Athletics","4.9","5.9","-2.0","0.6","-0.2","-0.2","-0.6","0.48","2.68","-1.58","0.33","-0.13","-0.88","-6.50","6867"
"Manny Machado","Orioles","4.8","-3.0","-2.5","0.1","2.0","0.6","0.1","0.66","-1.18","-3.79","0.13","1.85","3.73","0.34","11493"
"Eduardo Escobar","Twins","4.7","0.4","-0.1","1.0","0.3","-1.5","-0.5","0.48","0.22","-0.09","0.52","0.11","-4.13","-3.96","6153"
"Josh Willingham","- - -","4.7","4.9","0.2","-0.3","-1.6","-0.8","0.6","0.58","1.76","0.24","-0.22","-0.95","-3.87","7.46","2103"
"Dee Gordon","Dodgers","4.6","-0.6","-0.4","1.5","3.6","-1.9","","0.29","-0.25","-0.53","0.61","1.48","-5.46","","8203"
"Derek Dietrich","Marlins","4.6","0.6","-2.1","-0.3","-0.6","-0.5","","1.18","1.00","-4.73","-0.27","-0.56","-5.38","","10542"
"Ian Desmond","Nationals","4.5","-3.5","0.6","-2.2","5.3","-0.9","","0.33","-0.71","0.47","-0.79","2.69","-3.31","","6885"
"Adam Lind","Blue Jays","4.3","5.3","2.4","-0.8","6.1","-2.4","0.9","0.54","4.69","3.26","-0.63","5.41","-7.01","9.94","8027"
"Luis Valbuena","Cubs","4.2","1.1","-1.1","1.3","6.5","0.7","","0.32","0.47","-0.89","0.45","2.98","1.21","","4969"
"Shane Victorino","Red Sox","4.1","-2.9","0.5","-0.8","-0.4","-0.2","-0.8","1.35","-3.50","1.86","-1.81","-0.93","-18.54","-3.52","1677"
"Oswaldo Arcia","Twins","4.1","1.4","-1.6","-0.4","5.2","-2.2","0.4","0.48","0.60","-1.70","-0.22","2.57","-4.66","3.44","10306"
"Yonder Alonso","Padres","4.0","-2.3","-0.3","0.8","-5.0","-0.4","","0.70","-1.67","-0.47","0.87","-3.36","-3.61","","2530"
"Danny Valencia","- - -","4.0","-4.6","0.1","-0.5","-2.1","-0.8","-0.7","0.70","-2.70","0.18","-0.51","-1.36","-4.12","-35.94","6364"
"Juan Uribe","Dodgers","4.0","-0.3","-0.2","0.9","1.0","-0.1","","0.52","-0.11","-0.22","0.55","0.91","-0.70","","454"
"Brad Miller","Mariners","4.0","-0.8","-0.1","-2.0","0.8","-0.5","0.2","0.50","-0.39","-0.23","-1.12","0.54","-1.48","1.23","12775"
"Logan Morrison","Mariners","3.8","-2.2","0.1","2.3","-0.8","0.0","-0.8","0.51","-1.77","0.23","1.70","-0.50","0.08","-6.67","9205"
"Kristopher Negron","Reds","3.8","-1.1","-0.5","2.2","0.7","0.0","","1.00","-1.40","-1.89","5.42","1.21","-0.93","","5306"
"Yan Gomes","Indians","3.7","5.6","-2.2","0.9","3.5","-1.2","-0.3","0.34","1.47","-2.03","0.52","2.07","-4.03","-3.28","9627"
"Khris Davis","Brewers","3.7","6.0","4.7","0.5","-5.0","-1.8","","0.33","1.83","3.02","0.26","-2.12","-4.22","","9112"
"Carlos Beltran","Yankees","3.6","-2.5","-2.4","0.2","0.4","0.4","-1.2","0.38","-2.12","-1.97","0.10","0.16","0.80","-8.53","589"
"Ike Davis","- - -","3.5","0.4","-0.7","-2.0","-0.1","0.5","1.4","0.37","0.24","-0.71","-0.77","-0.05","1.26","70.00","8433"
"Ramon Santiago","Reds","3.4","-1.6","0.3","-0.4","-1.6","0.3","-0.5","0.63","-2.25","0.77","-0.57","-1.83","2.18","-6.75","1417"
"David Peralta","Diamondbacks","3.3","1.6","-1.7","-1.0","-0.8","3.1","","0.48","1.00","-2.21","-0.73","-0.55","11.39","","2136"
"Yangervis Solarte","- - -","3.3","4.3","0.6","-0.8","-4.1","-1.5","0.2","0.30","2.21","0.45","-0.41","-1.37","-2.51","2.84","5352"
"Alcides Escobar","Royals","3.2","-4.4","-4.9","4.0","-0.8","-0.1","0.9","0.27","-1.12","-2.72","2.01","-0.50","-0.48","5.38","6310"
"Alejandro De Aza","- - -","3.1","-2.4","-2.9","-3.0","3.8","1.9","-0.2","0.28","-1.08","-2.36","-1.13","1.50","3.49","-0.58","3371"
"Jon Jay","Cardinals","3.1","3.1","1.5","1.7","-3.0","0.7","","0.33","1.71","0.99","1.03","-1.82","2.04","","5227"
"Ryan Zimmerman","Nationals","3.0","1.3","-0.9","1.5","0.5","0.1","","0.54","0.88","-1.55","1.83","0.62","2.71","","4220"
"Chris Heisey","Reds","3.0","-5.9","-0.6","0.0","-2.7","0.5","","0.49","-2.77","-1.27","0.03","-2.45","4.91","","3978"
"Garrett Jones","Marlins","2.9","-9.2","-1.9","4.6","3.0","1.0","","0.24","-3.46","-1.36","2.02","0.98","2.04","","2714"
"Coco Crisp","Athletics","2.9","1.7","0.7","-0.9","4.2","0.3","-0.9","0.23","0.87","0.82","-0.35","1.41","1.63","-5.08","1572"
"Stephen Vogt","Athletics","2.7","-0.9","-1.8","0.1","2.3","1.7","0.7","0.43","-0.54","-2.78","0.11","1.44","6.38","7.79","5000"
"Collin Cowgill","Angels","2.7","0.6","-0.6","-1.7","2.2","-0.8","-0.4","0.39","0.40","-0.95","-1.52","2.47","-7.36","-4.66","7250"
"Ben Revere","Phillies","2.5","4.6","2.3","-4.1","-2.1","0.2","","0.16","2.11","2.31","-2.00","-1.32","0.76","","4712"
"Randal Grichuk","Cardinals","2.5","-3.5","0.0","-2.3","1.5","0.1","","1.04","-5.02","-0.11","-4.97","2.34","3.57","","10243"
"Joe Panik","Giants","2.3","0.7","-1.2","1.8","-0.6","-0.7","","0.36","0.58","-1.71","1.76","-0.35","-9.15","","11936"
"Brett Lawrie","Blue Jays","2.3","-1.1","3.3","0.5","-1.6","0.4","","0.39","-0.60","3.65","0.67","-1.81","1.62","","5247"
"Kevin Pillar","Blue Jays","2.2","-0.3","1.6","-1.4","-1.9","0.6","-0.5","0.93","-0.52","5.04","-3.30","-4.23","15.48","-9.10","12434"
"Phil Gosselin","Braves","2.1","-1.6","-0.4","-0.2","0.7","-0.1","","0.73","-2.12","-1.15","-0.38","1.52","-3.88","","10953"
"Josh Hamilton","Angels","2.1","3.0","0.1","-0.8","5.7","-1.3","-0.7","0.39","1.54","0.06","-0.36","2.34","-2.35","-8.45","1875"
"Tyler Colvin","Giants","2.1","1.2","0.0","-2.2","-3.6","-1.1","","0.67","1.78","0.10","-2.75","-5.36","-10.14","","5310"
"Bobby Abreu","Mets","2.0","-0.1","-0.1","-0.3","-1.2","-0.1","","0.49","-0.13","-0.35","-0.52","-1.45","-0.96","","945"
"Chris Colabello","Twins","1.9","-0.2","-1.6","0.0","-2.0","0.1","0.4","0.42","-0.12","-2.72","0.02","-2.12","1.32","3.43","13051"
"Scooter Gennett","Brewers","1.9","0.7","-0.6","0.5","3.5","1.2","-0.7","0.21","0.54","-0.65","0.26","1.69","5.26","-4.88","10339"
"Cesar Hernandez","Phillies","1.9","-1.6","0.2","-2.8","-1.8","-0.2","","0.62","-2.78","0.95","-6.03","-3.67","-1.63","","10556"
"Ryan Braun","Brewers","1.8","-2.1","1.8","4.0","5.2","0.4","0.9","0.14","-0.68","1.52","2.85","3.38","3.23","10.49","3410"
"John Mayberry","- - -","1.8","0.1","-2.1","0.4","2.3","-0.5","","0.44","0.06","-4.71","0.79","3.12","-9.02","","3390"
"David Ross","Red Sox","1.8","-5.4","0.4","-1.3","-0.3","0.1","-0.5","0.41","-5.99","0.93","-2.29","-0.52","2.62","-3.32","1551"
"Carlos Corporan","Astros","1.8","1.1","-0.5","0.4","-2.7","0.0","-0.3","0.42","1.96","-1.36","0.63","-2.30","0.06","-4.29","5587"
"Sean Rodriguez","Rays","1.8","1.7","1.1","-6.2","1.5","-1.0","","0.38","1.04","1.74","-4.86","1.18","-7.58","","6589"
"Enrique Hernandez","- - -","1.8","0.3","0.5","0.3","-0.4","-0.2","","0.55","0.37","1.16","0.60","-1.13","-3.04","","10472"
"Martin Maldonado","Brewers","1.6","-1.6","-1.2","1.5","0.8","-0.5","","0.55","-2.34","-4.62","3.51","1.60","-9.79","","6887"
"Daniel Nava","Red Sox","1.6","1.3","3.9","1.1","-2.1","0.7","-0.6","0.15","1.01","4.19","0.79","-1.18","1.40","-1.73","5450"
"Jarrod Dyson","Royals","1.6","0.0","-1.6","0.6","-0.1","-0.5","-0.4","0.23","0.01","-1.65","0.53","-0.06","-3.97","-9.60","4866"
"Will Venable","Padres","1.5","-5.9","-1.3","-2.9","-1.2","-0.4","","0.16","-3.09","-0.99","-1.39","-0.59","-1.05","","211"
"Jordan Danks","White Sox","1.5","-0.8","-1.7","-2.0","-0.2","0.2","","0.59","-1.35","-3.42","-3.14","-0.31","1.69","","9187"
"Matt Wieters","Orioles","1.4","2.4","1.2","1.3","-0.8","1.1","","0.63","5.82","4.63","3.40","-1.62","4.60","","4298"
"Josmil Pinto","Twins","1.4","0.4","-1.9","1.3","0.0","-1.8","0.1","0.26","0.30","-3.48","1.71","0.03","-15.21","1.37","6806"
"Donnie Murphy","Rangers","1.3","-3.4","0.3","0.3","-1.0","-0.5","-0.2","0.43","-4.30","1.03","0.68","-2.37","-8.12","-3.34","4704"
"Wilson Ramos","Nationals","1.3","-0.5","0.6","-3.9","-1.0","-0.5","","0.19","-0.24","1.01","-3.78","-1.21","-4.37","","1433"
"Steve Tolleson","Blue Jays","1.3","-1.6","1.2","0.9","-2.6","-0.3","","0.31","-1.61","2.17","1.21","-3.45","-3.64","","4450"
"Chris Parmelee","Twins","1.3","-4.4","-1.1","-0.7","-1.4","3.7","","0.20","-3.13","-1.51","-0.56","-1.11","11.31","","2554"
"Didi Gregorius","Diamondbacks","1.2","-0.7","-2.4","0.4","-0.4","-0.2","","0.18","-0.47","-3.28","0.32","-0.32","-2.41","","6012"
"Lyle Overbay","Brewers","1.2","-1.5","1.8","0.4","-3.4","-0.7","-0.2","0.18","-1.26","2.25","0.49","-2.32","-2.02","-4.76","1617"
"Chris Gimenez","- - -","1.2","-1.3","-1.5","-2.2","0.7","0.6","0.0","0.38","-1.66","-3.12","-4.23","2.63","7.71","-0.77","7324"
"Jose Lobaton","Nationals","1.1","-1.9","-1.2","-1.5","-4.3","0.7","","0.21","-2.33","-2.36","-1.83","-3.62","7.47","","4243"
"Brandon Guyer","Rays","1.1","2.5","0.2","0.4","1.1","0.1","-0.9","0.16","1.62","0.30","0.31","1.30","0.64","-9.10","2636"
"Skip Schumaker","Reds","1.0","-3.4","0.7","-2.0","-1.5","0.5","-0.3","0.17","-2.56","1.09","-1.79","-1.46","1.62","-2.37","3704"
"Aaron Hill","Diamondbacks","1.0","-8.7","-1.6","-2.3","-3.0","-0.4","","0.08","-2.17","-1.20","-1.38","-1.65","-1.32","","6104"
"Wilin Rosario","Rockies","0.9","0.9","-0.4","0.1","-1.5","-0.9","","0.15","0.30","-0.67","0.10","-1.05","-4.17","","8002"
"Tommy La Stella","Braves","0.9","-2.2","-2.8","-0.7","-2.9","1.0","","0.10","-1.59","-2.42","-0.46","-1.64","4.48","","12371"
"Michael McKenry","Rockies","0.9","3.2","2.5","0.9","1.7","0.6","","0.21","2.85","4.27","1.07","2.90","8.60","","9628"
"Robbie Grossman","Astros","0.8","3.2","4.8","-0.7","-6.2","-0.8","0.9","0.08","2.38","5.23","-0.46","-2.48","-1.69","2.85","5254"
"Rajai Davis","Tigers","0.8","3.4","-3.6","4.3","-0.1","0.6","0.1","0.08","1.42","-2.96","3.13","-0.08","3.11","0.59","3708"
"Craig Gentry","Athletics","0.8","0.6","-0.9","-2.6","0.4","-0.2","-1.1","0.13","0.52","-1.90","-2.76","0.49","-4.40","-6.37","9571"
"Mark Reynolds","Brewers","0.7","1.0","3.1","-1.7","-7.1","1.0","0.3","0.08","0.32","2.75","-0.96","-4.43","3.22","1.93","7619"
"Brock Holt","Red Sox","0.7","2.5","4.3","-1.6","1.0","-0.6","-1.3","0.06","1.16","3.33","-0.84","0.51","-1.83","-6.40","9345"
"Matt den Dekker","Mets","0.7","-0.4","0.4","-0.3","-0.5","0.1","","0.18","-0.63","1.01","-0.46","-0.68","0.52","","11385"
"Miguel Montero","Diamondbacks","0.7","-0.9","0.9","-0.4","-1.8","2.3","","0.06","-0.31","0.58","-0.20","-0.79","3.90","","3364"
"Ichiro Suzuki","Yankees","0.7","-0.4","-0.4","2.7","-0.9","-0.9","","0.07","-0.26","-0.45","1.80","-0.64","-1.79","","1101"
"Jeff Baker","Marlins","0.7","-3.5","1.1","0.9","-1.4","1.5","","0.13","-3.09","2.50","1.53","-1.10","20.82","","2073"
"Brian Roberts","Yankees","0.6","-5.0","-0.7","0.7","-1.6","0.8","0.0","0.08","-4.50","-0.86","0.55","-0.87","1.43","1.10","166"
"Cameron Maybin","Padres","0.6","-3.1","-1.6","-1.5","-3.0","-0.4","","0.11","-1.65","-2.81","-1.61","-2.72","-7.44","","5223"
"Endy Chavez","Mariners","0.6","-2.6","1.1","0.9","3.5","-0.3","","0.10","-2.66","2.11","0.78","3.21","-1.52","","768"
"David Lough","Orioles","0.5","1.9","0.7","0.5","-1.8","-1.5","","0.12","3.17","2.08","0.83","-2.00","-7.86","","7215"
"Gregorio Petit","Astros","0.5","0.8","-0.8","-0.2","0.7","-0.4","-0.1","0.22","1.37","-1.94","-0.77","3.32","-10.20","-2.93","3812"
"Francisco Cervelli","Yankees","0.4","0.3","-0.1","0.3","0.2","","2.2","0.12","0.26","-0.25","0.52","0.43","","8.49","5275"
"Brandon Phillips","Reds","0.4","-2.5","-0.6","-1.0","-1.6","0.1","0.1","0.04","-0.89","-0.52","-0.53","-0.90","0.76","1.38","791"
"Kelly Johnson","- - -","0.3","-2.2","1.1","-0.3","-0.3","-1.0","-0.5","0.05","-2.02","1.31","-0.25","-0.27","-2.17","-2.39","2234"
"Xander Bogaerts","Red Sox","0.3","-9.8","0.6","-0.2","-0.6","0.0","1.3","0.02","-2.17","0.45","-0.09","-0.27","-0.12","3.28","12161"
"Efren Navarro","Angels","0.2","-1.5","0.2","-0.5","-0.2","-0.2","","0.06","-1.79","0.50","-0.54","-0.23","-0.95","","9854"
"Eric Young","Mets","0.1","4.1","-1.7","-1.5","-2.8","-0.6","","0.02","4.60","-4.13","-1.63","-2.04","-4.60","","7158"
"Mike Carp","- - -","0.1","-0.6","-1.7","-3.1","-2.5","-0.2","-0.3","0.04","-0.98","-5.04","-6.25","-2.99","-3.99","-8.49","7480"
"Chris Taylor","Mariners","0.1","0.4","-1.0","1.2","1.5","-0.2","","0.04","0.41","-2.73","1.93","2.43","-10.01","","13757"
"Ryan Kalish","Cubs","0.1","1.5","-2.0","-0.8","-0.7","0.2","","0.03","2.98","-7.28","-1.97","-1.38","2.01","","6962"
"Jimmy Rollins","Phillies","0.1","2.6","-4.4","1.5","8.3","0.6","0.7","0.01","1.07","-4.12","0.50","2.31","1.43","6.07","971"
"Munenori Kawasaki","Blue Jays","0.1","-1.0","0.1","1.3","-3.9","-0.4","","0.01","-1.01","0.19","1.46","-4.73","-1.92","","13047"
"Darin Ruf","Phillies","0.0","-0.1","-0.9","0.7","0.6","-0.2","","0.01","-0.20","-2.50","1.26","0.94","-2.30","","9929"
"David Murphy","Indians","0.0","-1.4","0.8","4.1","0.7","0.0","0.7","0.00","-0.79","0.77","2.06","0.42","0.09","6.15","6035"
"Billy Hamilton","Reds","0.0","-3.6","-2.6","1.2","0.9","-0.3","","0.00","-1.90","-2.16","0.49","0.45","-0.89","","10199"
"Tommy Medica","Padres","-0.1","-0.1","0.7","1.5","-0.2","-0.5","","-0.02","-0.05","1.55","1.24","-0.16","-8.70","","11147"
"Anthony Gose","Blue Jays","-0.1","-3.7","-1.3","0.0","-2.9","-0.6","-0.4","-0.02","-3.66","-1.71","0.03","-2.35","-1.21","-10.00","5097"
"Eric Campbell","Mets","-0.1","-1.1","-0.1","0.6","-0.5","0.1","","-0.03","-0.74","-0.27","0.84","-0.46","2.67","","6938"
"Hector Sanchez","Giants","-0.2","-1.6","-1.9","-0.1","-3.7","-0.5","","-0.06","-2.54","-5.19","-0.19","-3.97","-3.41","","10289"
"Alexei Ramirez","White Sox","-0.2","-6.4","-0.7","-1.0","3.4","0.5","0.7","-0.02","-1.69","-0.37","-0.46","1.80","5.20","6.09","5133"
"Raul Ibanez","- - -","-0.2","-1.8","-0.9","-0.3","-5.1","-0.1","","-0.04","-1.68","-0.82","-0.25","-3.64","-0.27","","607"
"Prince Fielder","Rangers","-0.3","-2.4","-0.6","0.8","0.0","0.7","","-0.08","-3.88","-1.51","1.00","-0.01","6.55","","4613"
"Brandon Belt","Giants","-0.3","1.8","-2.0","0.4","2.8","","","-0.05","1.33","-4.47","0.37","3.02","","","10264"
"Jason Kipnis","Indians","-0.3","3.7","1.1","-1.7","-9.2","-1.9","","-0.02","1.45","0.92","-0.67","-3.79","-3.53","","9776"
"Anthony Recker","Mets","-0.4","0.0","-0.6","-0.5","-2.7","-0.8","","-0.08","-0.02","-2.75","-0.67","-5.97","-11.90","","4063"
"Dayan Viciedo","White Sox","-0.4","-5.9","-4.0","-0.6","3.8","0.2","1.1","-0.03","-1.48","-2.83","-0.29","2.29","0.90","16.36","3917"
"Welington Castillo","Cubs","-0.5","-1.6","-1.1","-0.3","2.2","-0.1","","-0.05","-0.63","-0.90","-0.17","1.52","-0.28","","3256"
"Chris Stewart","Pirates","-0.5","-2.4","0.4","1.2","1.7","0.2","","-0.13","-2.64","1.24","3.79","4.70","2.69","","3878"
"Erik Kratz","- - -","-0.6","1.1","-3.1","0.1","-1.9","-0.2","","-0.24","1.71","-7.80","0.18","-3.74","-18.54","","4403"
"Ehire Adrianza","Giants","-0.6","-0.8","-0.4","-1.0","-1.0","0.1","","-0.26","-1.25","-7.38","-3.27","-2.69","0.47","","8418"
"Chris Owings","Diamondbacks","-0.6","-2.9","3.0","1.4","-0.1","-0.2","","-0.09","-1.27","3.34","1.15","-0.15","-1.24","","10030"
"Casey McGehee","Marlins","-0.7","1.4","2.2","-0.7","-6.0","0.0","","-0.05","0.33","1.42","-0.27","-2.14","0.10","","6086"
"Jesus Guzman","Astros","-0.7","-3.8","-1.3","-4.0","-0.8","-0.1","0.0","-0.16","-4.23","-2.56","-3.87","-0.97","-14.46","3.50","3118"
"Christian Vazquez","Red Sox","-0.7","-3.6","0.8","0.5","1.4","0.5","-0.8","-0.14","-3.07","2.42","0.62","2.33","4.73","-2.86","9774"
"Wil Nieves","Phillies","-0.7","-1.0","0.4","-1.6","-2.1","0.6","-0.4","-0.30","-1.31","2.49","-4.18","-5.37","20.62","-4.85","1556"
"Andre Ethier","Dodgers","-0.8","1.3","0.3","-0.2","-1.5","2.1","","-0.09","0.79","0.42","-0.11","-0.77","13.38","","6265"
"Travis Ishikawa","- - -","-0.8","-1.9","-0.2","0.1","0.8","0.5","","-0.26","-3.24","-0.71","0.33","1.67","15.69","","4793"
"Corey Hart","Mariners","-0.9","-4.5","-0.9","1.7","-2.6","0.0","","-0.19","-2.19","-1.39","2.27","-2.82","-0.41","","1945"
"Jake Goebbert","Padres","-1.0","-1.0","-0.3","-1.2","-0.4","0.8","","-0.44","-1.98","-0.89","-2.07","-0.66","8.05","","9431"
"Eric Sogard","Athletics","-1.0","-5.0","-2.0","1.2","-4.5","-1.1","-0.4","-0.14","-3.70","-2.41","1.23","-4.14","-4.60","-2.98","7927"
"Marcus Semien","White Sox","-1.0","-0.1","-1.5","2.4","-1.3","-0.1","","-0.16","-0.05","-1.71","2.67","-1.19","-0.82","","12533"
"Dioner Navarro","Blue Jays","-1.1","-4.4","1.8","1.5","5.7","-2.5","","-0.09","-2.40","1.73","0.92","2.20","-3.49","","3179"
"Jordan Schafer","- - -","-1.1","0.3","0.2","-2.6","-1.1","0.4","","-0.22","0.34","0.33","-3.43","-1.39","5.47","","9883"
"Brayan Pena","Reds","-1.2","-1.7","-2.0","3.4","-4.2","0.8","-0.5","-0.15","-1.34","-2.65","2.61","-2.21","2.68","-2.99","3231"
"Jon Singleton","Astros","-1.2","-2.9","-0.6","-0.6","-3.4","-0.7","2.0","-0.13","-1.75","-0.49","-0.43","-1.53","-1.45","13.63","10441"
"Hanley Ramirez","Dodgers","-1.2","5.7","0.6","9.4","7.3","-0.3","","-0.11","1.89","0.61","5.54","3.90","-0.82","","8001"
"Justin Smoak","Mariners","-1.3","-1.0","-1.3","-2.5","-3.8","1.5","","-0.21","-0.82","-2.12","-1.93","-2.16","14.71","","9054"
"Avisail Garcia","White Sox","-1.3","0.6","-2.4","1.1","1.0","-0.2","","-0.33","0.47","-4.20","1.67","1.70","-16.30","","5760"
"Ryan Sweeney","Cubs","-1.3","-1.3","-1.0","1.4","1.6","-0.9","","-0.22","-1.65","-1.98","1.49","2.12","-2.90","","6352"
"Josh Rutledge","Rockies","-1.3","4.2","-0.1","-1.0","-0.7","-0.3","","-0.16","2.70","-0.07","-0.65","-0.67","-1.26","","11167"
"Jason Kubel","Twins","-1.3","-0.8","-0.4","0.5","-1.5","-0.6","0.0","-0.32","-0.84","-0.83","0.47","-1.41","-4.63","0.09","2161"
"Eric Hosmer","Royals","-1.3","-2.5","4.2","-1.8","3.1","-1.1","0.1","-0.12","-1.03","2.57","-0.63","1.34","-2.07","0.41","3516"
"Rougned Odor","Rangers","-1.3","0.4","-2.9","1.3","0.7","0.3","2.2","-0.17","0.19","-2.94","0.70","0.47","0.82","17.26","12282"
"Lonnie Chisenhall","Indians","-1.4","6.8","1.2","2.3","3.7","-3.4","0.1","-0.12","2.55","0.88","1.23","1.84","-6.16","2.97","7571"
"Tuffy Gosewisch","Diamondbacks","-1.5","-3.2","1.3","-1.7","-1.3","0.5","","-0.53","-3.57","3.80","-3.24","-3.10","45.11","","5277"
"Kevin Frandsen","Nationals","-1.5","-3.8","-2.1","-0.8","0.1","-0.4","","-0.35","-2.75","-4.54","-1.15","0.09","-10.95","","7528"
"Jonny Gomes","- - -","-1.6","0.7","-0.9","-2.0","1.5","-0.8","0.0","-0.20","0.43","-1.36","-1.40","0.81","-4.47","-0.13","1845"
"Mark Teixeira","Yankees","-1.6","-2.5","-2.1","2.8","3.5","-1.0","0.2","-0.14","-1.37","-1.48","1.27","1.28","-1.32","1.30","1281"
"Jordany Valdespin","Marlins","-1.6","-1.3","-0.7","-0.5","1.1","-0.1","","-0.60","-3.38","-2.34","-1.24","2.48","-0.98","","5098"
"Jonathan Villar","Astros","-1.6","-2.1","-0.2","-1.4","-4.0","-0.5","1.2","-0.26","-2.70","-0.36","-1.11","-2.66","-2.32","38.74","10071"
"Kurt Suzuki","Twins","-1.7","3.1","1.3","1.9","0.6","0.5","0.7","-0.14","1.24","0.82","1.29","0.34","3.89","5.15","8259"
"J.J. Hardy","Orioles","-1.8","4.1","-0.2","-3.9","0.3","0.2","-1.6","-0.13","1.24","-0.14","-2.42","0.19","0.75","-10.80","3797"
"Junior Lake","Cubs","-1.9","-7.9","0.0","-0.8","-0.6","-1.5","","-0.32","-3.14","-0.02","-0.43","-0.55","-6.93","","4672"
"Adrian Nieto","White Sox","-2.0","-0.6","-0.1","-1.5","0.3","0.4","","-0.72","-1.33","-0.25","-3.89","0.58","4.31","","10294"
"Rymer Liriano","Padres","-2.1","-1.5","-0.3","-1.4","-2.5","","","-0.91","-1.73","-1.25","-2.74","-4.31","","","4779"
"Jedd Gyorko","Padres","-2.1","-2.3","-1.8","-0.7","-4.1","-0.1","","-0.23","-0.66","-1.95","-0.38","-2.61","-1.00","","10816"
"Ryan Ludwick","Reds","-2.1","-0.5","2.0","-1.2","0.7","0.3","0.4","-0.25","-0.16","1.93","-0.83","0.55","2.02","4.70","1260"
"Alfonso Soriano","Yankees","-2.1","-1.7","-2.7","-1.6","-0.8","0.4","-0.4","-0.47","-1.21","-3.91","-1.44","-0.90","2.71","-7.42","847"
"Nick Hundley","- - -","-2.2","-1.0","1.8","-2.2","0.1","0.7","-1.3","-0.46","-0.59","5.01","-2.56","0.26","3.70","-6.04","3376"
"Arismendy Alcantara","Cubs","-2.2","-2.3","0.5","-1.6","-2.2","-1.5","","-0.33","-2.11","1.00","-1.21","-1.22","-4.92","","10711"
"Zach Walters","- - -","-2.3","0.9","0.7","-2.9","1.8","1.7","","-0.72","2.02","4.67","-3.63","2.84","7.90","","10622"
"Carl Crawford","Dodgers","-2.3","8.4","1.8","4.1","-1.3","-0.2","","-0.27","6.74","3.06","4.50","-0.83","-1.33","","1201"
"Yoenis Cespedes","- - -","-2.3","10.1","-4.4","5.6","-2.0","1.0","-0.4","-0.18","2.32","-2.97","2.59","-0.91","2.10","-0.82","13110"
"Mitch Moreland","Rangers","-2.3","-4.0","-0.4","-0.4","1.5","-0.4","0.8","-0.60","-5.17","-0.77","-0.38","1.88","-2.97","5.85","3086"
"Aaron Hicks","Twins","-2.4","-0.6","-0.3","-1.5","2.8","1.0","-0.4","-0.45","-0.68","-0.45","-1.43","1.90","6.72","-6.51","5297"
"Jim Adduci","Rangers","-2.5","-0.4","-0.6","-1.8","-0.6","-1.2","","-1.01","-0.93","-1.40","-3.29","-1.19","-7.32","","6448"
"Jose Tabata","Pirates","-2.5","-5.1","0.7","-0.4","-0.3","-0.1","0.2","-0.61","-6.66","1.04","-0.74","-0.92","-2.47","5.85","2411"
"Emilio Bonifacio","- - -","-2.5","-0.7","1.1","0.1","-1.2","0.2","","-0.23","-0.51","1.03","0.04","-0.64","1.17","","4054"
"Kendrys Morales","- - -","-2.5","-1.6","0.3","-3.8","-4.6","0.2","1.7","-0.34","-1.09","0.43","-2.51","-1.55","0.39","6.17","8610"
"Christian Bethancourt","Braves","-2.6","-2.9","-0.3","-0.2","0.0","0.0","","-1.20","-4.15","-1.23","-0.32","-0.17","2.24","","10028"
"Jordan Pacheco","- - -","-2.7","0.4","-0.5","-1.0","-1.5","-0.1","","-0.66","0.54","-1.33","-2.83","-2.44","-2.68","","2677"
"Mike Zunino","Mariners","-2.7","-10.3","-0.2","1.2","-0.6","0.7","-1.5","-0.29","-3.01","-0.23","0.75","-0.38","3.03","-8.11","13265"
"Jarrod Saltalamacchia","Marlins","-2.7","-0.3","0.3","-2.3","-1.2","0.5","","-0.26","-0.17","0.27","-1.23","-0.42","1.50","","5557"
"Grant Green","Angels","-2.8","-0.5","1.1","-1.9","1.8","0.0","","-1.30","-0.97","3.86","-6.27","4.25","-0.15","","10053"
"Cliff Pennington","Diamondbacks","-2.8","0.8","0.0","1.8","4.1","-0.4","","-0.53","1.19","0.05","3.28","4.17","-1.62","","3395"
"Tyler Moore","Nationals","-2.8","0.1","0.7","-0.5","2.3","0.1","","-1.35","0.13","4.54","-0.76","7.07","2.61","","7244"
"Nick Punto","Athletics","-2.8","-0.2","1.0","-2.0","-2.7","-0.4","","-0.44","-0.20","3.24","-3.04","-2.79","-2.59","","1429"
"Sam Fuld","- - -","-2.8","1.0","0.7","-0.2","1.0","-0.3","","-0.27","0.61","0.61","-0.15","0.64","-1.11","","8254"
"Ed Lucas","Marlins","-2.8","-1.3","0.3","-2.4","-1.2","0.0","","-0.63","-1.63","0.46","-3.35","-1.62","0.32","","7532"
"Chase Utley","Phillies","-2.9","8.4","0.5","-1.2","5.2","2.0","-0.1","-0.19","2.33","0.47","-0.48","2.15","6.04","-1.31","1679"
"Alfredo Marte","Diamondbacks","-2.9","-1.6","-2.7","-0.3","-1.3","0.1","","-1.23","-1.77","-6.07","-0.78","-2.99","4.12","","5212"
"Ryan Doumit","Braves","-2.9","-2.2","-1.5","-0.7","0.2","0.0","","-0.81","-2.28","-3.53","-1.12","0.21","-0.40","","2113"
"Andrew Romine","Tigers","-2.9","0.1","0.3","-2.1","-4.8","0.0","0.3","-0.44","0.14","0.46","-2.43","-4.30","0.07","4.83","1159"
"Ruben Tejada","Mets","-3.0","-4.3","0.8","2.4","-1.1","0.6","","-0.30","-2.01","0.94","1.77","-0.91","8.05","","5519"
"Adam Rosales","Rangers","-3.1","2.5","1.5","-2.1","3.4","-0.7","","-0.74","2.56","2.32","-3.38","5.17","-6.11","","9682"
"Brandon Hicks","Giants","-3.1","-4.0","-2.3","2.2","-0.9","-0.2","","-0.59","-2.14","-3.84","2.44","-0.90","-2.59","","4003"
"Logan Schafer","Brewers","-3.1","0.3","-1.3","0.2","0.1","-0.2","","-1.06","0.49","-4.81","0.29","0.20","-1.12","","7937"
"Gerardo Parra","- - -","-3.2","3.7","-0.2","-8.0","2.2","1.5","1.4","-0.30","1.49","-0.15","-2.65","1.00","3.67","22.54","8553"
"James Loney","Rays","-3.2","3.1","0.4","-0.8","0.3","1.1","0.1","-0.23","1.16","0.36","-0.29","0.11","1.61","0.24","4556"
"Jay Bruce","Reds","-3.2","-4.4","-1.5","1.8","-3.4","-0.1","0.7","-0.29","-1.53","-1.06","0.78","-1.32","-0.22","4.47","9892"
"Luis Sardinas","Rangers","-3.3","-0.7","0.3","-0.5","-0.4","0.5","-0.7","-1.07","-1.45","1.09","-1.42","-0.80","4.44","-5.82","13153"
"Miguel Rojas","Dodgers","-3.3","-4.8","-1.2","-0.3","-2.7","","","-0.91","-4.03","-3.57","-0.61","-6.35","","","7802"
"Cody Ross","Diamondbacks","-3.3","0.8","-1.0","-0.6","0.0","-0.3","","-0.69","0.56","-1.50","-0.66","0.00","-4.36","","1760"
"Domonic Brown","Phillies","-3.3","0.0","-2.4","-2.6","1.3","-1.9","0.8","-0.30","0.01","-2.14","-1.26","0.55","-6.17","5.92","3154"
"Willie Bloomquist","Mariners","-3.3","-1.2","0.1","1.2","0.2","0.0","","-1.02","-1.65","0.66","2.73","0.76","2.56","","1066"
"Travis d'Arnaud","Mets","-3.3","-2.7","-0.4","1.5","2.1","0.0","","-0.38","-0.93","-0.43","1.18","1.63","0.29","","7739"
"Ryan Flaherty","Orioles","-3.4","2.7","-1.3","2.2","-3.5","-1.6","-0.2","-0.59","1.67","-2.77","1.98","-2.07","-2.85","-0.60","7888"
"Freddy Galvis","Phillies","-3.4","-0.7","0.8","-0.2","-0.7","-0.3","-0.6","-1.15","-1.18","2.90","-0.43","-1.05","-6.37","-5.05","6609"
"Nick Swisher","Indians","-3.4","-1.2","-1.3","1.5","-4.0","-1.4","-0.1","-0.40","-0.61","-1.33","0.73","-1.50","-2.96","-0.63","4599"
"Chris Denorfia","- - -","-3.4","-2.5","-1.3","-1.3","-1.4","-1.3","0.3","-0.43","-1.08","-1.82","-0.99","-0.90","-6.74","4.57","4400"
"Salvador Perez","Royals","-3.4","0.1","-0.8","-2.2","-2.3","0.7","0.7","-0.34","0.02","-0.49","-0.92","-1.16","3.89","4.28","7304"
"Tony Gwynn","Phillies","-3.5","-0.5","-1.2","0.0","-1.5","0.0","0.1","-1.03","-1.45","-4.74","0.07","-5.86","0.31","1.15","6141"
"Paul Konerko","White Sox","-3.5","-1.4","-1.9","-1.6","-3.6","-0.1","","-0.76","-1.05","-3.18","-2.02","-3.50","-0.94","","242"
"Daniel Descalso","Cardinals","-3.5","2.0","-0.3","-1.4","2.1","-0.1","","-0.85","3.87","-0.63","-1.63","3.66","-0.69","","8392"
"Yadier Molina","Cardinals","-3.6","-1.2","3.2","1.2","-0.8","-0.2","","-0.36","-0.49","2.65","0.72","-0.57","-1.43","","7007"
"Chris Dickerson","Indians","-3.6","-1.3","0.3","1.4","-0.3","0.5","","-1.41","-1.84","1.59","3.98","-0.54","2.19","","7095"
"Ryan Hanigan","Rays","-3.7","-0.8","0.2","-0.7","-0.2","0.8","0.3","-0.56","-0.47","0.22","-1.03","-0.22","10.49","3.47","4952"
"Josh Thole","Blue Jays","-3.7","0.0","-1.3","0.5","0.6","0.2","-0.5","-0.96","-0.06","-2.77","0.96","1.24","1.36","-5.45","9689"
"David Freese","Angels","-3.7","5.7","1.2","-1.4","1.4","-0.7","","-0.32","1.80","0.96","-0.73","0.81","-2.85","","9549"
"Hank Conger","Angels","-3.7","-0.7","0.9","-2.8","0.7","-2.0","","-0.69","-0.76","2.08","-2.06","0.41","-4.62","","2505"
"Abraham Almonte","- - -","-3.8","-1.4","0.1","-0.2","-0.8","-1.3","","-0.77","-1.75","0.49","-0.35","-0.59","-11.02","","5486"
"J.B. Shuck","- - -","-3.8","-1.3","-0.9","-1.0","-2.9","-0.9","","-1.69","-4.20","-4.27","-3.23","-9.46","-7.95","","6677"
"Carlos Gonzalez","Rockies","-3.8","2.3","-3.9","1.7","3.7","-1.7","","-0.63","1.76","-6.43","1.77","2.75","-7.71","","7287"
"Yolmer Sanchez","White Sox","-3.8","0.2","0.6","-1.5","0.8","0.5","","-1.74","0.46","1.92","-4.16","1.76","5.38","","11602"
"Eduardo Nunez","Twins","-3.9","-0.9","-2.3","0.8","0.0","-0.1","","-0.92","-0.71","-4.10","1.48","0.05","-1.89","","6848"
"Jake Lamb","Diamondbacks","-3.9","-2.5","-0.1","0.6","2.0","0.0","","-1.18","-4.32","-0.39","1.89","3.95","-0.78","","13329"
"Wilmer Flores","Mets","-4.0","-4.5","-0.3","4.8","-0.3","-0.4","","-0.62","-2.95","-0.56","5.71","-0.32","-7.55","","5827"
"Carlos Ruiz","Phillies","-4.0","3.6","1.2","2.9","1.9","-0.4","","-0.37","1.10","0.98","2.14","1.37","-5.93","","2579"
"Dustin Pedroia","Red Sox","-4.0","-1.0","2.2","3.0","3.8","0.9","0.3","-0.26","-0.29","1.59","1.85","1.81","2.98","0.56","8370"
"Ryan Rua","Rangers","-4.1","0.9","0.2","1.0","2.1","-0.3","","-1.60","1.71","1.10","2.65","4.59","-5.59","","12409"
"James Jones","Mariners","-4.2","-2.0","-2.4","-0.3","-0.8","0.7","","-0.55","-1.50","-3.27","-0.24","-0.85","3.48","","9767"
"Jonathan Herrera","Red Sox","-4.3","0.5","0.8","0.1","0.2","-0.1","","-1.74","1.36","5.08","0.43","0.39","-2.85","","4182"
"Reed Johnson","Marlins","-4.4","0.4","0.4","-1.0","-1.7","-0.6","","-1.18","0.37","0.79","-1.11","-2.41","-11.28","","1702"
"Logan Forsythe","Rays","-4.4","-1.0","-3.3","-0.5","-1.6","0.5","0.2","-0.55","-0.57","-3.06","-0.37","-1.31","5.61","3.07","7185"
"Ian Kinsler","Tigers","-4.5","2.2","-2.7","6.7","0.6","-1.2","2.2","-0.30","0.54","-1.30","3.84","0.25","-3.60","12.91","6195"
"Peter Bourjos","Cardinals","-4.6","-1.2","2.1","1.9","-1.9","-1.1","","-0.70","-0.76","3.37","1.59","-1.72","-10.76","","2578"
"DJ LeMahieu","Rockies","-4.6","-0.6","-2.2","2.6","-0.9","-0.3","","-0.37","-0.20","-1.71","1.57","-0.55","-4.04","","9874"
"Brendan Ryan","Yankees","-4.6","-2.7","-1.5","-0.7","-2.5","-0.1","0.2","-1.59","-2.94","-5.92","-2.06","-9.12","-3.56","2.36","6073"
"Juan Perez","Giants","-4.6","-1.3","-0.5","0.8","-3.3","0.0","","-2.32","-2.36","-1.80","4.81","-4.76","0.00","","5371"
"Ryan Goins","Blue Jays","-4.7","-3.0","0.7","-3.1","-1.0","-0.7","-0.2","-1.16","-3.91","2.60","-3.77","-1.04","-1.96","-5.51","9807"
"Yunel Escobar","Rays","-4.7","-2.3","-0.6","3.3","-4.9","2.8","0.1","-0.44","-0.72","-0.45","2.06","-3.27","9.69","0.31","4191"
"Daniel Robertson","Rangers","-4.8","-0.8","0.4","1.1","2.0","0.1","","-0.92","-0.86","0.84","1.87","2.96","2.96","","6266"
"Marc Krauss","Astros","-4.8","-3.7","0.4","-0.5","-0.9","0.1","0.6","-0.96","-4.25","0.68","-0.48","-0.90","0.41","2.45","7577"
"Clint Barmes","Pirates","-4.9","-0.7","1.1","0.6","-1.4","0.6","1.6","-1.94","-1.22","2.55","2.34","-5.05","5.31","8.68","1830"
"Moises Sierra","- - -","-4.9","-0.7","-0.2","-0.9","3.4","","","-1.28","-0.74","-0.38","-1.24","4.96","","","6050"
"Wil Myers","Rays","-5.0","-4.4","-0.3","-0.1","-2.4","0.2","-0.2","-0.75","-1.56","-0.34","-0.08","-1.90","0.60","-0.53","10047"
"Jonathan Schoop","Orioles","-5.0","-2.4","-4.1","-4.5","0.9","-1.5","-0.9","-0.55","-0.79","-3.58","-2.29","0.49","-5.15","-4.79","11265"
"Gregory Polanco","Pirates","-5.0","0.0","1.4","2.0","0.2","-0.9","-0.2","-0.67","-0.01","2.33","2.32","0.15","-3.14","-20.02","12907"
"Eugenio Suarez","Tigers","-5.2","-1.6","3.3","-0.2","-0.3","-0.2","0.2","-0.81","-1.10","3.36","-0.23","-0.28","-11.63","3.03","12552"
"Dan Uggla","- - -","-5.3","-4.4","-0.9","-0.5","-1.4","-0.2","","-1.63","-3.38","-2.32","-0.96","-2.06","-3.17","","3442"
"Chris Valaika","Cubs","-5.4","3.1","-0.1","-1.3","-1.0","-0.1","","-1.69","5.00","-0.51","-2.59","-2.87","-3.01","","1165"
"Mark Ellis","Cardinals","-5.4","-2.6","-1.7","0.3","-3.1","","","-1.04","-2.52","-3.30","0.34","-3.28","","","1443"
"Gerald Laird","Braves","-5.5","-3.9","0.1","0.6","-1.7","-1.1","","-1.54","-4.05","0.19","1.40","-4.82","-35.58","","1698"
"Robinson Chirinos","Rangers","-5.5","-1.3","0.7","7.0","1.8","-0.8","-0.3","-0.71","-0.77","0.90","6.44","1.82","-7.70","-3.83","3142"
"Brandon Barnes","Rockies","-5.5","4.2","-1.5","-0.4","0.3","-1.1","","-0.84","2.24","-2.53","-0.34","0.29","-10.70","","629"
"Dustin Ackley","Mariners","-5.6","0.6","0.0","1.1","-2.4","1.3","0.1","-0.44","0.26","0.03","0.54","-1.17","2.97","0.37","10099"
"Jed Lowrie","Athletics","-5.6","2.0","0.9","0.1","0.1","-1.7","-1.0","-0.44","1.15","0.69","0.04","0.02","-4.08","-5.17","4418"
"J.P. Arencibia","Rangers","-5.7","-2.0","-3.3","3.5","-2.3","-0.1","1.5","-1.35","-1.45","-4.35","3.59","-2.60","-0.87","25.19","697"
"Jackie Bradley Jr.","Red Sox","-5.7","-6.1","-2.9","-3.9","-3.6","-1.5","-1.3","-0.59","-3.25","-2.55","-2.31","-2.38","-5.06","-5.10","12984"
"Jose Ramirez","Indians","-5.7","-0.5","0.4","-0.9","1.7","-0.4","","-0.86","-0.59","1.10","-1.05","1.36","-2.54","","13510"
"Stephen Drew","- - -","-5.7","-1.8","0.5","-2.7","-2.8","-1.3","0.0","-0.86","-1.72","0.53","-1.74","-1.69","-3.06","0.24","4251"
"Darwin Barney","- - -","-5.8","2.6","-0.3","-2.3","3.7","0.5","","-0.91","1.83","-0.77","-3.31","5.04","4.43","","2430"
"Drew Butera","Dodgers","-5.8","-2.8","-1.4","0.0","0.3","1.0","","-1.25","-1.97","-5.53","-0.02","0.52","20.00","","3411"
"Asdrubal Cabrera","- - -","-6.0","0.4","-1.2","2.0","4.9","-0.7","0.0","-0.45","0.16","-1.04","0.85","1.83","-1.35","-0.28","4962"
"Cody Asche","Phillies","-6.0","2.7","2.2","-3.7","4.6","-2.3","-0.2","-0.70","1.56","3.46","-1.92","2.07","-6.30","-1.14","11997"
"Alex Presley","Astros","-6.1","2.8","0.3","2.0","-3.9","0.2","-1.0","-0.95","2.41","0.84","2.51","-3.01","0.84","-9.68","5305"
"Jason Castro","Astros","-6.1","-2.3","0.2","-2.6","3.6","-1.8","0.8","-0.54","-0.93","0.22","-1.07","1.52","-3.13","4.91","8722"
"Mark Trumbo","Diamondbacks","-6.1","1.8","3.5","-1.2","1.0","-0.3","","-0.77","0.75","3.23","-1.29","0.84","-1.63","","6876"
"Alex Rios","Rangers","-6.1","-3.2","5.1","2.2","-4.1","-1.2","0.9","-0.54","-0.93","3.81","1.23","-2.01","-4.91","6.09","2090"
"Elvis Andrus","Rangers","-6.4","-0.7","-5.0","3.9","-0.3","-1.4","-0.2","-0.37","-0.18","-3.16","1.79","-0.15","-3.67","-1.35","8709"
"Elian Herrera","Brewers","-6.7","1.5","2.2","-0.4","-0.4","-0.1","","-2.00","3.63","7.68","-1.21","-0.75","-0.59","","5432"
"Don Kelly","Tigers","-6.8","3.8","-1.4","-1.5","-0.3","-0.3","","-1.48","5.33","-2.85","-1.88","-0.38","-2.06","","2216"
"Charlie Culberson","Rockies","-6.8","-4.8","1.2","-2.5","0.1","-0.4","","-1.41","-3.55","1.97","-2.95","0.22","-6.97","","3298"
"Grady Sizemore","- - -","-6.8","2.3","-0.5","3.3","0.0","-1.1","-0.6","-0.70","1.43","-0.91","2.04","0.00","-4.35","-5.42","2197"
"A.J. Pierzynski","- - -","-6.9","-7.1","-0.1","1.6","-0.2","0.6","-0.4","-1.08","-4.06","-0.10","1.23","-0.16","2.08","-3.88","746"
"Bryan Holaday","Tigers","-6.9","-0.1","0.0","-1.4","-1.0","0.1","","-2.03","-0.06","0.06","-2.37","-1.47","0.87","","11287"
"Alberto Callaspo","Athletics","-7.0","-2.3","-1.9","-2.5","-3.1","-0.3","-0.5","-0.67","-1.22","-2.67","-1.33","-1.20","-1.11","-2.32","3336"
"Nate McLouth","Nationals","-7.1","0.6","0.0","-1.3","0.6","1.2","","-1.72","0.94","0.07","-1.91","1.06","15.13","","3190"
"Caleb Joseph","Orioles","-7.1","-1.4","-1.8","-0.3","-0.2","1.6","","-1.12","-0.94","-2.62","-0.30","-0.23","7.31","","7087"
"Kolten Wong","Cardinals","-7.2","0.7","-0.6","-1.6","0.3","1.7","","-0.79","0.36","-0.47","-0.93","0.16","4.86","","12532"
"Tony Cruz","Cardinals","-7.2","0.7","-0.7","-0.7","-2.9","-0.7","","-1.89","1.10","-2.49","-1.20","-6.52","-23.18","","2802"
"L.J. Hoes","Astros","-7.2","-1.5","-1.1","0.2","0.6","","","-2.08","-2.38","-4.62","0.31","0.87","","","6656"
"Carlos Quentin","Padres","-7.2","-0.9","2.9","0.3","-1.5","0.1","","-2.44","-0.80","6.58","0.70","-2.02","1.42","","6274"
"David Wright","Mets","-7.4","-4.9","1.1","-3.6","7.4","-0.6","","-0.58","-1.30","0.69","-1.69","4.54","-4.50","","3787"
"Danny Espinosa","Nationals","-7.7","2.0","0.2","0.2","-3.7","-0.6","","-1.03","1.49","0.31","0.12","-1.92","-2.99","","9219"
"Chris Young","- - -","-7.7","7.7","1.4","2.1","-1.5","0.1","-0.2","-0.93","3.12","1.68","1.91","-1.00","0.26","-0.76","3882"
"Chris Johnson","Braves","-7.9","-6.4","-0.6","-2.3","-2.5","0.8","","-0.63","-1.63","-0.34","-1.32","-1.18","4.68","","1191"
"Stefen Romero","Mariners","-8.1","0.1","-2.7","-0.9","-1.7","-0.1","","-2.01","0.13","-9.39","-1.21","-1.58","-3.76","","11746"
"Donovan Solano","Marlins","-8.2","-0.3","-1.2","2.0","1.6","-0.5","","-1.01","-0.19","-1.49","1.41","2.13","-4.58","","8623"
"Gordon Beckham","- - -","-8.2","0.1","-4.8","0.1","-3.0","-0.1","-0.7","-0.75","0.04","-3.21","0.08","-2.60","-0.97","-5.07","9015"
"A.J. Ellis","Dodgers","-8.3","-1.6","-2.1","-0.6","-1.3","-0.2","","-0.87","-0.78","-2.43","-0.58","-1.52","-4.28","","5677"
"Everth Cabrera","Padres","-8.3","-1.6","1.3","-1.0","-2.0","0.1","","-0.84","-1.13","1.42","-0.62","-1.05","0.42","","8155"
"Austin Jackson","- - -","-8.4","-1.4","1.1","-0.6","-3.3","2.2","-0.3","-0.52","-0.36","0.59","-0.28","-1.45","16.61","-0.71","9848"
"John Baker","Cubs","-8.5","-1.3","-1.4","-1.3","-1.5","0.6","","-1.64","-1.53","-4.10","-1.60","-2.05","3.17","","4756"
"Tyler Flowers","White Sox","-8.6","4.2","-0.3","1.1","1.7","-0.4","-0.5","-0.86","1.59","-0.24","0.52","1.72","-3.59","-5.66","9134"
"Brian McCann","Yankees","-8.6","-2.5","-1.2","3.5","3.5","4.0","-1.3","-0.77","-1.10","-1.02","1.40","1.47","5.04","-5.05","4810"
"Joaquin Arias","Giants","-8.6","-0.9","0.9","1.0","0.6","-0.3","","-1.97","-0.77","2.06","1.78","1.04","-6.78","","3817"
"Ryan Raburn","Indians","-8.7","-0.8","0.9","-0.7","-4.0","-0.5","","-1.84","-0.85","1.84","-0.76","-3.63","-6.31","","2218"
"Jake Marisnick","- - -","-8.8","-2.5","3.1","1.9","-1.7","-0.6","-0.7","-1.69","-1.43","4.53","3.36","-2.53","-5.03","-6.77","11339"
"Michael Choice","Rangers","-9.3","-1.7","-1.0","-0.4","-0.4","0.6","-0.2","-1.48","-1.22","-1.49","-0.37","-0.38","4.00","-1.04","11376"
"Leury Garcia","White Sox","-9.3","-2.1","-0.6","-3.1","-1.0","-0.1","-0.4","-2.92","-4.70","-1.20","-4.67","-2.12","-2.90","-4.96","5913"
"Jeff Mathis","Marlins","-9.7","0.7","-0.8","1.0","-1.9","0.1","","-2.18","0.85","-1.51","1.84","-2.74","2.69","","3448"
"Allen Craig","- - -","-9.9","-4.2","2.2","-2.5","-0.9","0.4","-0.1","-0.85","-1.63","1.80","-1.60","-0.49","1.21","-0.44","3433"
"Javier Baez","Cubs","-10.0","0.8","-0.1","-3.0","-1.4","1.4","","-2.04","0.45","-0.29","-2.38","-1.50","28.46","","12979"
"Jordy Mercer","Pirates","-10.3","-2.2","0.9","5.0","-0.3","0.1","","-0.87","-0.62","0.88","2.80","-0.19","0.86","","6547"
"Alexi Amarista","Padres","-10.3","-1.7","1.3","1.7","-1.2","-0.4","","-0.97","-0.82","1.16","0.93","-0.73","-4.83","","9063"
"Melvin Upton Jr.","Braves","-11.1","-6.7","-0.3","3.2","-0.3","1.1","","-0.81","-1.73","-0.23","2.04","-0.23","16.31","","5015"
"Andrelton Simmons","Braves","-11.1","-3.3","-4.6","2.7","-3.8","-0.9","","-0.95","-1.13","-4.23","1.57","-2.44","-5.66","","10847"
"Adeiny Hechavarria","Marlins","-11.8","-2.1","1.4","0.1","-1.2","0.8","","-1.00","-0.78","1.29","0.06","-0.83","8.64","","10459"
"Mike Moustakas","Royals","-11.9","-1.5","1.3","-0.5","2.4","-0.4","-0.4","-1.08","-0.55","0.97","-0.21","0.98","-0.53","-4.03","4892"
"Omar Infante","Royals","-12.0","1.5","-2.0","-1.3","-3.2","3.1","0.8","-1.04","0.51","-1.30","-0.61","-1.72","13.60","6.32","1609"
"Nate Schierholtz","- - -","-12.2","-3.5","-0.4","0.2","-1.3","-1.5","","-1.50","-1.49","-0.45","0.11","-0.81","-4.90","","6201"
"Oscar Taveras","Cardinals","-12.4","1.6","-0.9","1.9","-0.2","0.3","","-2.07","1.87","-1.50","2.32","-0.22","2.47","","11173"
"Will Middlebrooks","Red Sox","-12.5","-1.8","-1.6","-0.1","-1.3","0.6","-0.2","-2.42","-1.11","-3.92","-0.10","-1.46","3.97","-0.69","7002"
"Jose Molina","Rays","-13.3","-3.6","-2.0","-3.1","-0.5","-0.9","-0.4","-2.35","-2.60","-3.94","-3.43","-1.68","-5.12","-1.30","25"
"Derek Jeter","Yankees","-13.9","-5.1","4.7","1.5","-0.1","1.6","-0.2","-0.95","-1.92","2.61","1.21","-0.06","8.66","-1.05","826"
"Jean Segura","Brewers","-14.6","-3.0","-4.3","6.1","3.0","0.4","1.2","-1.20","-0.99","-4.19","3.87","2.43","1.89","59.55","5933"
"Mike Aviles","Indians","-16.6","-2.5","3.0","2.2","-1.7","1.5","0.3","-2.12","-1.18","3.26","1.69","-1.42","9.34","3.17","5986"
"Matt Dominguez","Astros","-17.5","-4.1","-3.9","-4.0","-1.2","-1.4","-0.6","-1.39","-1.04","-2.94","-2.00","-0.55","-5.53","-1.78","4903"
"Zack Cozart","Reds","-18.0","-5.3","-1.2","0.8","-2.0","0.6","0.0","-1.49","-1.84","-0.92","0.55","-1.42","2.74","-0.38","2616"
