"Name","Team","FB%","FBv","SL%","SLv","CT%","CTv","CB%","CBv","CH%","CHv","SF%","SFv","KN%","KNv","XX%","playerid"
"Elias Diaz","Pirates","57.8 %","93.9","16.8 %","84.7","5.6 %","89.0","10.7 %","79.2","7.9 %","84.4","1.2 %","83.4","","","","11680"
"Tommy La Stella","Cubs","62.9 %","93.8","12.3 %","84.1","5.2 %","89.6","8.2 %","79.6","10.0 %","85.9","0.6 %","82.3","0.8 %","77.0","0.6 %","12371"
"Tomas Telis","Marlins","57.0 %","93.7","13.5 %","85.8","4.3 %","89.4","10.9 %","78.7","10.5 %","84.7","3.8 %","85.4","","","","10067"
"Hector Sanchez","Padres","55.9 %","93.7","12.0 %","84.0","5.9 %","89.3","10.0 %","78.8","14.5 %","84.6","1.8 %","86.3","","","0.7 %","10289"
"Bryce Harper","Nationals","54.6 %","93.7","10.6 %","85.1","5.6 %","88.5","11.5 %","78.7","13.4 %","85.6","2.3 %","84.5","2.0 %","78.4","1.5 %","11579"
"Matt Reynolds","Mets","60.7 %","93.7","23.0 %","84.7","3.8 %","87.9","6.7 %","79.1","4.5 %","84.2","1.3 %","85.7","","","0.9 %","13788"
"Ketel Marte","Diamondbacks","52.6 %","93.6","13.3 %","84.3","3.8 %","87.6","10.5 %","78.7","17.4 %","84.2","2.4 %","84.7","","","1.1 %","13613"
"John Jaso","Pirates","50.6 %","93.6","12.3 %","84.5","6.2 %","89.3","11.4 %","79.3","15.0 %","84.3","2.9 %","83.6","1.7 %","77.9","0.6 %","5887"
"Andrew Knapp","Phillies","58.3 %","93.6","11.3 %","84.1","3.6 %","89.4","11.1 %","78.8","13.1 %","86.4","1.0 %","83.0","1.7 %","78.6","2.0 %","14942"
"Jabari Blash","Padres","61.8 %","93.5","18.6 %","84.9","3.0 %","87.2","8.4 %","80.0","7.9 %","83.1","0.4 %","86.3","","","","11247"
"Kris Bryant","Cubs","54.9 %","93.5","18.4 %","85.6","5.0 %","89.2","9.5 %","78.6","10.8 %","84.8","0.9 %","86.1","0.5 %","76.4","0.6 %","15429"
"Rafael Devers","Red Sox","51.5 %","93.5","16.1 %","84.1","5.8 %","89.8","9.5 %","79.5","14.2 %","84.8","2.8 %","84.5","","","1.0 %","17350"
"Drew Robinson","Rangers","56.5 %","93.5","11.9 %","84.3","5.1 %","89.6","11.7 %","77.2","13.4 %","85.1","1.3 %","82.3","","","","11761"
"Marcell Ozuna","Marlins","48.8 %","93.5","22.4 %","85.3","4.0 %","88.0","11.1 %","78.7","11.3 %","84.5","1.8 %","85.7","0.7 %","78.9","0.7 %","10324"
"Ian Happ","Cubs","57.1 %","93.5","11.9 %","84.8","5.1 %","89.1","8.7 %","78.6","14.6 %","85.2","2.0 %","85.5","0.6 %","77.4","0.8 %","17919"
"Anthony Rizzo","Cubs","56.2 %","93.5","14.1 %","84.4","6.2 %","88.9","10.0 %","78.5","11.3 %","85.8","1.6 %","84.8","0.6 %","76.7","1.4 %","3473"
"Jason Heyward","Cubs","61.3 %","93.5","13.5 %","84.5","6.0 %","89.1","7.8 %","79.3","9.6 %","85.5","1.2 %","84.2","0.6 %","74.8","0.2 %","4940"
"Luis Torrens","Padres","60.8 %","93.4","17.4 %","83.6","7.9 %","89.4","8.6 %","78.4","5.1 %","83.7","0.4 %","82.0","","","2.2 %","15905"
"Kyle Schwarber","Cubs","54.9 %","93.4","14.2 %","84.0","5.7 %","88.7","11.9 %","78.8","10.1 %","84.9","1.9 %","84.3","1.3 %","75.5","0.1 %","16478"
"Javier Baez","Cubs","48.9 %","93.4","23.2 %","85.2","5.1 %","89.0","11.0 %","79.2","9.9 %","84.1","1.4 %","85.1","0.5 %","77.8","3.0 %","12979"
"Aaron Judge","Yankees","51.2 %","93.4","22.6 %","84.6","6.9 %","88.5","8.7 %","80.2","9.6 %","83.8","1.0 %","85.0","","","1.3 %","15640"
"Adam Lind","Nationals","55.6 %","93.4","13.0 %","84.8","5.3 %","87.1","11.4 %","78.1","12.2 %","85.6","2.6 %","84.3","","","1.5 %","8027"
"Raimel Tapia","Rockies","57.6 %","93.4","13.9 %","84.4","7.2 %","89.5","12.1 %","80.1","6.9 %","85.9","2.5 %","85.8","","","0.7 %","14350"
"Eric Sogard","Brewers","63.7 %","93.4","11.2 %","85.0","4.3 %","88.2","8.7 %","79.6","11.2 %","85.5","0.8 %","86.7","","","0.7 %","7927"
"Chris Herrmann","Diamondbacks","55.9 %","93.4","12.9 %","84.3","4.8 %","89.2","11.6 %","78.7","12.4 %","85.8","2.5 %","83.4","","","","9284"
"Luke Voit","Cardinals","53.2 %","93.4","18.5 %","85.3","3.2 %","90.9","10.9 %","77.3","11.8 %","84.4","1.7 %","86.4","0.6 %","78.7","","14811"
"Giancarlo Stanton","Marlins","54.4 %","93.4","20.4 %","85.3","4.4 %","88.4","9.5 %","79.4","8.8 %","84.5","1.5 %","84.8","1.0 %","78.4","1.9 %","4949"
"Daniel Nava","Phillies","65.1 %","93.4","7.3 %","85.3","5.1 %","89.1","9.2 %","78.3","12.6 %","84.8","0.7 %","85.3","","","","5450"
"Yasmany Tomas","Diamondbacks","51.8 %","93.4","19.5 %","84.7","5.6 %","88.3","11.9 %","78.8","10.3 %","84.3","0.9 %","83.7","","","","17171"
"Rey Fuentes","Diamondbacks","60.1 %","93.4","12.8 %","84.5","5.0 %","88.3","9.8 %","78.0","10.5 %","85.6","1.9 %","84.0","","","","10329"
"Trevor Story","Rockies","54.1 %","93.4","19.8 %","84.6","6.3 %","88.6","11.3 %","79.1","7.8 %","83.7","0.7 %","84.7","","","0.6 %","12564"
"Andres Blanco","Phillies","62.9 %","93.4","9.6 %","83.4","2.2 %","89.3","7.4 %","79.9","16.3 %","85.6","1.6 %","82.8","","","","1907"
"Jose Martinez","Cardinals","55.7 %","93.3","17.6 %","84.5","5.4 %","90.0","11.0 %","78.4","8.2 %","84.4","1.5 %","85.1","0.7 %","79.2","0.5 %","7996"
"Paul Goldschmidt","Diamondbacks","54.3 %","93.3","20.7 %","85.4","6.2 %","89.0","8.5 %","79.0","8.6 %","84.7","0.8 %","84.1","0.8 %","78.6","2.0 %","9218"
"Justin Turner","Dodgers","59.7 %","93.3","15.4 %","84.9","5.8 %","88.4","9.5 %","80.1","9.1 %","84.2","0.6 %","84.5","","","0.8 %","5235"
"Aaron Altherr","Phillies","53.6 %","93.3","18.6 %","84.6","4.5 %","88.8","9.7 %","79.4","11.6 %","84.5","0.8 %","84.2","1.3 %","77.1","0.3 %","11270"
"Scooter Gennett","Reds","55.0 %","93.3","14.2 %","83.9","6.4 %","87.8","11.0 %","78.0","11.6 %","85.2","1.2 %","84.1","0.7 %","78.3","0.1 %","10339"
"Tommy Joseph","Phillies","54.8 %","93.3","18.5 %","84.2","4.8 %","88.5","9.8 %","79.1","9.9 %","84.3","0.7 %","84.3","1.5 %","76.5","0.2 %","10349"
"Nolan Arenado","Rockies","52.7 %","93.3","21.4 %","84.9","6.0 %","88.7","10.8 %","78.9","8.5 %","84.1","0.7 %","85.6","","","1.3 %","9777"
"Ty Kelly","- - -","66.0 %","93.3","10.2 %","83.4","4.2 %","88.8","10.9 %","78.7","7.9 %","84.6","0.9 %","84.8","","","","7740"
"Greg Garcia","Cardinals","58.3 %","93.3","15.6 %","84.4","6.8 %","88.6","8.8 %","79.1","8.8 %","84.7","1.2 %","83.4","0.7 %","76.8","","10951"
"Austin Slater","Giants","55.8 %","93.3","19.5 %","85.4","5.8 %","87.7","12.5 %","77.9","6.2 %","84.6","0.2 %","86.0","","","","16153"
"Willson Contreras","Cubs","56.0 %","93.3","16.2 %","85.0","5.0 %","88.0","9.7 %","77.6","11.6 %","84.2","1.5 %","83.2","","","0.5 %","11609"
"Yasmani Grandal","Dodgers","51.5 %","93.3","11.0 %","84.5","4.9 %","88.8","13.7 %","78.9","17.0 %","85.1","1.9 %","85.5","","","","11368"
"Michael Taylor","Nationals","49.9 %","93.3","21.7 %","84.8","4.3 %","87.3","8.6 %","78.3","12.1 %","84.3","1.8 %","85.4","1.5 %","77.1","0.7 %","11489"
"Travis Shaw","Brewers","53.2 %","93.3","13.1 %","84.6","6.3 %","88.6","13.4 %","78.4","12.3 %","84.9","1.0 %","84.8","0.7 %","73.9","0.9 %","11982"
"David Peralta","Diamondbacks","56.3 %","93.3","13.3 %","85.1","5.9 %","88.4","12.7 %","78.2","9.7 %","85.4","1.5 %","84.8","0.7 %","78.8","0.2 %","2136"
"Domingo Santana","Brewers","55.7 %","93.3","18.5 %","84.8","4.8 %","88.7","10.0 %","79.1","9.9 %","84.3","0.6 %","84.4","0.5 %","77.0","0.4 %","10348"
"Gary Sanchez","Yankees","48.9 %","93.2","21.7 %","84.4","7.7 %","88.2","11.4 %","79.8","9.1 %","83.4","1.2 %","84.1","","","0.2 %","11442"
"Justin Bour","Marlins","53.8 %","93.2","14.2 %","84.3","5.4 %","88.4","10.3 %","78.4","13.9 %","85.2","1.5 %","84.9","1.0 %","77.8","1.5 %","9744"
"Odubel Herrera","Phillies","56.3 %","93.2","13.0 %","83.7","4.6 %","89.4","10.8 %","78.5","13.7 %","85.1","1.2 %","83.9","0.4 %","75.6","0.7 %","11476"
"Ben Zobrist","Cubs","58.0 %","93.2","11.0 %","85.0","4.2 %","89.3","9.8 %","78.4","14.4 %","85.4","2.0 %","84.9","0.6 %","75.5","0.4 %","7435"
"Tommy Pham","Cardinals","56.2 %","93.2","17.0 %","84.8","4.5 %","88.8","13.3 %","78.5","7.2 %","84.7","1.4 %","84.5","0.5 %","77.1","0.1 %","2967"
"Jesse Winker","Reds","53.7 %","93.2","15.8 %","83.1","3.0 %","86.5","11.4 %","77.5","13.0 %","84.9","0.8 %","82.0","2.2 %","78.0","","13590"
"Daniel Murphy","Nationals","54.5 %","93.2","12.1 %","84.5","6.6 %","88.2","10.9 %","78.3","12.7 %","84.8","1.9 %","85.3","1.3 %","77.8","2.4 %","4316"
"Brandon Drury","Diamondbacks","54.1 %","93.2","19.3 %","85.3","4.5 %","89.0","11.2 %","78.7","9.2 %","84.1","1.1 %","85.0","0.6 %","78.6","0.3 %","11615"
"Joc Pederson","Dodgers","55.4 %","93.2","14.9 %","83.6","5.1 %","88.2","12.1 %","79.3","11.5 %","85.5","0.9 %","84.9","","","0.2 %","11899"
"Rio Ruiz","Braves","49.8 %","93.2","12.9 %","84.3","4.5 %","88.0","11.6 %","77.8","18.5 %","85.0","2.8 %","84.3","","","0.3 %","14103"
"Max Moroff","Pirates","56.1 %","93.2","10.0 %","84.4","4.6 %","88.1","9.6 %","78.5","16.5 %","84.7","3.3 %","82.5","","","","14556"
"Jorge Alfaro","Phillies","52.9 %","93.2","24.6 %","84.7","1.5 %","88.8","12.0 %","77.7","6.4 %","83.7","0.3 %","90.0","2.3 %","78.7","1.0 %","12180"
"Chris Owings","Diamondbacks","49.7 %","93.2","22.0 %","85.1","5.6 %","89.1","14.1 %","78.7","6.1 %","84.0","1.0 %","84.6","1.5 %","77.3","0.1 %","10030"
"A.J. Ellis","Marlins","67.7 %","93.2","16.2 %","85.5","1.9 %","88.3","8.0 %","79.2","4.2 %","84.4","0.2 %","84.0","1.9 %","75.5","","5677"
"Jake Lamb","Diamondbacks","55.1 %","93.2","13.1 %","84.7","4.5 %","88.3","12.3 %","78.7","13.0 %","85.2","1.0 %","84.8","1.0 %","78.4","1.8 %","13329"
"Miguel Sano","Twins","42.3 %","93.2","24.5 %","84.8","8.4 %","88.3","12.1 %","78.5","11.4 %","84.0","1.4 %","85.0","","","1.0 %","12164"
"Jonathan Lucroy","- - -","63.5 %","93.2","15.3 %","84.9","5.8 %","88.3","8.6 %","79.0","5.9 %","83.3","0.9 %","84.8","","","1.3 %","7870"
"Hanley Ramirez","Red Sox","54.7 %","93.2","20.6 %","85.0","8.5 %","89.1","6.4 %","79.5","8.9 %","84.0","0.9 %","86.5","","","1.4 %","8001"
"Joey Gallo","Rangers","45.7 %","93.2","16.7 %","83.6","3.5 %","88.6","13.8 %","79.0","16.7 %","84.8","3.1 %","84.5","0.5 %","80.4","0.2 %","14128"
"Daniel Descalso","Diamondbacks","58.6 %","93.2","12.2 %","84.3","6.4 %","89.5","10.4 %","78.9","10.6 %","85.3","1.0 %","86.0","0.8 %","78.3","","8392"
"Manny Pina","Brewers","57.3 %","93.2","17.0 %","84.6","5.4 %","87.9","11.1 %","79.0","7.7 %","83.7","1.6 %","85.0","","","","2829"
"Cody Bellinger","Dodgers","58.0 %","93.2","13.9 %","84.2","6.4 %","88.1","8.3 %","78.3","11.9 %","85.0","1.5 %","85.1","","","2.1 %","15998"
"Adrian Gonzalez","Dodgers","60.6 %","93.2","12.3 %","84.1","6.7 %","88.4","10.4 %","78.9","9.5 %","85.2","0.6 %","84.8","","","0.2 %","1908"
"Addison Russell","Cubs","51.8 %","93.2","19.4 %","85.5","6.3 %","88.4","11.4 %","78.0","8.6 %","83.7","1.1 %","83.0","1.6 %","75.3","1.2 %","14106"
"Pat Valaika","Rockies","52.8 %","93.2","16.2 %","84.0","6.3 %","88.5","13.7 %","79.4","9.3 %","83.3","1.8 %","85.0","","","","14885"
"Hunter Pence","Giants","55.7 %","93.2","20.7 %","84.9","4.9 %","87.9","8.3 %","78.8","9.6 %","84.5","0.3 %","85.4","0.5 %","79.0","0.2 %","8252"
"Nick Ahmed","Diamondbacks","50.7 %","93.2","21.1 %","84.8","4.5 %","88.4","9.4 %","78.0","13.6 %","84.0","0.6 %","84.0","","","1.9 %","12147"
"Chase Utley","Dodgers","58.8 %","93.2","13.2 %","84.6","5.5 %","88.4","9.8 %","79.4","11.3 %","84.7","1.4 %","83.5","","","","1679"
"Austin Barnes","Dodgers","55.7 %","93.2","19.4 %","84.5","7.6 %","88.0","8.4 %","78.3","7.6 %","83.4","1.3 %","86.4","","","0.4 %","12158"
"Rhys Hoskins","Phillies","54.9 %","93.2","18.6 %","84.6","3.2 %","86.9","8.9 %","77.1","11.9 %","84.2","1.5 %","85.8","1.0 %","78.4","0.4 %","16472"
"Andrew McCutchen","Pirates","55.3 %","93.1","17.6 %","85.2","6.3 %","88.9","7.8 %","78.6","10.7 %","84.4","1.5 %","84.7","0.8 %","77.5","0.7 %","9847"
"Derek Dietrich","Marlins","59.5 %","93.1","11.8 %","84.2","3.7 %","89.2","10.4 %","78.9","12.2 %","85.5","1.4 %","85.7","0.9 %","74.8","1.1 %","10542"
"Josh Bell","Pirates","56.9 %","93.1","9.8 %","85.3","6.0 %","89.3","9.0 %","78.2","16.4 %","84.4","1.5 %","84.1","0.4 %","77.3","0.7 %","13145"
"Wil Myers","Padres","53.4 %","93.1","17.8 %","84.6","6.5 %","88.6","14.3 %","79.2","7.4 %","84.0","0.4 %","84.6","0.3 %","78.9","0.3 %","10047"
"Yasiel Puig","Dodgers","62.6 %","93.1","17.3 %","84.8","4.8 %","88.4","7.4 %","79.1","7.2 %","84.1","0.8 %","86.1","","","1.1 %","14225"
"Nick Williams","Phillies","58.1 %","93.1","13.8 %","84.2","4.5 %","88.8","11.5 %","77.7","9.1 %","84.1","1.9 %","82.9","1.1 %","76.6","0.1 %","14330"
"Cameron Rupp","Phillies","60.6 %","93.1","16.6 %","85.4","3.9 %","89.6","8.4 %","79.4","8.5 %","84.5","1.1 %","84.1","1.0 %","78.5","0.6 %","11146"
"Russell Martin","Blue Jays","54.1 %","93.1","19.4 %","83.8","8.2 %","88.7","10.3 %","78.2","6.7 %","83.9","1.3 %","84.8","","","0.1 %","4616"
"A.J. Pollock","Diamondbacks","51.8 %","93.1","20.7 %","84.8","6.7 %","88.0","11.6 %","78.2","7.9 %","84.5","0.3 %","86.4","1.1 %","77.2","0.2 %","9256"
"Scott Schebler","Reds","49.8 %","93.1","13.6 %","84.2","7.8 %","88.2","13.2 %","77.7","13.9 %","84.9","1.5 %","85.3","0.2 %","74.8","0.9 %","12225"
"Gerardo Parra","Rockies","55.1 %","93.1","14.5 %","84.4","5.2 %","88.8","11.0 %","78.1","13.7 %","85.1","0.5 %","84.1","","","","8553"
"Cory Spangenberg","Padres","54.3 %","93.1","13.0 %","83.5","7.0 %","89.0","15.3 %","78.4","9.2 %","85.2","1.3 %","85.1","","","0.1 %","12294"
"Jose Pirela","Padres","56.8 %","93.1","18.9 %","84.7","4.2 %","88.2","10.5 %","78.3","9.0 %","84.5","0.6 %","85.1","","","0.1 %","5485"
"Jesus Aguilar","Brewers","57.9 %","93.1","17.5 %","84.8","4.5 %","88.6","10.3 %","78.5","8.9 %","84.0","1.0 %","86.2","","","0.1 %","11342"
"Mark Reynolds","Rockies","52.0 %","93.1","23.0 %","84.2","5.1 %","88.8","12.3 %","78.4","7.2 %","83.4","0.5 %","83.8","","","","7619"
"Jarrett Parker","Giants","54.7 %","93.1","17.9 %","82.8","3.5 %","88.1","16.9 %","77.7","6.6 %","83.6","0.3 %","83.0","","","0.3 %","11624"
"Zack Granite","Twins","69.6 %","93.1","10.2 %","81.5","3.9 %","90.4","7.9 %","78.9","6.5 %","84.0","1.9 %","83.9","","","","15343"
"Jeff Mathis","Diamondbacks","53.5 %","93.1","18.5 %","85.0","7.2 %","88.3","11.9 %","78.4","7.4 %","83.9","0.1 %","83.0","1.5 %","77.4","0.5 %","3448"
"Matt Holliday","Yankees","56.4 %","93.1","19.0 %","83.9","6.9 %","88.2","7.9 %","79.3","8.9 %","83.7","0.9 %","84.0","","","","1873"
"Miguel Rojas","Marlins","59.8 %","93.1","17.0 %","84.7","3.3 %","88.6","8.7 %","78.9","9.4 %","85.0","0.9 %","84.6","1.0 %","77.8","1.8 %","7802"
"Hernan Perez","Brewers","54.2 %","93.1","20.4 %","85.3","4.0 %","88.5","10.5 %","78.9","9.7 %","84.2","0.8 %","85.0","0.5 %","78.9","0.1 %","5751"
"Stephen Piscotty","Cardinals","53.0 %","93.1","19.9 %","84.3","6.5 %","89.4","10.5 %","78.5","9.0 %","83.4","1.1 %","83.6","","","0.5 %","13367"
"Eric Thames","Brewers","53.8 %","93.1","13.7 %","85.0","6.4 %","89.0","10.9 %","78.5","13.5 %","85.0","1.2 %","85.9","0.5 %","77.1","0.6 %","3711"
"Nick Franklin","- - -","59.2 %","93.1","12.0 %","84.8","6.7 %","88.8","11.6 %","77.3","9.5 %","84.6","1.1 %","84.8","","","0.2 %","10166"
"Mookie Betts","Red Sox","52.9 %","93.1","20.8 %","84.6","7.9 %","88.4","8.2 %","79.9","9.1 %","84.0","1.3 %","85.4","","","1.3 %","13611"
"Dominic Smith","Mets","53.1 %","93.1","15.9 %","84.0","4.3 %","86.3","11.3 %","78.5","12.1 %","85.4","1.2 %","85.5","2.0 %","75.5","","15653"
"Trea Turner","Nationals","55.3 %","93.1","15.4 %","85.1","4.7 %","88.0","9.9 %","78.9","11.6 %","84.1","1.5 %","84.6","1.7 %","76.9","0.1 %","16252"
"Hyun Soo Kim","- - -","58.8 %","93.1","10.5 %","84.4","5.4 %","89.7","9.6 %","79.3","12.9 %","84.4","2.1 %","84.0","0.7 %","80.6","0.1 %","18718"
"Sean Rodriguez","- - -","57.0 %","93.1","15.9 %","85.0","3.9 %","89.2","12.8 %","79.3","8.4 %","83.9","2.0 %","84.9","","","0.7 %","6589"
"Alex Avila","- - -","54.4 %","93.1","13.3 %","85.1","4.7 %","89.6","11.8 %","78.7","13.6 %","84.9","2.2 %","83.9","","","0.5 %","7476"
"Mark Trumbo","Orioles","48.9 %","93.1","21.0 %","84.9","6.6 %","88.1","11.0 %","79.6","11.2 %","83.6","1.2 %","84.7","0.3 %","71.0","","6876"
"Chris Iannetta","Diamondbacks","53.5 %","93.1","24.2 %","85.2","5.0 %","88.3","9.4 %","78.4","7.0 %","84.2","1.0 %","86.1","","","","8267"
"Randal Grichuk","Cardinals","53.7 %","93.1","21.1 %","84.8","6.1 %","89.7","9.6 %","78.6","7.9 %","83.2","0.8 %","85.8","1.0 %","75.4","0.8 %","10243"
"Chris Gimenez","Twins","55.7 %","93.1","18.2 %","84.0","5.0 %","87.3","10.0 %","78.4","10.7 %","83.2","0.4 %","84.5","","","","7324"
"Adam Frazier","Pirates","59.0 %","93.1","12.0 %","84.4","5.8 %","88.9","10.3 %","78.8","9.6 %","84.6","2.2 %","82.6","1.2 %","76.2","0.5 %","15223"
"J.T. Realmuto","Marlins","55.9 %","93.1","18.9 %","85.3","4.2 %","88.4","9.6 %","78.4","9.3 %","85.1","1.5 %","84.5","0.7 %","77.4","0.5 %","11739"
"Allen Cordoba","Padres","55.8 %","93.1","18.0 %","84.2","5.2 %","88.4","13.4 %","78.0","5.5 %","83.1","0.8 %","84.4","1.4 %","76.0","0.5 %","15722"
"Corey Seager","Dodgers","52.3 %","93.1","16.3 %","84.2","6.4 %","88.3","9.8 %","78.8","13.2 %","85.0","2.0 %","85.4","","","0.8 %","13624"
"J.J. Hardy","Orioles","61.5 %","93.1","17.8 %","85.4","4.0 %","88.7","8.0 %","80.0","7.1 %","84.8","1.0 %","84.6","0.8 %","72.8","","3797"
"Carlos Asuaje","Padres","60.4 %","93.1","13.1 %","84.6","4.7 %","87.9","12.1 %","78.8","7.8 %","85.3","1.9 %","86.4","","","0.1 %","15197"
"Anthony Rendon","Nationals","57.8 %","93.1","17.1 %","85.0","6.1 %","88.2","8.4 %","78.6","6.8 %","83.9","1.5 %","85.9","2.2 %","78.1","0.9 %","12861"
"Paul DeJong","Cardinals","53.0 %","93.1","19.9 %","84.7","5.5 %","89.1","12.0 %","79.0","8.0 %","83.8","0.8 %","85.3","0.7 %","77.8","0.2 %","18015"
"Joey Votto","Reds","58.0 %","93.1","12.7 %","84.0","7.0 %","88.0","8.4 %","78.2","12.2 %","85.0","1.1 %","84.9","0.6 %","78.5","2.9 %","4314"
"Miguel Cabrera","Tigers","55.4 %","93.1","19.1 %","84.8","5.6 %","88.9","11.4 %","79.4","7.2 %","84.4","0.8 %","85.5","0.4 %","72.4","1.1 %","1744"
"Starlin Castro","Yankees","50.7 %","93.0","21.3 %","84.3","5.7 %","87.7","10.7 %","79.0","10.6 %","83.4","1.1 %","84.5","","","0.2 %","4579"
"Devin Mesoraco","Reds","53.4 %","93.0","14.5 %","85.5","5.5 %","88.8","11.5 %","78.9","12.8 %","83.5","1.3 %","86.8","1.0 %","76.6","","5666"
"Troy Tulowitzki","Blue Jays","53.7 %","93.0","20.3 %","84.3","6.7 %","88.5","10.0 %","79.1","8.2 %","83.4","1.0 %","84.1","","","0.1 %","3531"
"Chris Davis","Orioles","53.6 %","93.0","16.3 %","84.1","3.7 %","88.7","13.7 %","79.2","10.6 %","84.7","1.8 %","85.2","0.3 %","72.5","0.8 %","9272"
"Dustin Pedroia","Red Sox","59.3 %","93.0","14.2 %","84.7","6.5 %","88.5","9.5 %","79.3","9.7 %","83.6","0.9 %","86.8","","","1.0 %","8370"
"Michael Conforto","Mets","53.5 %","93.0","16.0 %","84.1","3.9 %","88.6","11.8 %","78.0","12.4 %","84.4","0.9 %","83.7","1.6 %","76.4","1.0 %","16376"
"Yangervis Solarte","Padres","55.4 %","93.0","12.2 %","84.1","5.3 %","88.7","12.0 %","78.6","13.9 %","84.5","0.7 %","85.5","0.6 %","77.9","0.8 %","5352"
"Mitch Haniger","Mariners","51.7 %","93.0","20.2 %","84.1","7.1 %","88.7","9.8 %","79.2","9.4 %","83.3","1.4 %","84.7","0.3 %","78.2","","14274"
"Gregory Bird","Yankees","55.0 %","93.0","13.7 %","84.7","4.3 %","88.8","10.8 %","78.8","13.9 %","84.5","2.3 %","84.3","","","","14131"
"Todd Frazier","- - -","55.4 %","93.0","22.2 %","84.9","5.4 %","88.2","7.6 %","79.9","8.3 %","83.6","1.1 %","83.7","","","0.3 %","785"
"Matt Szczur","- - -","59.7 %","93.0","19.7 %","84.5","2.8 %","88.8","9.7 %","79.2","6.8 %","84.6","1.4 %","83.4","","","","11255"
"Mike Napoli","Rangers","57.4 %","93.0","18.4 %","84.7","5.9 %","88.6","6.3 %","79.4","10.0 %","83.7","1.6 %","84.6","0.4 %","77.0","0.6 %","3057"
"Josh Donaldson","Blue Jays","51.7 %","93.0","20.5 %","84.3","6.9 %","88.5","9.6 %","79.5","10.0 %","83.7","1.3 %","85.8","","","0.2 %","5038"
"Aaron Hicks","Yankees","48.1 %","93.0","14.6 %","84.3","6.4 %","88.3","13.2 %","79.5","16.5 %","84.1","1.2 %","83.8","","","","5297"
"Starling Marte","Pirates","54.7 %","93.0","20.3 %","85.0","4.6 %","88.6","8.2 %","78.6","9.9 %","84.7","1.4 %","84.2","0.9 %","76.2","","9241"
"Austin Hedges","Padres","53.7 %","93.0","19.9 %","84.4","6.4 %","88.6","13.4 %","78.5","5.6 %","84.5","0.4 %","85.0","0.7 %","77.7","0.8 %","12976"
"Maikel Franco","Phillies","49.5 %","93.0","24.9 %","85.0","4.4 %","88.4","8.6 %","78.7","11.0 %","84.2","0.6 %","83.2","1.2 %","77.2","0.4 %","12179"
"Jett Bandy","Brewers","55.4 %","93.0","22.0 %","84.6","5.3 %","87.2","8.9 %","77.8","6.2 %","84.5","0.1 %","84.0","2.1 %","76.8","","12508"
"Carlos Gonzalez","Rockies","58.6 %","93.0","12.1 %","83.5","5.4 %","88.3","11.7 %","78.4","10.5 %","84.6","1.8 %","83.7","","","0.5 %","7287"
"Christian Yelich","Marlins","52.8 %","93.0","13.3 %","84.6","4.2 %","88.6","13.3 %","78.6","13.9 %","85.3","1.6 %","85.6","0.9 %","77.9","0.6 %","11477"
"Kolten Wong","Cardinals","56.7 %","93.0","15.2 %","83.9","5.9 %","88.7","10.4 %","78.5","9.1 %","83.7","1.3 %","84.5","1.5 %","75.6","2.2 %","12532"
"Ichiro Suzuki","Marlins","66.3 %","93.0","8.2 %","84.6","4.3 %","88.5","8.9 %","77.9","9.7 %","85.6","2.7 %","85.3","","","0.5 %","1101"
"Ryan Braun","Brewers","62.5 %","93.0","13.6 %","85.2","5.0 %","88.9","9.6 %","80.0","8.5 %","84.2","0.8 %","86.4","","","0.5 %","3410"
"Amed Rosario","Mets","52.3 %","93.0","21.7 %","84.9","3.9 %","88.0","11.2 %","78.0","8.3 %","84.6","0.8 %","82.0","1.9 %","77.8","","15518"
"Logan Morrison","Rays","54.3 %","93.0","16.1 %","83.8","5.2 %","88.0","12.8 %","78.8","9.9 %","84.4","1.3 %","84.5","0.4 %","72.2","1.2 %","9205"
"Freddy Galvis","Phillies","58.0 %","93.0","11.4 %","83.9","4.4 %","89.0","10.2 %","77.9","14.0 %","84.6","1.3 %","83.6","0.8 %","77.6","0.3 %","6609"
"Luke Maile","Blue Jays","59.3 %","93.0","17.8 %","85.0","6.1 %","89.3","6.7 %","78.4","9.3 %","82.7","0.8 %","82.0","","","","13355"
"Tucker Barnhart","Reds","56.0 %","93.0","9.8 %","84.1","5.3 %","87.9","11.7 %","77.6","15.2 %","84.4","1.2 %","85.8","0.8 %","78.3","2.5 %","10200"
"Brian Goodwin","Nationals","57.4 %","93.0","9.8 %","84.2","6.2 %","88.1","8.8 %","79.2","15.1 %","84.3","1.9 %","84.1","0.7 %","79.1","0.5 %","12858"
"Jedd Gyorko","Cardinals","51.2 %","93.0","21.8 %","84.7","6.0 %","88.6","11.4 %","78.1","8.0 %","84.0","1.0 %","84.0","0.7 %","77.5","0.1 %","10816"
"Jose Bautista","Blue Jays","49.4 %","93.0","21.8 %","84.2","6.7 %","88.4","11.6 %","79.1","9.3 %","83.6","1.2 %","84.0","","","0.3 %","1887"
"Rene Rivera","- - -","54.6 %","93.0","21.5 %","84.2","3.9 %","88.8","12.0 %","79.4","6.4 %","84.1","1.6 %","83.9","","","1.4 %","3648"
"Miguel Montero","- - -","60.5 %","93.0","12.2 %","83.9","6.8 %","89.5","8.2 %","78.8","9.3 %","84.7","2.0 %","85.6","1.1 %","71.8","0.5 %","3364"
"Justin Upton","- - -","54.3 %","93.0","19.4 %","84.6","5.5 %","88.5","11.5 %","79.0","7.7 %","83.7","1.1 %","85.5","0.5 %","71.4","0.3 %","5222"
"Ryan Zimmerman","Nationals","56.1 %","93.0","16.3 %","84.4","6.2 %","87.9","9.2 %","78.8","8.6 %","84.2","1.8 %","85.1","1.9 %","78.2","0.2 %","4220"
"Adam Duvall","Reds","55.4 %","93.0","18.9 %","84.8","6.9 %","88.5","8.5 %","78.6","8.7 %","84.1","0.9 %","85.4","0.7 %","76.8","0.2 %","10950"
"Matt Wieters","Nationals","54.5 %","93.0","9.6 %","84.1","5.0 %","88.6","10.2 %","78.7","16.9 %","84.5","1.7 %","86.2","2.3 %","77.4","0.9 %","4298"
"Erick Aybar","Padres","56.7 %","93.0","11.3 %","83.6","6.5 %","88.6","13.2 %","78.4","11.3 %","84.5","0.7 %","83.7","0.4 %","77.4","0.5 %","4082"
"Juan Lagares","Mets","56.6 %","93.0","21.1 %","84.1","5.6 %","87.5","9.0 %","78.0","6.2 %","84.7","0.1 %","88.0","1.4 %","77.2","0.1 %","5384"
"Jayson Werth","Nationals","58.6 %","93.0","16.0 %","85.1","5.6 %","87.3","7.8 %","78.7","8.2 %","84.0","1.9 %","85.5","1.9 %","76.0","0.5 %","1327"
"Jackie Bradley Jr.","Red Sox","53.3 %","93.0","15.9 %","84.1","4.5 %","88.4","10.0 %","78.6","13.4 %","84.5","2.9 %","84.6","","","0.8 %","12984"
"Mitch Moreland","Red Sox","51.4 %","93.0","11.5 %","84.3","5.5 %","89.0","13.8 %","79.1","15.3 %","84.6","2.6 %","85.5","","","1.2 %","3086"
"Mike Trout","Angels","60.8 %","93.0","15.5 %","84.4","5.2 %","89.3","8.6 %","78.6","8.5 %","84.5","1.5 %","83.0","","","2.1 %","10155"
"Gregor Blanco","Diamondbacks","63.9 %","93.0","10.9 %","84.5","3.7 %","88.8","8.9 %","78.3","10.3 %","84.8","2.4 %","85.0","","","","3123"
"Keon Broxton","Brewers","55.5 %","93.0","18.8 %","84.4","5.7 %","87.8","11.6 %","78.4","7.6 %","84.3","0.5 %","84.0","0.5 %","76.8","0.2 %","9253"
"Cheslor Cuthbert","Royals","51.1 %","93.0","22.4 %","83.9","5.1 %","88.7","13.3 %","80.2","7.9 %","83.8","0.4 %","83.0","","","","10473"
"Neil Walker","- - -","58.7 %","93.0","11.2 %","84.1","4.6 %","88.5","9.4 %","77.9","14.0 %","84.6","1.4 %","85.3","0.6 %","77.3","0.5 %","7539"
"Ian Desmond","Rockies","59.6 %","92.9","20.7 %","84.3","6.9 %","88.1","7.3 %","79.5","5.1 %","82.7","0.5 %","81.9","","","0.2 %","6885"
"J.D. Martinez","- - -","51.3 %","92.9","22.3 %","84.7","6.3 %","88.9","11.3 %","79.0","7.6 %","84.0","0.8 %","84.4","0.3 %","78.2","1.5 %","6184"
"Chris Taylor","Dodgers","54.5 %","92.9","19.3 %","84.6","6.8 %","88.8","10.4 %","79.3","8.4 %","84.3","0.5 %","85.8","","","","13757"
"Jon Jay","Cubs","56.7 %","92.9","15.5 %","84.4","5.0 %","88.7","11.6 %","78.3","8.4 %","85.3","1.9 %","84.5","0.9 %","76.2","0.5 %","5227"
"Mike Zunino","Mariners","58.1 %","92.9","17.6 %","84.4","6.2 %","88.4","7.9 %","79.3","8.4 %","83.7","1.3 %","85.2","0.5 %","77.8","","13265"
"Caleb Joseph","Orioles","54.6 %","92.9","18.2 %","85.2","5.6 %","88.3","11.5 %","80.1","9.1 %","83.8","0.5 %","87.0","0.5 %","73.0","","7087"
"Matt Kemp","Braves","48.1 %","92.9","24.5 %","84.6","6.3 %","88.7","8.4 %","78.3","11.8 %","84.4","1.0 %","85.5","","","1.1 %","5631"
"Christian Vazquez","Red Sox","61.3 %","92.9","17.8 %","84.5","5.5 %","87.3","8.3 %","79.4","5.7 %","83.0","1.5 %","84.3","","","0.1 %","9774"
"Ryder Jones","Giants","52.4 %","92.9","14.9 %","82.7","7.7 %","88.8","13.0 %","78.3","10.2 %","83.8","1.9 %","86.4","","","2.1 %","15982"
"Trey Mancini","Orioles","46.7 %","92.9","19.8 %","84.3","6.9 %","88.5","12.7 %","79.4","12.5 %","84.0","1.1 %","84.9","0.4 %","71.9","0.0 %","15149"
"Seth Smith","Orioles","51.3 %","92.9","13.1 %","84.8","4.9 %","89.5","13.5 %","79.7","15.4 %","84.1","1.5 %","85.2","0.3 %","71.8","0.4 %","7331"
"Andrew Toles","Dodgers","47.1 %","92.9","14.7 %","83.8","9.2 %","88.7","15.7 %","78.3","12.8 %","85.3","0.5 %","80.0","","","","13414"
"Pablo Sandoval","- - -","55.9 %","92.9","12.3 %","84.7","5.5 %","88.5","10.2 %","78.2","14.2 %","84.6","1.9 %","85.6","","","","5409"
"Brandon Nimmo","Mets","58.8 %","92.9","12.7 %","83.3","4.0 %","88.0","13.0 %","78.6","8.6 %","84.8","1.5 %","86.1","1.5 %","74.3","0.4 %","12927"
"Hunter Renfroe","Padres","54.1 %","92.9","17.2 %","84.6","6.7 %","89.0","14.0 %","78.3","6.5 %","83.9","1.1 %","83.2","0.4 %","78.4","0.1 %","15464"
"Nick Castellanos","Tigers","48.4 %","92.9","21.6 %","84.2","6.4 %","88.8","11.0 %","79.7","10.9 %","83.9","1.4 %","84.0","0.3 %","71.8","","11737"
"Jace Peterson","Braves","57.7 %","92.9","12.0 %","84.5","5.5 %","88.5","9.8 %","78.0","13.2 %","83.9","1.8 %","86.3","","","1.4 %","12325"
"Manuel Margot","Padres","59.7 %","92.9","16.0 %","84.1","4.4 %","88.2","13.0 %","78.1","6.3 %","83.9","0.3 %","83.8","0.4 %","76.4","","14712"
"Yadier Molina","Cardinals","59.4 %","92.9","18.2 %","84.9","6.2 %","89.0","8.1 %","78.3","6.5 %","84.0","1.0 %","85.7","0.7 %","76.5","0.8 %","7007"
"Curtis Granderson","- - -","55.6 %","92.9","13.4 %","83.9","5.0 %","88.2","12.4 %","78.1","11.8 %","85.2","1.7 %","83.5","0.2 %","77.4","0.2 %","4747"
"Michael Saunders","- - -","56.1 %","92.9","12.5 %","84.4","5.6 %","88.7","11.9 %","78.5","11.5 %","85.3","1.5 %","85.3","0.9 %","78.6","0.6 %","9981"
"Wilmer Flores","Mets","58.8 %","92.9","20.8 %","84.6","4.4 %","87.6","8.2 %","78.3","6.9 %","83.1","1.0 %","85.6","","","0.3 %","5827"
"Robbie Grossman","Twins","58.2 %","92.9","10.7 %","83.8","3.9 %","88.8","10.8 %","77.9","15.1 %","84.1","1.4 %","84.1","","","0.1 %","5254"
"Manny Machado","Orioles","52.2 %","92.9","20.5 %","84.6","6.0 %","88.6","10.1 %","79.5","10.1 %","83.8","0.8 %","85.8","0.5 %","73.4","0.5 %","11493"
"Ronald Torreyes","Yankees","56.0 %","92.9","18.9 %","84.2","6.0 %","88.3","11.3 %","79.4","6.4 %","83.3","1.5 %","83.9","","","","11400"
"Howie Kendrick","- - -","58.1 %","92.9","18.4 %","84.4","6.2 %","88.6","7.9 %","79.4","8.5 %","84.6","0.6 %","82.4","0.4 %","74.6","","4229"
"Kelby Tomlinson","Giants","65.1 %","92.9","17.4 %","84.1","3.0 %","86.6","7.2 %","79.2","6.5 %","83.5","0.8 %","85.4","","","1.0 %","13005"
"Alen Hanson","- - -","59.0 %","92.9","8.1 %","84.9","5.3 %","88.6","12.3 %","79.1","13.5 %","83.5","0.8 %","79.0","1.2 %","76.9","","12926"
"Lonnie Chisenhall","Indians","56.6 %","92.9","16.9 %","84.8","5.9 %","88.3","10.3 %","78.1","9.7 %","84.2","0.7 %","85.9","","","0.8 %","7571"
"Clint Frazier","Yankees","56.5 %","92.9","21.8 %","84.6","5.8 %","89.6","7.4 %","79.8","7.6 %","83.2","0.9 %","82.6","","","","15983"
"Byron Buxton","Twins","53.3 %","92.9","19.8 %","84.1","7.9 %","88.5","10.6 %","78.9","7.5 %","83.7","0.9 %","84.1","","","0.3 %","14161"
"Jorge Bonifacio","Royals","54.3 %","92.9","18.4 %","84.4","6.7 %","88.6","9.3 %","79.2","10.8 %","83.7","0.5 %","80.3","","","0.1 %","12174"
"Andrew Benintendi","Red Sox","54.4 %","92.9","11.6 %","84.2","6.4 %","88.9","11.2 %","79.2","13.6 %","85.0","2.8 %","84.7","","","1.1 %","17901"
"Steve Pearce","Blue Jays","50.6 %","92.9","19.8 %","84.1","6.9 %","88.5","11.7 %","79.0","9.2 %","84.2","1.9 %","84.3","","","0.3 %","9957"
"Brandon Belt","Giants","56.1 %","92.9","13.9 %","83.6","5.1 %","88.2","10.3 %","77.1","12.2 %","84.8","1.2 %","84.3","1.3 %","75.5","0.4 %","10264"
"Rougned Odor","Rangers","47.0 %","92.9","17.7 %","83.9","5.2 %","88.5","13.7 %","78.6","14.1 %","84.5","2.1 %","84.0","0.2 %","77.5","0.8 %","12282"
"Travis d'Arnaud","Mets","53.8 %","92.9","20.4 %","84.4","5.9 %","87.9","11.0 %","78.4","6.5 %","84.0","0.8 %","82.5","1.7 %","77.8","0.9 %","7739"
"Ben Gamel","Mariners","53.9 %","92.9","14.6 %","83.7","4.4 %","88.0","12.5 %","78.8","11.7 %","84.6","2.9 %","84.1","","","0.2 %","12160"
"Lane Adams","Braves","55.2 %","92.9","17.9 %","84.3","5.7 %","87.4","9.9 %","76.3","10.5 %","83.5","0.8 %","86.5","","","","10767"
"Joe Panik","Giants","56.2 %","92.9","10.0 %","83.4","5.8 %","88.6","11.1 %","77.8","15.1 %","85.2","1.0 %","82.1","0.8 %","74.6","0.7 %","11936"
"Kevin Pillar","Blue Jays","54.5 %","92.9","19.2 %","84.4","7.6 %","88.4","10.3 %","78.6","7.0 %","84.1","1.4 %","82.8","","","","12434"
"Yunel Escobar","Angels","57.3 %","92.9","17.0 %","84.3","6.0 %","88.2","8.6 %","77.7","9.9 %","83.8","1.3 %","83.9","","","","4191"
"Kendrys Morales","Blue Jays","46.3 %","92.9","12.0 %","84.3","5.2 %","88.8","16.0 %","78.5","17.6 %","84.4","2.9 %","85.2","","","0.3 %","8610"
"Tyler Moore","Marlins","51.1 %","92.9","18.0 %","84.5","3.2 %","87.0","10.5 %","78.4","14.9 %","83.7","1.2 %","84.2","1.0 %","78.0","","7244"
"DJ LeMahieu","Rockies","67.0 %","92.9","14.2 %","84.6","5.4 %","88.5","7.6 %","78.9","5.3 %","84.1","0.6 %","84.3","","","0.2 %","9874"
"Chase Headley","Yankees","54.2 %","92.9","11.6 %","84.4","4.7 %","89.0","11.8 %","79.3","16.1 %","84.1","1.6 %","84.2","","","0.3 %","4720"
"Steven Souza Jr.","Rays","56.9 %","92.9","18.8 %","84.0","5.6 %","88.8","8.7 %","79.8","8.1 %","83.2","1.4 %","84.5","0.4 %","72.4","0.4 %","5667"
"Stephen Vogt","- - -","52.2 %","92.8","13.4 %","84.5","4.2 %","89.5","12.4 %","78.2","15.1 %","85.2","2.7 %","85.5","","","0.4 %","5000"
"Gorkys Hernandez","Giants","59.6 %","92.8","18.2 %","83.8","4.7 %","88.7","9.0 %","77.9","7.4 %","83.9","0.4 %","87.4","0.9 %","76.3","0.9 %","4146"
"John Hicks","Tigers","56.8 %","92.8","17.6 %","84.6","4.5 %","87.7","9.6 %","77.2","9.9 %","83.1","1.5 %","83.9","","","","12547"
"Matt Carpenter","Cardinals","58.5 %","92.8","11.9 %","83.8","4.9 %","89.0","9.1 %","78.3","12.9 %","84.7","1.9 %","84.7","0.8 %","78.0","0.3 %","8090"
"Wilmer Difo","Nationals","58.4 %","92.8","10.0 %","84.3","5.2 %","87.4","11.8 %","78.7","12.2 %","84.1","2.1 %","83.7","0.4 %","76.5","1.7 %","14320"
"Jorge Soler","Royals","45.1 %","92.8","23.9 %","84.1","9.3 %","87.6","7.3 %","77.3","12.8 %","84.4","1.6 %","83.4","","","0.9 %","14221"
"Brandon Crawford","Giants","52.2 %","92.8","14.5 %","83.9","5.3 %","88.6","11.7 %","77.7","14.6 %","85.2","0.7 %","85.4","1.1 %","75.3","0.5 %","5343"
"Didi Gregorius","Yankees","57.8 %","92.8","12.1 %","83.6","5.6 %","88.6","11.0 %","79.6","11.9 %","83.8","1.6 %","84.1","","","0.2 %","6012"
"Josh Rutledge","Red Sox","59.0 %","92.8","24.0 %","84.7","3.5 %","87.6","7.2 %","78.0","4.4 %","83.4","2.0 %","83.7","","","","11167"
"Chris Carter","Yankees","51.2 %","92.8","24.8 %","84.8","7.9 %","88.0","6.0 %","78.9","10.2 %","83.4","","","","","0.1 %","9911"
"Arismendy Alcantara","Reds","54.9 %","92.8","12.3 %","82.9","5.5 %","88.7","14.0 %","78.5","10.8 %","84.5","2.2 %","84.0","0.2 %","78.0","","10711"
"Jose Abreu","White Sox","53.3 %","92.8","17.9 %","84.5","7.6 %","89.0","13.1 %","79.2","7.8 %","83.3","0.4 %","83.1","","","0.9 %","15676"
"Danny Santana","- - -","53.0 %","92.8","9.3 %","84.3","5.9 %","88.7","9.9 %","77.8","19.8 %","83.3","2.1 %","84.1","","","0.2 %","10322"
"Nelson Cruz","Mariners","50.0 %","92.8","19.5 %","84.0","7.4 %","88.6","10.2 %","79.6","11.2 %","83.6","1.7 %","83.6","","","1.1 %","2434"
"Lucas Duda","- - -","50.3 %","92.8","15.5 %","83.4","6.2 %","88.6","12.5 %","78.8","12.8 %","84.9","2.8 %","84.3","","","0.9 %","2502"
"Jose Peraza","Reds","59.5 %","92.8","15.7 %","84.6","6.6 %","87.9","8.6 %","78.0","8.5 %","84.2","0.5 %","82.7","0.5 %","75.9","0.2 %","13593"
"Elvis Andrus","Rangers","52.9 %","92.8","20.2 %","84.4","6.5 %","88.7","9.0 %","78.8","9.9 %","83.7","1.2 %","83.2","0.2 %","78.7","","8709"
"Brett Gardner","Yankees","61.4 %","92.8","11.7 %","83.3","5.3 %","88.4","10.1 %","79.1","10.3 %","84.1","1.2 %","84.8","","","0.3 %","9927"
"Jordy Mercer","Pirates","57.4 %","92.8","18.2 %","85.0","4.9 %","87.8","10.7 %","78.5","7.1 %","83.9","1.2 %","82.2","0.4 %","76.6","1.8 %","6547"
"Adam Eaton","Nationals","64.6 %","92.8","6.1 %","83.6","4.5 %","88.1","9.3 %","77.9","11.5 %","84.2","2.7 %","85.8","1.4 %","74.8","","11205"
"Robinson Cano","Mariners","55.9 %","92.8","13.6 %","83.4","4.6 %","89.2","12.4 %","79.4","11.3 %","84.6","1.9 %","83.5","0.3 %","77.7","1.3 %","3269"
"Cliff Pennington","Angels","56.4 %","92.8","10.0 %","83.9","5.6 %","88.6","10.0 %","78.6","16.8 %","84.2","1.1 %","81.7","","","","3395"
"Logan Forsythe","Dodgers","65.0 %","92.8","15.4 %","84.2","5.9 %","88.3","8.9 %","78.4","4.2 %","83.9","0.5 %","83.6","","","0.2 %","7185"
"Kaleb Cowart","Angels","55.5 %","92.8","11.7 %","83.8","5.2 %","91.6","13.3 %","78.6","12.0 %","83.8","2.3 %","84.2","","","0.9 %","11494"
"Jean Segura","Mariners","58.5 %","92.8","16.6 %","84.2","7.6 %","88.7","8.6 %","79.5","7.4 %","83.5","0.9 %","84.1","0.4 %","78.2","0.5 %","5933"
"David Freese","Pirates","61.7 %","92.8","16.0 %","84.2","4.5 %","87.8","8.5 %","78.0","8.3 %","84.3","1.0 %","85.0","","","1.0 %","9549"
"Xander Bogaerts","Red Sox","53.4 %","92.8","18.4 %","84.4","8.0 %","88.7","11.1 %","79.2","8.3 %","83.6","0.8 %","83.8","","","0.8 %","12161"
"Avisail Garcia","White Sox","53.1 %","92.8","20.7 %","84.5","6.5 %","88.7","10.7 %","79.7","8.3 %","83.6","0.8 %","84.4","","","0.9 %","5760"
"Evan Gattis","Astros","48.5 %","92.8","20.6 %","84.1","8.3 %","88.6","12.1 %","78.3","9.4 %","83.6","1.2 %","83.8","","","","11003"
"Asdrubal Cabrera","Mets","54.4 %","92.8","12.0 %","84.1","5.6 %","88.3","11.8 %","77.5","12.9 %","84.6","1.5 %","84.4","1.9 %","76.0","0.2 %","4962"
"Kyle Seager","Mariners","48.0 %","92.8","16.6 %","83.3","5.0 %","88.3","13.8 %","79.2","14.1 %","84.2","2.4 %","84.4","0.2 %","75.0","0.7 %","9785"
"Buster Posey","Giants","59.1 %","92.8","16.8 %","84.5","5.4 %","88.5","7.5 %","77.9","9.8 %","84.2","0.5 %","81.8","0.8 %","75.3","2.5 %","9166"
"Ruben Tejada","Orioles","62.2 %","92.8","14.0 %","83.8","5.3 %","89.1","9.1 %","81.4","8.7 %","83.8","0.7 %","88.3","","","","5519"
"Austin Romine","Yankees","56.8 %","92.8","19.9 %","83.8","5.5 %","89.1","9.2 %","79.0","7.5 %","82.8","1.3 %","84.3","","","","5491"
"Joe Mauer","Twins","62.4 %","92.8","12.4 %","85.0","5.5 %","89.1","8.2 %","79.0","10.1 %","84.6","1.5 %","84.4","","","0.5 %","1857"
"Orlando Arcia","Brewers","50.5 %","92.8","20.7 %","84.6","4.9 %","87.9","12.7 %","78.8","10.3 %","83.3","0.8 %","84.0","0.2 %","74.8","1.8 %","13185"
"Sandy Leon","Red Sox","49.8 %","92.8","13.3 %","84.0","5.8 %","89.3","14.1 %","78.5","15.2 %","84.5","1.8 %","84.3","","","0.4 %","5273"
"Lorenzo Cain","Royals","57.0 %","92.8","18.9 %","84.9","5.5 %","88.6","9.1 %","78.8","8.4 %","83.8","1.2 %","83.5","","","0.2 %","9077"
"Jonathan Schoop","Orioles","53.0 %","92.8","18.6 %","84.7","5.4 %","88.0","10.2 %","79.5","11.8 %","83.2","0.7 %","82.9","0.2 %","68.8","","11265"
"Eduardo Escobar","Twins","56.7 %","92.8","11.1 %","83.9","5.1 %","89.2","13.3 %","78.4","12.6 %","84.3","1.3 %","83.2","","","0.6 %","6153"
"George Springer","Astros","53.7 %","92.8","21.4 %","84.6","6.3 %","88.4","7.5 %","78.8","9.4 %","83.7","1.7 %","82.4","","","0.2 %","12856"
"Gregory Polanco","Pirates","54.5 %","92.8","16.0 %","84.2","6.3 %","88.7","9.4 %","78.2","11.3 %","84.8","2.0 %","83.6","0.5 %","78.0","0.7 %","12907"
"Josh Harrison","Pirates","58.5 %","92.8","17.3 %","85.1","5.5 %","88.5","9.1 %","78.7","8.0 %","83.6","0.6 %","82.4","1.0 %","76.7","0.3 %","8202"
"Carlos Gomez","Rangers","53.1 %","92.8","21.5 %","84.2","5.4 %","88.2","10.0 %","80.1","7.7 %","84.1","1.4 %","84.3","0.9 %","77.6","","4881"
"Mikie Mahtook","Tigers","52.7 %","92.8","19.0 %","84.5","5.3 %","88.6","10.7 %","79.4","11.3 %","83.5","1.0 %","84.5","","","","13130"
"Brian Dozier","Twins","53.6 %","92.8","19.3 %","84.5","8.8 %","88.4","9.8 %","78.7","7.7 %","83.9","0.8 %","84.6","","","0.9 %","9810"
"Chad Pinder","Athletics","51.2 %","92.8","21.6 %","83.9","6.4 %","88.4","9.8 %","79.5","9.7 %","83.4","1.3 %","83.1","","","0.1 %","15191"
"Nick Hundley","Giants","60.9 %","92.8","17.2 %","84.3","5.2 %","88.4","8.8 %","77.6","7.8 %","84.5","0.1 %","85.0","","","0.5 %","3376"
"Nomar Mazara","Rangers","50.7 %","92.8","15.5 %","84.4","5.7 %","89.5","12.2 %","78.5","13.1 %","84.4","2.6 %","83.3","0.3 %","77.5","0.9 %","14553"
"Danny Valencia","Mariners","48.0 %","92.8","21.2 %","84.0","5.9 %","88.2","12.6 %","79.1","10.6 %","82.8","1.3 %","85.3","0.5 %","78.6","","6364"
"Brandon Guyer","Indians","58.9 %","92.8","14.3 %","84.3","3.3 %","88.3","7.9 %","77.7","13.9 %","83.0","1.7 %","82.6","","","","2636"
"Eugenio Suarez","Reds","57.7 %","92.8","16.3 %","84.6","6.0 %","88.2","9.5 %","77.6","9.3 %","84.5","0.8 %","84.0","0.5 %","77.8","0.0 %","12552"
"Corey Dickerson","Rays","58.6 %","92.8","11.9 %","83.8","5.3 %","88.7","9.8 %","79.6","11.6 %","84.4","2.5 %","84.1","0.4 %","71.9","0.9 %","10762"
"Brandon Moss","Royals","49.4 %","92.8","13.2 %","84.6","5.6 %","88.0","14.3 %","78.9","15.1 %","84.1","2.4 %","83.1","","","0.1 %","4467"
"Cameron Maybin","- - -","59.1 %","92.8","16.7 %","84.4","5.2 %","87.9","8.7 %","79.2","9.4 %","83.2","0.9 %","83.4","","","0.3 %","5223"
"Derek Norris","Rays","55.3 %","92.8","22.0 %","83.9","3.9 %","87.9","8.5 %","77.5","8.0 %","83.7","1.2 %","84.7","1.2 %","73.4","","6867"
"Welington Castillo","Orioles","53.5 %","92.8","18.5 %","84.7","5.7 %","88.2","9.1 %","79.5","12.2 %","83.0","1.0 %","84.3","0.1 %","74.0","","3256"
"Deven Marrero","Red Sox","56.2 %","92.8","19.8 %","84.0","9.7 %","88.2","7.2 %","79.6","6.9 %","82.5","0.3 %","88.0","","","","13325"
"Danny Espinosa","- - -","60.3 %","92.8","11.6 %","83.4","4.4 %","88.6","9.7 %","78.4","12.3 %","84.6","1.7 %","85.3","","","0.5 %","9219"
"Yan Gomes","Indians","57.5 %","92.7","19.2 %","84.7","3.9 %","87.7","9.7 %","78.6","8.2 %","82.6","1.5 %","83.6","","","","9627"
"Michael Brantley","Indians","53.9 %","92.7","16.2 %","84.5","5.7 %","88.6","11.7 %","78.6","11.1 %","84.6","1.4 %","84.0","","","0.9 %","4106"
"Bradley Zimmer","Indians","55.3 %","92.7","15.6 %","84.2","4.1 %","88.1","13.5 %","78.6","10.4 %","84.2","1.2 %","83.2","","","0.1 %","16221"
"Justin Smoak","Blue Jays","48.2 %","92.7","13.6 %","84.6","5.4 %","88.9","16.6 %","78.9","14.0 %","84.1","2.1 %","84.8","","","0.3 %","9054"
"Enrique Hernandez","Dodgers","51.6 %","92.7","21.4 %","84.3","7.0 %","88.6","9.4 %","77.9","10.6 %","83.6","","","","","0.6 %","10472"
"Roberto Perez","Indians","54.9 %","92.7","22.5 %","84.3","4.1 %","87.7","10.0 %","77.5","8.2 %","81.8","0.3 %","80.7","","","","2900"
"Joey Rickard","Orioles","58.0 %","92.7","14.9 %","84.2","5.1 %","89.2","10.9 %","79.6","9.7 %","84.4","1.4 %","84.9","","","","13277"
"James McCann","Tigers","56.4 %","92.7","17.0 %","84.0","5.9 %","88.0","10.2 %","78.3","9.1 %","83.0","0.9 %","85.4","0.5 %","71.7","","12859"
"Freddie Freeman","Braves","50.3 %","92.7","17.1 %","84.9","7.0 %","88.2","11.1 %","77.7","13.1 %","84.8","1.5 %","85.8","","","2.8 %","5361"
"Guillermo Heredia","Mariners","58.7 %","92.7","16.2 %","84.0","6.4 %","88.7","8.7 %","79.8","9.2 %","83.4","0.6 %","85.0","0.2 %","78.7","0.5 %","18721"
"Jose Lobaton","Nationals","58.4 %","92.7","9.1 %","84.1","7.5 %","88.4","10.2 %","78.4","13.6 %","84.1","1.3 %","82.6","","","0.6 %","4243"
"Tyler Flowers","Braves","57.0 %","92.7","20.1 %","84.3","4.1 %","88.2","8.2 %","78.5","9.5 %","83.9","1.1 %","85.4","","","0.3 %","9134"
"Chris Young","Red Sox","54.0 %","92.7","16.9 %","84.5","7.1 %","89.1","9.3 %","79.6","11.1 %","83.9","1.7 %","83.8","","","","3882"
"Mark Canha","Athletics","51.1 %","92.7","18.6 %","84.2","7.2 %","89.1","11.0 %","78.6","11.0 %","82.8","1.2 %","87.4","","","","11445"
"Evan Longoria","Rays","52.9 %","92.7","21.0 %","84.4","6.1 %","88.6","8.4 %","79.8","10.0 %","84.1","1.2 %","83.6","0.4 %","71.7","0.5 %","9368"
"Josh Phegley","Athletics","51.5 %","92.7","21.5 %","83.5","3.0 %","88.2","10.0 %","78.9","10.7 %","84.2","1.4 %","80.9","1.8 %","78.1","","9308"
"Jonathan Villar","Brewers","55.9 %","92.7","10.3 %","84.3","6.2 %","88.7","11.4 %","78.8","14.0 %","84.9","2.2 %","83.8","","","0.1 %","10071"
"Tony Wolters","Rockies","59.7 %","92.7","11.9 %","83.7","6.8 %","89.6","10.2 %","78.7","9.9 %","84.6","1.6 %","85.2","","","3.0 %","11470"
"Stephen Drew","Nationals","54.3 %","92.7","6.1 %","84.2","5.9 %","87.9","12.3 %","78.6","15.9 %","83.9","2.7 %","83.7","2.7 %","79.4","","4251"
"Colby Rasmus","Rays","51.1 %","92.7","16.3 %","84.5","5.7 %","88.7","12.3 %","79.0","12.8 %","85.0","1.9 %","84.7","","","1.3 %","9893"
"Salvador Perez","Royals","45.8 %","92.7","22.1 %","84.5","6.7 %","87.9","13.8 %","78.8","10.8 %","84.4","0.9 %","83.1","","","0.4 %","7304"
"Ryon Healy","Athletics","50.0 %","92.7","19.8 %","84.1","6.3 %","89.1","13.8 %","79.4","8.0 %","83.3","1.7 %","84.2","0.3 %","78.3","0.0 %","15447"
"Devon Travis","Blue Jays","54.0 %","92.7","20.6 %","84.4","8.3 %","88.0","10.0 %","78.9","6.6 %","84.2","0.5 %","84.3","","","","13862"
"Albert Pujols","Angels","51.3 %","92.7","20.0 %","84.3","6.2 %","88.4","11.4 %","78.3","9.9 %","84.0","1.3 %","82.3","","","0.5 %","1177"
"Yoenis Cespedes","Mets","56.9 %","92.7","18.3 %","84.4","5.5 %","87.6","9.2 %","77.4","8.1 %","82.8","1.8 %","85.0","0.4 %","76.0","1.5 %","13110"
"Jefry Marte","Angels","48.6 %","92.7","14.7 %","83.4","5.5 %","87.4","11.8 %","78.8","17.9 %","82.9","1.5 %","80.8","","","","5107"
"Trevor Plouffe","- - -","53.2 %","92.7","21.9 %","83.6","5.3 %","88.6","8.4 %","78.1","9.6 %","83.4","1.6 %","84.9","","","0.6 %","7462"
"Ehire Adrianza","Twins","58.9 %","92.7","12.4 %","84.4","4.2 %","89.6","9.1 %","78.4","13.7 %","83.1","1.8 %","82.4","","","0.7 %","8418"
"Dee Gordon","Marlins","60.9 %","92.7","13.2 %","84.6","4.3 %","88.1","12.5 %","78.5","7.6 %","85.0","0.8 %","84.6","0.7 %","76.0","","8203"
"Alexi Amarista","Rockies","61.6 %","92.7","11.5 %","84.8","5.3 %","88.9","10.5 %","77.9","9.6 %","84.9","1.6 %","85.4","","","","9063"
"Adrian Beltre","Rangers","53.2 %","92.7","20.2 %","84.6","7.4 %","89.3","9.3 %","78.8","8.5 %","83.8","1.3 %","83.0","","","0.5 %","639"
"Leonys Martin","- - -","51.8 %","92.7","16.3 %","83.0","6.5 %","90.2","11.1 %","80.0","10.6 %","83.9","3.7 %","84.8","","","0.8 %","11846"
"Jose Reyes","Mets","60.6 %","92.7","8.5 %","83.8","4.3 %","88.2","11.3 %","77.3","12.4 %","84.5","1.7 %","83.8","1.2 %","75.9","0.2 %","1736"
"Edwin Encarnacion","Indians","52.6 %","92.7","19.7 %","85.0","5.2 %","88.1","10.4 %","78.3","11.2 %","83.3","0.9 %","84.0","","","0.5 %","2151"
"Max Kepler","Twins","54.1 %","92.7","13.1 %","84.2","4.9 %","88.4","14.1 %","78.4","11.9 %","84.8","1.9 %","84.3","","","0.2 %","12144"
"Zack Cozart","Reds","56.6 %","92.7","17.1 %","84.5","5.8 %","88.1","9.7 %","78.1","9.0 %","84.4","1.1 %","84.3","0.7 %","75.5","0.2 %","2616"
"Alex Bregman","Astros","52.5 %","92.7","22.6 %","84.5","6.0 %","88.2","8.7 %","78.6","9.0 %","83.5","1.1 %","83.0","","","0.4 %","17678"
"Jesus Sucre","Rays","57.8 %","92.7","21.7 %","84.5","5.8 %","87.7","8.2 %","78.6","6.1 %","83.5","0.4 %","86.3","","","","5942"
"Mallex Smith","Rays","58.7 %","92.7","13.6 %","83.2","4.7 %","87.3","9.0 %","79.1","10.5 %","84.8","3.5 %","84.7","","","","13608"
"Ian Kinsler","Tigers","57.7 %","92.7","18.5 %","84.2","5.5 %","88.4","10.9 %","78.9","6.2 %","84.0","0.9 %","83.8","0.3 %","70.8","0.2 %","6195"
"Eric Young","Angels","59.9 %","92.7","9.5 %","84.6","4.6 %","89.5","13.8 %","77.2","9.5 %","84.7","2.8 %","83.4","","","","7158"
"Kurt Suzuki","Braves","58.3 %","92.7","19.5 %","84.8","3.7 %","88.5","7.2 %","77.2","10.5 %","84.1","0.9 %","87.1","","","0.6 %","8259"
"Kennys Vargas","Twins","51.7 %","92.7","13.5 %","84.3","4.4 %","88.8","14.7 %","78.8","13.2 %","83.2","2.5 %","83.6","","","0.4 %","12101"
"Martin Maldonado","Angels","53.5 %","92.7","22.0 %","83.9","5.7 %","88.0","9.7 %","78.6","8.5 %","82.9","0.6 %","84.8","","","0.2 %","6887"
"Jose Altuve","Astros","50.2 %","92.7","19.9 %","84.8","6.5 %","88.0","11.7 %","78.8","10.4 %","84.2","1.2 %","82.7","","","0.5 %","5417"
"Abraham Almonte","Indians","50.7 %","92.7","14.6 %","84.1","6.0 %","88.5","12.1 %","78.2","15.6 %","84.0","1.0 %","82.5","","","","5486"
"Adam Jones","Orioles","51.6 %","92.7","17.9 %","84.6","6.6 %","88.5","11.8 %","79.5","10.4 %","83.5","1.1 %","83.5","0.6 %","73.8","0.1 %","6368"
"Albert Almora Jr.","Cubs","48.2 %","92.7","20.6 %","84.3","6.2 %","87.9","10.5 %","77.8","12.2 %","83.3","1.4 %","84.4","0.9 %","74.5","0.5 %","14109"
"Jed Lowrie","Athletics","60.8 %","92.7","10.0 %","84.4","5.8 %","88.9","10.2 %","78.3","10.0 %","84.0","3.1 %","83.6","0.2 %","77.8","0.3 %","4418"
"T.J. Rivera","Mets","54.4 %","92.7","22.4 %","84.5","4.6 %","87.7","9.7 %","78.1","6.8 %","84.4","1.0 %","83.8","1.0 %","74.9","","12495"
"Yonder Alonso","- - -","47.8 %","92.6","13.9 %","84.0","5.8 %","89.3","14.7 %","79.1","13.4 %","84.3","3.2 %","82.8","1.1 %","75.7","1.0 %","2530"
"Jacoby Ellsbury","Yankees","60.1 %","92.6","12.1 %","83.3","5.4 %","88.6","10.4 %","78.8","11.3 %","84.3","0.8 %","84.2","","","0.6 %","4727"
"Adeiny Hechavarria","- - -","58.2 %","92.6","20.1 %","83.9","4.8 %","88.6","8.9 %","79.7","7.3 %","83.5","0.8 %","84.4","","","0.1 %","10459"
"Yandy Diaz","Indians","62.9 %","92.6","13.1 %","84.5","3.5 %","88.0","10.3 %","77.6","8.8 %","83.3","1.5 %","82.4","","","","16578"
"Khris Davis","Athletics","50.4 %","92.6","22.3 %","84.3","7.5 %","89.0","7.5 %","78.7","9.8 %","82.8","2.0 %","83.5","0.6 %","77.0","0.0 %","9112"
"Whit Merrifield","Royals","52.5 %","92.6","19.5 %","84.7","6.2 %","88.2","11.9 %","79.0","9.2 %","83.6","0.8 %","81.7","","","","11281"
"Alcides Escobar","Royals","54.3 %","92.6","21.5 %","84.4","5.9 %","87.7","10.6 %","78.9","7.3 %","82.7","0.5 %","83.8","","","0.2 %","6310"
"Andrelton Simmons","Angels","52.1 %","92.6","19.7 %","83.9","5.5 %","88.5","11.5 %","78.2","9.9 %","83.7","1.4 %","83.3","","","","10847"
"Luis Valbuena","Angels","53.0 %","92.6","13.5 %","84.0","5.6 %","88.4","11.5 %","78.4","14.0 %","84.6","2.4 %","85.1","","","0.2 %","4969"
"Mike Moustakas","Royals","48.6 %","92.6","15.5 %","84.0","6.1 %","88.2","15.4 %","78.2","12.5 %","84.8","2.0 %","83.4","","","1.2 %","4892"
"Tim Beckham","- - -","50.4 %","92.6","21.5 %","84.4","6.5 %","89.0","8.7 %","79.0","10.5 %","83.3","2.0 %","84.6","0.3 %","73.7","0.0 %","7949"
"C.J. Cron","Angels","52.2 %","92.6","20.2 %","84.0","6.4 %","89.1","9.9 %","78.2","10.2 %","82.9","1.1 %","83.7","","","","12546"
"Matt Adams","- - -","51.5 %","92.6","15.0 %","83.7","6.3 %","89.0","10.2 %","78.3","14.4 %","84.4","2.7 %","84.8","","","1.0 %","9393"
"Eric Hosmer","Royals","52.6 %","92.6","16.1 %","84.6","6.8 %","88.1","12.7 %","78.4","10.4 %","84.4","1.4 %","82.9","","","0.5 %","3516"
"Delino DeShields","Rangers","62.5 %","92.6","18.6 %","84.5","3.6 %","88.4","7.9 %","78.7","6.2 %","83.5","0.7 %","83.4","0.6 %","77.6","","11379"
"Denard Span","Giants","61.4 %","92.6","11.2 %","84.1","4.4 %","88.9","11.0 %","77.7","10.2 %","84.8","1.0 %","85.2","0.9 %","75.6","","8347"
"Charlie Blackmon","Rockies","59.1 %","92.6","14.3 %","84.2","6.0 %","88.5","9.7 %","78.4","9.9 %","84.2","1.2 %","84.6","","","1.1 %","7859"
"Jaycob Brugman","Athletics","54.3 %","92.6","11.7 %","84.6","3.7 %","88.5","10.6 %","77.9","16.7 %","84.1","3.0 %","82.7","","","0.6 %","14936"
"Cesar Hernandez","Phillies","59.7 %","92.6","10.2 %","84.4","4.2 %","88.6","9.8 %","77.5","13.9 %","84.5","1.0 %","83.1","1.2 %","77.1","0.2 %","10556"
"Ryan Goins","Blue Jays","54.1 %","92.6","15.2 %","84.0","4.5 %","88.6","11.7 %","78.5","11.8 %","83.8","2.8 %","84.1","","","","9807"
"Jarrod Dyson","Mariners","59.7 %","92.6","13.5 %","83.9","4.9 %","88.4","9.6 %","79.1","10.2 %","83.8","2.1 %","84.4","","","0.2 %","4866"
"Dansby Swanson","Braves","53.2 %","92.6","24.5 %","84.6","4.1 %","87.9","9.9 %","78.0","7.7 %","83.6","0.7 %","84.3","","","1.7 %","18314"
"Drew Butera","Royals","60.6 %","92.6","15.7 %","84.2","5.6 %","88.2","11.0 %","79.4","7.1 %","82.6","0.1 %","83.0","","","","3411"
"Brock Holt","Red Sox","56.7 %","92.6","11.5 %","84.6","6.7 %","89.8","11.0 %","79.5","12.4 %","84.7","1.7 %","82.8","","","","9345"
"Tyler Collins","Tigers","57.5 %","92.6","9.5 %","83.6","5.5 %","87.8","11.5 %","79.6","12.2 %","84.6","2.9 %","83.5","1.0 %","71.7","","12723"
"Ozzie Albies","Braves","56.5 %","92.6","8.1 %","84.4","3.2 %","88.0","11.5 %","76.2","19.3 %","84.7","1.4 %","84.3","","","","16556"
"Brian McCann","Astros","53.7 %","92.6","15.1 %","83.7","4.5 %","87.6","14.0 %","78.5","10.2 %","84.7","2.6 %","83.8","","","0.7 %","4810"
"J.T. Riddle","Marlins","57.9 %","92.6","11.6 %","83.5","6.1 %","88.6","9.6 %","78.2","11.9 %","84.3","1.6 %","84.5","1.3 %","76.5","0.9 %","17642"
"Daniel Robertson","Rays","57.9 %","92.6","16.7 %","83.9","7.0 %","88.0","6.7 %","78.3","10.6 %","83.6","1.3 %","82.1","","","","14145"
"Jorge Polanco","Twins","57.5 %","92.6","10.4 %","84.3","4.9 %","88.7","11.4 %","78.8","13.9 %","84.6","1.8 %","84.8","","","0.2 %","13152"
"Adam Rosales","- - -","51.4 %","92.6","21.5 %","84.1","7.4 %","87.8","11.2 %","78.1","7.7 %","83.6","0.9 %","87.4","","","0.3 %","9682"
"Marwin Gonzalez","Astros","45.7 %","92.6","13.8 %","84.1","4.7 %","89.2","15.4 %","78.2","17.6 %","84.3","2.9 %","82.7","","","0.7 %","5497"
"Jason Castro","Twins","58.4 %","92.6","14.6 %","84.0","4.3 %","88.7","12.9 %","78.7","8.3 %","84.2","1.5 %","83.6","","","0.2 %","8722"
"Alex Gordon","Royals","52.4 %","92.6","14.9 %","84.4","6.0 %","88.6","13.7 %","78.1","11.4 %","84.2","1.7 %","83.9","","","0.6 %","5209"
"Chris Stewart","Pirates","68.6 %","92.6","12.5 %","84.7","2.8 %","87.4","9.9 %","78.8","4.9 %","84.1","1.2 %","85.7","","","0.7 %","3878"
"Alex Presley","Tigers","59.6 %","92.6","11.6 %","85.0","4.4 %","88.8","12.0 %","78.1","11.7 %","84.5","0.8 %","85.1","","","","5305"
"Kole Calhoun","Angels","55.6 %","92.6","12.3 %","83.9","5.4 %","88.7","11.6 %","78.4","13.3 %","84.0","1.8 %","84.3","","","0.8 %","11200"
"Craig Gentry","Orioles","56.9 %","92.6","13.1 %","84.6","5.1 %","87.9","10.7 %","77.8","11.1 %","84.0","1.3 %","87.7","1.8 %","72.1","","9571"
"Adonis Garcia","Braves","56.0 %","92.6","21.9 %","84.6","2.8 %","87.4","7.2 %","77.3","11.5 %","83.8","0.6 %","86.8","","","","13777"
"Patrick Kivlehan","Reds","59.1 %","92.6","15.0 %","83.6","5.6 %","87.7","9.8 %","78.2","9.5 %","83.5","0.6 %","81.4","0.4 %","72.3","0.1 %","13910"
"Omar Narvaez","White Sox","62.3 %","92.6","11.2 %","84.4","3.8 %","89.4","11.4 %","79.0","10.4 %","84.7","0.9 %","87.8","","","0.3 %","13338"
"Nick Delmonico","White Sox","55.1 %","92.5","13.1 %","83.7","6.0 %","89.2","14.0 %","79.2","10.0 %","84.3","1.8 %","82.0","","","","13157"
"Brad Miller","Rays","61.7 %","92.5","13.3 %","84.9","4.9 %","87.9","7.0 %","79.2","10.7 %","83.9","1.9 %","84.8","0.5 %","72.6","0.9 %","12775"
"Taylor Motter","Mariners","56.4 %","92.5","15.6 %","85.0","5.6 %","88.1","8.9 %","79.2","12.1 %","83.1","1.3 %","84.7","0.2 %","78.0","","12399"
"Kevin Plawecki","Mets","55.5 %","92.5","22.3 %","84.0","5.6 %","87.3","7.3 %","78.0","5.4 %","83.6","0.8 %","85.3","2.9 %","75.1","1.3 %","13807"
"Shin-Soo Choo","Rangers","55.9 %","92.5","13.3 %","84.2","4.9 %","89.0","10.9 %","78.4","13.3 %","84.3","1.7 %","84.8","","","0.2 %","3174"
"Dexter Fowler","Cardinals","54.6 %","92.5","11.5 %","84.7","7.2 %","89.3","10.2 %","78.2","14.4 %","84.2","1.9 %","82.9","0.3 %","79.6","1.1 %","4062"
"Robinson Chirinos","Rangers","53.2 %","92.5","20.6 %","83.9","6.0 %","88.5","9.3 %","79.4","9.3 %","83.3","0.9 %","84.3","0.8 %","78.1","","3142"
"Yulieski Gurriel","Astros","52.3 %","92.5","18.7 %","84.6","7.0 %","88.1","9.3 %","78.6","11.9 %","83.6","0.7 %","83.8","","","0.3 %","19198"
"Derek Fisher","Astros","57.8 %","92.5","9.9 %","84.3","3.0 %","88.9","14.4 %","79.4","13.5 %","83.7","1.5 %","84.0","","","0.2 %","16192"
"Ryan Hanigan","Rockies","70.9 %","92.5","9.9 %","83.3","4.9 %","88.9","7.9 %","78.2","4.7 %","84.8","1.7 %","85.4","","","2.0 %","4952"
"Jay Bruce","- - -","49.3 %","92.5","17.1 %","83.9","5.8 %","88.3","12.2 %","77.8","13.5 %","84.4","1.6 %","82.8","0.5 %","76.5","","9892"
"Jeimer Candelario","- - -","56.5 %","92.5","12.3 %","84.6","6.4 %","88.8","8.7 %","78.2","15.5 %","84.7","0.6 %","81.3","","","","13621"
"Victor Martinez","Tigers","49.9 %","92.5","12.8 %","84.2","5.0 %","88.4","16.6 %","78.4","12.1 %","83.9","3.1 %","83.9","0.5 %","70.6","0.7 %","393"
"Eduardo Nunez","- - -","53.8 %","92.5","20.1 %","83.9","6.2 %","89.3","8.1 %","78.5","9.9 %","83.7","1.1 %","85.4","0.8 %","75.1","0.1 %","6848"
"Ryan Rua","Rangers","55.8 %","92.5","18.5 %","84.0","3.2 %","88.9","8.5 %","78.5","13.9 %","83.2","0.2 %","83.0","","","","12409"
"Rickie Weeks Jr.","Rays","45.2 %","92.5","22.2 %","83.2","6.2 %","89.1","13.1 %","79.2","9.1 %","82.5","1.2 %","84.2","2.9 %","72.4","","1849"
"Ender Inciarte","Braves","60.6 %","92.5","12.9 %","84.3","3.8 %","88.5","9.7 %","77.4","12.0 %","84.8","1.0 %","86.5","","","0.5 %","4922"
"Carlos Correa","Astros","51.0 %","92.5","18.6 %","85.1","8.0 %","87.6","12.1 %","78.9","8.7 %","84.0","1.6 %","82.9","","","1.1 %","14162"
"Tim Anderson","White Sox","49.8 %","92.5","24.2 %","84.0","6.2 %","88.3","11.3 %","79.4","7.5 %","83.1","1.0 %","84.5","","","","15172"
"Eddie Rosario","Twins","51.7 %","92.5","17.7 %","84.2","3.5 %","88.1","14.9 %","78.0","10.3 %","83.9","1.9 %","85.1","","","0.2 %","12155"
"Bruce Maxwell","Athletics","60.2 %","92.5","9.8 %","84.0","5.0 %","87.8","10.2 %","76.7","12.0 %","83.7","2.9 %","84.2","","","","13866"
"Jake Marisnick","Astros","57.5 %","92.5","17.1 %","84.1","6.1 %","88.2","8.3 %","78.0","9.5 %","82.3","1.4 %","84.9","","","0.4 %","11339"
"Francisco Cervelli","Pirates","57.5 %","92.5","17.7 %","84.8","5.6 %","88.8","10.2 %","78.4","6.9 %","83.7","0.7 %","85.7","1.2 %","77.2","","5275"
"Jose Iglesias","Tigers","59.6 %","92.5","18.5 %","84.3","4.7 %","87.5","10.3 %","79.1","5.8 %","83.4","0.8 %","83.4","0.4 %","70.9","","10231"
"Billy Hamilton","Reds","59.1 %","92.4","11.0 %","84.0","5.2 %","87.7","11.8 %","78.0","11.1 %","84.2","1.3 %","84.4","0.6 %","76.3","","10199"
"Brandon Phillips","- - -","55.3 %","92.4","20.9 %","84.6","5.0 %","88.7","9.4 %","77.8","9.2 %","83.8","0.3 %","85.7","","","0.2 %","791"
"Francisco Lindor","Indians","54.6 %","92.4","13.4 %","84.5","4.4 %","88.5","13.0 %","77.9","13.5 %","83.9","1.1 %","83.7","","","0.8 %","12916"
"Josh Reddick","Astros","56.4 %","92.4","11.0 %","84.0","4.8 %","87.9","12.8 %","77.9","12.2 %","84.0","2.8 %","83.9","","","0.3 %","3892"
"Andrew Romine","Tigers","62.9 %","92.4","9.8 %","84.3","3.5 %","89.8","8.5 %","79.0","13.9 %","84.3","1.4 %","83.8","","","","1159"
"Rajai Davis","- - -","54.8 %","92.4","17.8 %","84.0","6.1 %","88.5","10.2 %","77.7","8.9 %","83.3","1.8 %","84.2","0.4 %","76.6","0.2 %","3708"
"Ryan Schimpf","Padres","57.1 %","92.4","14.2 %","83.6","6.7 %","90.2","13.8 %","77.8","5.9 %","84.1","0.5 %","86.3","1.8 %","76.5","","9953"
"Giovanny Urshela","Indians","50.0 %","92.4","26.5 %","84.0","5.4 %","88.7","6.9 %","79.1","10.0 %","82.3","1.2 %","83.3","","","","10681"
"Wilson Ramos","Rays","55.0 %","92.4","21.3 %","83.4","4.7 %","88.4","7.9 %","80.0","10.2 %","83.9","0.8 %","85.7","","","1.0 %","1433"
"Darwin Barney","Blue Jays","61.7 %","92.4","14.1 %","83.9","5.9 %","88.4","9.2 %","78.3","8.0 %","83.3","1.2 %","82.9","","","","2430"
"Nick Markakis","Braves","61.8 %","92.4","13.7 %","84.4","4.3 %","88.2","10.1 %","77.4","9.3 %","84.6","0.9 %","84.8","","","1.1 %","5930"
"Peter Bourjos","Rays","55.4 %","92.4","17.8 %","83.4","5.7 %","88.1","6.8 %","79.6","13.8 %","84.2","0.6 %","83.4","","","","2578"
"Yolmer Sanchez","White Sox","59.1 %","92.4","10.0 %","84.7","4.9 %","88.8","8.9 %","78.0","15.2 %","84.1","1.9 %","84.8","","","0.4 %","11602"
"Leury Garcia","White Sox","56.4 %","92.4","9.8 %","84.4","4.6 %","88.4","11.9 %","77.8","16.2 %","83.4","1.2 %","86.0","","","","5913"
"Carlos Ruiz","Mariners","60.1 %","92.4","20.4 %","83.2","4.9 %","87.0","5.6 %","78.9","7.8 %","82.2","1.3 %","82.5","","","","2579"
"Carlos Beltran","Astros","54.6 %","92.4","10.8 %","84.2","5.8 %","87.7","14.3 %","78.7","12.0 %","84.3","2.4 %","83.1","","","0.6 %","589"
"Kevan Smith","White Sox","59.3 %","92.4","17.1 %","84.1","6.3 %","88.2","8.8 %","79.2","7.7 %","83.0","0.9 %","82.6","","","","12284"
"Kevin Kiermaier","Rays","59.1 %","92.4","15.0 %","83.4","4.3 %","88.1","11.2 %","78.5","8.6 %","83.9","1.1 %","84.7","0.7 %","71.9","0.5 %","11038"
"Adam Engel","White Sox","56.2 %","92.4","18.6 %","84.1","8.7 %","88.6","10.8 %","78.7","5.2 %","82.2","0.5 %","83.8","","","","15082"
"Austin Jackson","Indians","59.6 %","92.4","16.3 %","84.9","4.3 %","87.7","8.5 %","77.3","10.6 %","83.2","0.6 %","83.6","","","","9848"
"Johan Camargo","Braves","56.6 %","92.4","11.2 %","84.1","4.2 %","88.9","9.6 %","77.5","16.5 %","83.8","2.0 %","85.7","","","0.8 %","14950"
"Matt Olson","Athletics","55.3 %","92.4","12.5 %","82.9","5.8 %","89.4","13.6 %","77.4","8.0 %","84.2","4.3 %","84.8","0.7 %","78.3","0.4 %","14344"
"Melky Cabrera","- - -","59.5 %","92.4","10.2 %","84.5","6.1 %","88.7","9.1 %","78.9","14.6 %","84.1","0.6 %","83.7","","","0.2 %","4022"
"Matt Joyce","Athletics","50.7 %","92.4","13.8 %","83.7","4.4 %","88.5","14.0 %","77.5","13.2 %","83.9","3.2 %","84.3","0.8 %","76.5","0.2 %","3353"
"Carlos Santana","Indians","52.3 %","92.3","12.1 %","84.2","5.1 %","88.0","11.5 %","77.8","16.7 %","84.1","2.3 %","83.3","","","0.7 %","2396"
"Matt Davidson","White Sox","54.0 %","92.3","18.4 %","84.1","6.6 %","88.5","11.8 %","79.7","8.4 %","82.7","0.8 %","83.9","","","","7226"
"Nori Aoki","- - -","60.2 %","92.3","10.3 %","84.4","6.0 %","89.2","10.7 %","78.3","10.6 %","84.4","1.6 %","84.3","0.6 %","75.6","0.3 %","13075"
"JaCoby Jones","Tigers","52.6 %","92.3","21.4 %","84.0","4.7 %","86.9","9.8 %","78.7","9.1 %","84.0","1.2 %","84.7","1.2 %","70.4","","14818"
"Jose Osuna","Pirates","52.6 %","92.3","16.9 %","84.2","6.8 %","87.9","11.1 %","78.3","11.8 %","83.5","1.0 %","82.4","","","","12937"
"Dixon Machado","Tigers","63.5 %","92.3","17.0 %","84.1","2.1 %","88.1","8.9 %","80.4","7.4 %","83.3","1.2 %","83.0","","","","11472"
"Yoan Moncada","White Sox","53.3 %","92.3","11.6 %","83.8","7.4 %","89.2","10.2 %","78.4","16.7 %","82.7","0.8 %","85.1","","","0.1 %","17232"
"Jose Ramirez","Indians","54.5 %","92.3","13.0 %","85.0","4.3 %","88.4","11.5 %","78.2","15.2 %","83.9","1.5 %","83.1","","","0.7 %","13510"
"Ezequiel Carrera","Blue Jays","53.2 %","92.2","11.7 %","83.4","5.0 %","89.0","13.8 %","77.8","13.2 %","83.8","3.2 %","85.1","","","","9048"
"Christian Arroyo","Giants","52.1 %","92.2","15.0 %","84.2","4.5 %","88.7","13.7 %","76.2","14.7 %","83.3","","","","","0.9 %","16434"
"Boog Powell","- - -","65.6 %","92.2","8.1 %","83.7","6.4 %","89.0","8.6 %","76.8","9.9 %","83.3","1.4 %","84.5","","","","15103"
"Matt Chapman","Athletics","51.5 %","92.2","21.7 %","84.0","7.1 %","88.3","9.7 %","78.3","9.0 %","82.1","1.0 %","83.5","","","","16505"
"Aledmys Diaz","Cardinals","51.8 %","92.2","18.2 %","84.0","7.7 %","89.2","11.2 %","76.7","8.7 %","82.2","1.2 %","82.2","1.2 %","76.0","0.4 %","15937"
"Jason Kipnis","Indians","57.6 %","92.2","14.8 %","84.3","5.3 %","88.3","11.4 %","78.2","9.5 %","84.3","1.4 %","84.1","","","0.1 %","9776"
"Tyler Saladino","White Sox","56.3 %","92.2","15.0 %","84.5","7.2 %","88.4","10.7 %","78.3","10.2 %","82.6","0.5 %","86.0","","","0.1 %","10807"
"Ben Revere","Angels","65.1 %","92.1","10.3 %","83.2","5.6 %","87.7","7.9 %","78.2","9.7 %","83.8","1.4 %","83.2","","","0.1 %","4712"
"Martin Prado","Marlins","60.6 %","92.1","12.0 %","85.3","5.6 %","88.1","11.2 %","78.0","9.5 %","84.5","1.1 %","83.4","","","0.2 %","3312"
"Dustin Garneau","- - -","56.6 %","92.0","20.7 %","84.7","5.8 %","88.0","8.1 %","76.5","8.5 %","82.1","0.2 %","80.0","","","","9433"
"Erik Gonzalez","Indians","55.8 %","92.0","18.5 %","83.8","6.8 %","88.9","9.5 %","77.7","6.8 %","82.9","2.6 %","83.2","","","0.2 %","13369"
"Marcus Semien","Athletics","54.8 %","91.9","19.9 %","83.9","6.6 %","88.1","8.4 %","77.9","9.3 %","82.3","1.1 %","83.4","","","0.1 %","12533"
"Willy Garcia","White Sox","52.8 %","91.7","19.6 %","83.7","11.1 %","88.3","6.9 %","77.7","8.6 %","81.8","1.0 %","80.6","","","","12956"
