"Name","Team","O-Swing%","Z-Swing%","Swing%","O-Contact%","Z-Contact%","Contact%","Zone%","F-Strike%","SwStr%","playerid"
"Alex Avila","White Sox","15.0 %","64.8 %","36.8 %","43.8 %","71.4 %","65.0 %","43.8 %","57.4 %","12.9 %","7476"
"David Wright","Mets","16.5 %","63.3 %","38.1 %","37.5 %","76.6 %","67.4 %","46.0 %","51.2 %","12.4 %","3787"
"Carlos Ruiz","- - -","17.6 %","58.4 %","36.8 %","67.4 %","94.5 %","87.6 %","47.1 %","54.9 %","4.5 %","2579"
"A.J. Ellis","- - -","17.9 %","59.4 %","38.3 %","74.3 %","92.0 %","87.8 %","49.2 %","52.6 %","4.6 %","5677"
"Matt Joyce","Pirates","18.2 %","65.7 %","38.2 %","49.6 %","77.5 %","69.8 %","42.1 %","54.6 %","11.4 %","3353"
"Chris Stewart","Pirates","18.8 %","50.0 %","33.6 %","80.0 %","92.5 %","88.8 %","47.2 %","61.1 %","3.7 %","3878"
"Francisco Cervelli","Pirates","19.0 %","61.8 %","38.1 %","63.7 %","86.8 %","80.4 %","44.5 %","57.0 %","7.5 %","5275"
"Dexter Fowler","Cubs","19.4 %","64.7 %","39.0 %","62.2 %","86.2 %","79.4 %","43.4 %","58.1 %","8.0 %","4062"
"John Jaso","Pirates","19.5 %","67.0 %","40.6 %","68.3 %","89.9 %","84.2 %","44.5 %","56.3 %","6.4 %","5887"
"Carlos Santana","Indians","19.8 %","64.0 %","39.1 %","66.5 %","87.8 %","81.7 %","43.7 %","52.6 %","7.2 %","2396"
"Greg Garcia","Cardinals","20.2 %","63.5 %","39.0 %","63.3 %","95.1 %","85.8 %","43.5 %","56.0 %","5.5 %","10951"
"Jose Bautista","Blue Jays","20.2 %","58.7 %","36.6 %","60.4 %","89.4 %","80.2 %","42.5 %","56.1 %","7.2 %","1887"
"Max Muncy","Athletics","20.5 %","55.7 %","35.7 %","64.1 %","88.7 %","80.7 %","43.3 %","61.7 %","6.9 %","13301"
"Robbie Grossman","Twins","20.5 %","59.3 %","37.6 %","61.1 %","84.4 %","77.3 %","44.1 %","58.9 %","8.5 %","5254"
"Ben Zobrist","Cubs","20.5 %","56.1 %","35.5 %","76.7 %","94.2 %","88.3 %","42.0 %","56.6 %","4.1 %","7435"
"Chris Iannetta","Mariners","20.7 %","72.2 %","45.5 %","60.0 %","81.4 %","76.3 %","48.2 %","61.8 %","10.8 %","8267"
"Joey Votto","Reds","20.8 %","68.6 %","42.2 %","75.8 %","85.5 %","82.9 %","44.7 %","54.4 %","7.1 %","4314"
"Rickie Weeks Jr.","Diamondbacks","20.8 %","65.4 %","41.5 %","49.5 %","79.5 %","71.4 %","46.4 %","56.1 %","11.9 %","1849"
"Curtis Granderson","Mets","20.9 %","58.1 %","36.6 %","59.9 %","89.5 %","79.7 %","42.2 %","55.0 %","7.4 %","4747"
"Daniel Descalso","Rockies","21.3 %","65.8 %","40.4 %","58.6 %","88.9 %","79.7 %","42.8 %","56.4 %","8.1 %","8392"
"Guillermo Heredia","Mariners","21.3 %","61.7 %","39.4 %","70.6 %","91.6 %","85.3 %","44.7 %","67.3 %","5.8 %","18721"
"Russell Martin","Blue Jays","21.4 %","59.1 %","38.9 %","53.3 %","80.1 %","72.2 %","46.5 %","55.9 %","10.8 %","4616"
"Eric Fryer","- - -","21.7 %","68.7 %","45.3 %","49.2 %","87.8 %","78.6 %","50.3 %","63.2 %","9.7 %","8145"
"Logan Forsythe","Rays","22.1 %","58.7 %","39.6 %","64.7 %","85.4 %","79.4 %","47.7 %","62.8 %","8.2 %","7185"
"Keon Broxton","Brewers","22.1 %","68.0 %","42.3 %","39.4 %","75.9 %","65.2 %","44.0 %","54.9 %","14.7 %","9253"
"Travis Jankowski","Padres","22.1 %","60.0 %","39.0 %","66.5 %","87.8 %","81.1 %","44.7 %","58.2 %","7.4 %","13768"
"Mike Moustakas","Royals","22.2 %","65.4 %","42.1 %","69.6 %","92.9 %","86.2 %","45.9 %","52.2 %","5.8 %","4892"
"Chase Utley","Dodgers","22.2 %","59.7 %","40.2 %","63.8 %","89.8 %","82.3 %","47.9 %","59.3 %","7.1 %","1679"
"Anthony Gose","Tigers","22.4 %","60.9 %","40.9 %","44.0 %","78.6 %","68.8 %","48.1 %","63.4 %","12.8 %","5097"
"Mitch Haniger","Diamondbacks","22.6 %","65.3 %","43.7 %","50.0 %","88.0 %","78.0 %","49.4 %","59.4 %","9.5 %","14274"
"Matt Carpenter","Cardinals","22.6 %","58.8 %","38.6 %","63.1 %","92.1 %","82.6 %","44.3 %","55.8 %","6.7 %","8090"
"Nolan Reimold","Orioles","22.6 %","64.4 %","41.4 %","58.3 %","80.7 %","73.9 %","44.9 %","52.9 %","10.8 %","3441"
"Seth Smith","Mariners","22.7 %","62.1 %","39.6 %","59.2 %","88.7 %","79.0 %","42.9 %","54.1 %","8.3 %","7331"
"Anthony Recker","Braves","22.7 %","54.9 %","36.4 %","60.0 %","83.2 %","74.9 %","42.5 %","55.4 %","9.1 %","4063"
"Anthony Rendon","Nationals","22.8 %","64.8 %","42.7 %","75.0 %","88.8 %","84.9 %","47.4 %","62.3 %","6.4 %","12861"
"Austin Jackson","White Sox","22.8 %","64.0 %","43.5 %","66.3 %","88.5 %","82.7 %","50.2 %","59.6 %","7.5 %","9848"
"Christian Yelich","Marlins","22.9 %","64.3 %","40.5 %","54.0 %","88.4 %","77.3 %","42.7 %","55.1 %","9.2 %","11477"
"Chris Heisey","Nationals","22.9 %","59.5 %","41.4 %","55.6 %","81.7 %","74.5 %","50.5 %","60.0 %","10.5 %","3978"
"Chris Young","Red Sox","22.9 %","64.6 %","41.9 %","62.6 %","86.1 %","79.1 %","45.5 %","55.5 %","8.8 %","3882"
"Mike Trout","Angels","23.0 %","60.3 %","38.8 %","70.6 %","87.0 %","81.4 %","42.3 %","55.8 %","7.1 %","10155"
"Paul Goldschmidt","Diamondbacks","23.0 %","60.7 %","39.1 %","69.6 %","84.4 %","79.4 %","42.6 %","56.7 %","7.9 %","9218"
"Joe Panik","Giants","23.1 %","65.0 %","41.7 %","78.9 %","94.9 %","90.0 %","44.5 %","56.1 %","4.2 %","11936"
"Hyun Soo Kim","Orioles","23.1 %","60.1 %","39.4 %","77.7 %","90.3 %","86.2 %","44.3 %","59.0 %","5.5 %","18718"
"Roberto Perez","Indians","23.1 %","61.1 %","39.2 %","59.8 %","86.4 %","77.3 %","42.3 %","55.4 %","8.9 %","2900"
"Luis Valbuena","Astros","23.1 %","69.7 %","43.0 %","64.6 %","83.5 %","77.7 %","42.8 %","56.7 %","9.5 %","4969"
"Shin-Soo Choo","Rangers","23.1 %","57.2 %","38.5 %","65.4 %","87.2 %","80.0 %","45.1 %","56.2 %","7.7 %","3174"
"Joe Mauer","Twins","23.2 %","50.8 %","35.8 %","76.8 %","91.3 %","86.2 %","45.7 %","60.1 %","4.9 %","1857"
"Domingo Santana","Brewers","23.2 %","62.1 %","41.0 %","44.3 %","82.1 %","70.5 %","45.8 %","60.5 %","12.1 %","10348"
"Yasmani Grandal","Dodgers","23.3 %","62.3 %","39.1 %","55.5 %","84.5 %","74.3 %","40.6 %","50.3 %","10.1 %","11368"
"Kirk Nieuwenhuis","Brewers","23.4 %","66.7 %","41.2 %","43.6 %","74.7 %","64.4 %","41.2 %","54.3 %","14.7 %","6400"
"Ji-Man Choi","Angels","23.4 %","63.6 %","40.7 %","68.6 %","88.8 %","82.2 %","42.9 %","48.1 %","7.2 %","5452"
"Omar Narvaez","White Sox","23.5 %","76.6 %","47.8 %","74.1 %","88.1 %","84.4 %","45.8 %","61.5 %","7.4 %","13338"
"Trayce Thompson","Dodgers","23.5 %","66.5 %","42.8 %","59.6 %","86.1 %","78.1 %","45.0 %","60.7 %","9.4 %","9952"
"J.J. Hardy","Orioles","23.6 %","49.3 %","36.4 %","70.1 %","93.6 %","85.9 %","49.6 %","62.3 %","5.1 %","3797"
"Josh Thole","Blue Jays","23.6 %","66.3 %","43.4 %","66.7 %","89.8 %","83.1 %","46.3 %","54.4 %","7.4 %","9689"
"Miguel Sano","Twins","23.7 %","62.9 %","41.0 %","41.7 %","77.3 %","65.8 %","44.1 %","58.0 %","14.0 %","12164"
"Jayson Werth","Nationals","23.8 %","54.6 %","38.2 %","70.3 %","86.7 %","81.3 %","46.7 %","56.8 %","7.2 %","1327"
"Edwin Encarnacion","Blue Jays","23.8 %","67.2 %","42.6 %","62.6 %","85.0 %","77.9 %","43.3 %","57.7 %","9.4 %","2151"
"Jarrod Dyson","Royals","23.9 %","66.6 %","44.2 %","75.3 %","93.4 %","88.3 %","47.6 %","57.9 %","5.1 %","4866"
"Michael Bourn","- - -","23.9 %","60.1 %","41.2 %","57.8 %","86.6 %","77.9 %","47.8 %","60.5 %","9.1 %","6387"
"Gregor Blanco","Giants","23.9 %","64.4 %","42.6 %","65.7 %","90.8 %","83.2 %","46.2 %","59.1 %","7.1 %","3123"
"DJ LeMahieu","Rockies","23.9 %","60.9 %","41.9 %","79.4 %","94.7 %","90.2 %","48.6 %","58.4 %","4.1 %","9874"
"Gordon Beckham","- - -","24.0 %","65.8 %","43.0 %","67.4 %","86.4 %","80.6 %","45.6 %","59.9 %","8.3 %","9015"
"Brett Gardner","Yankees","24.0 %","54.1 %","36.8 %","75.7 %","92.0 %","85.9 %","42.5 %","52.4 %","5.2 %","9927"
"Clint Robinson","Nationals","24.1 %","69.2 %","42.9 %","74.0 %","88.1 %","83.5 %","41.6 %","56.9 %","7.2 %","6908"
"Jonathan Villar","Brewers","24.1 %","66.2 %","43.0 %","57.5 %","83.1 %","75.2 %","44.9 %","57.3 %","10.6 %","10071"
"Nick Markakis","Braves","24.2 %","62.1 %","40.9 %","81.5 %","91.5 %","88.2 %","44.1 %","55.4 %","4.8 %","5930"
"Cesar Hernandez","Phillies","24.3 %","68.0 %","44.3 %","63.1 %","89.9 %","82.0 %","45.9 %","58.8 %","8.0 %","10556"
"Justin Turner","Dodgers","24.4 %","66.0 %","44.4 %","76.6 %","86.9 %","84.0 %","48.1 %","60.5 %","7.1 %","5235"
"Aaron Hill","- - -","24.4 %","61.4 %","42.2 %","70.0 %","91.7 %","85.2 %","48.2 %","59.2 %","6.2 %","6104"
"A.J. Reed","Astros","24.5 %","68.8 %","43.4 %","51.3 %","78.5 %","69.7 %","42.6 %","66.0 %","13.1 %","16246"
"Ramon Flores","Brewers","24.5 %","65.1 %","42.7 %","76.5 %","88.8 %","84.9 %","44.7 %","60.2 %","6.4 %","11165"
"Josh Donaldson","Blue Jays","24.6 %","66.5 %","42.0 %","63.3 %","83.7 %","76.7 %","41.5 %","57.0 %","9.7 %","5038"
"Teoscar Hernandez","Astros","24.6 %","64.4 %","42.2 %","51.6 %","77.3 %","68.9 %","44.1 %","51.8 %","13.0 %","13066"
"Angel Pagan","Giants","24.7 %","59.8 %","40.5 %","81.1 %","93.9 %","89.6 %","45.1 %","57.8 %","4.2 %","2918"
"Jace Peterson","Braves","24.7 %","60.7 %","40.8 %","67.1 %","92.8 %","84.2 %","44.6 %","54.2 %","6.4 %","12325"
"Desmond Jennings","Rays","24.8 %","62.7 %","42.7 %","63.3 %","75.8 %","71.9 %","47.1 %","60.0 %","12.0 %","1965"
"Josh Bell","Pirates","24.8 %","70.7 %","44.6 %","73.6 %","87.2 %","82.9 %","43.1 %","59.9 %","7.6 %","13145"
"Steve Pearce","- - -","24.9 %","68.1 %","45.2 %","49.4 %","88.0 %","76.8 %","47.1 %","58.9 %","10.4 %","9957"
"Stephen Drew","Nationals","24.9 %","65.6 %","42.3 %","70.2 %","90.7 %","83.8 %","42.7 %","48.5 %","6.9 %","4251"
"Alex Gordon","Royals","24.9 %","68.1 %","43.7 %","48.7 %","83.1 %","72.0 %","43.5 %","59.5 %","12.2 %","5209"
"Aaron Hicks","Yankees","25.0 %","71.7 %","45.4 %","61.0 %","83.8 %","76.7 %","43.6 %","61.5 %","10.6 %","5297"
"Jung Ho Kang","Pirates","25.0 %","59.1 %","40.7 %","59.2 %","86.9 %","77.7 %","45.9 %","60.0 %","9.1 %","17182"
"Trevor Plouffe","Twins","25.1 %","66.9 %","45.2 %","67.7 %","86.8 %","81.3 %","47.9 %","61.1 %","8.5 %","7462"
"Brock Holt","Red Sox","25.2 %","54.5 %","38.4 %","76.9 %","97.1 %","89.8 %","44.9 %","58.6 %","3.9 %","9345"
"Andrew Benintendi","Red Sox","25.2 %","62.9 %","42.7 %","71.9 %","87.8 %","82.8 %","46.5 %","61.9 %","7.4 %","17901"
"Martin Maldonado","Brewers","25.2 %","59.1 %","39.9 %","62.3 %","83.1 %","75.7 %","43.4 %","56.1 %","9.4 %","6887"
"Shawn O'Malley","Mariners","25.3 %","64.3 %","43.9 %","68.9 %","88.1 %","82.3 %","47.8 %","62.5 %","7.8 %","9629"
"Travis d'Arnaud","Mets","25.3 %","67.5 %","46.0 %","77.2 %","88.0 %","85.0 %","49.0 %","60.9 %","6.9 %","7739"
"Delino DeShields","Rangers","25.3 %","57.8 %","41.1 %","50.9 %","82.4 %","72.4 %","48.6 %","63.6 %","11.3 %","11379"
"Billy Hamilton","Reds","25.3 %","64.4 %","44.0 %","67.1 %","88.8 %","82.3 %","47.9 %","64.4 %","7.8 %","10199"
"Tommy Pham","Cardinals","25.4 %","61.1 %","41.5 %","39.6 %","79.5 %","66.1 %","45.1 %","64.5 %","14.0 %","2967"
"Andrew McCutchen","Pirates","25.4 %","71.4 %","46.6 %","59.8 %","83.8 %","76.8 %","46.1 %","58.4 %","10.7 %","9847"
"Ryan Schimpf","Padres","25.5 %","67.5 %","43.3 %","58.0 %","81.6 %","73.6 %","42.4 %","55.2 %","11.3 %","9953"
"Brandon Belt","Giants","25.5 %","78.9 %","47.5 %","56.4 %","85.4 %","76.3 %","41.2 %","56.3 %","11.2 %","10264"
"Jorge Soler","Cubs","25.5 %","71.5 %","45.1 %","46.8 %","78.8 %","68.5 %","42.7 %","63.6 %","14.2 %","14221"
"Mookie Betts","Red Sox","25.5 %","58.4 %","41.2 %","71.6 %","94.8 %","87.3 %","47.6 %","60.8 %","5.2 %","13611"
"Cameron Maybin","Tigers","25.6 %","61.1 %","41.9 %","65.2 %","89.6 %","81.5 %","45.8 %","60.4 %","7.8 %","5223"
"Justin Upton","Tigers","25.7 %","65.9 %","44.1 %","56.9 %","78.5 %","71.7 %","45.8 %","55.6 %","12.4 %","5222"
"Adam Rosales","Padres","25.7 %","64.6 %","42.7 %","47.7 %","74.1 %","65.2 %","43.7 %","55.7 %","14.8 %","9682"
"Nick Hundley","Rockies","25.8 %","76.6 %","50.9 %","49.4 %","86.2 %","76.8 %","49.5 %","64.0 %","11.7 %","3376"
"Ben Revere","Nationals","25.8 %","53.8 %","38.7 %","82.8 %","96.4 %","91.6 %","46.3 %","58.7 %","3.3 %","4712"
"Michael Saunders","Blue Jays","25.8 %","69.9 %","44.7 %","50.0 %","84.4 %","73.0 %","42.8 %","55.0 %","12.0 %","9981"
"Coco Crisp","- - -","25.8 %","62.2 %","42.4 %","68.4 %","89.9 %","82.8 %","45.6 %","63.3 %","7.3 %","1572"
"Jed Lowrie","Athletics","25.9 %","70.4 %","46.3 %","74.8 %","88.7 %","84.5 %","46.0 %","56.6 %","7.2 %","4418"
"Chris Carter","Brewers","25.9 %","68.3 %","43.7 %","42.2 %","76.2 %","64.6 %","42.2 %","58.5 %","15.5 %","9911"
"Brett Eibner","- - -","25.9 %","71.6 %","48.1 %","61.5 %","77.5 %","73.1 %","48.6 %","63.9 %","12.9 %","11369"
"Jarrod Saltalamacchia","Tigers","25.9 %","66.7 %","44.0 %","45.6 %","76.6 %","66.4 %","44.3 %","58.2 %","14.7 %","5557"
"Dustin Pedroia","Red Sox","26.0 %","60.9 %","43.1 %","80.3 %","92.5 %","88.8 %","49.2 %","58.0 %","4.8 %","8370"
"Ryan Raburn","Rockies","26.1 %","71.2 %","45.8 %","51.6 %","79.3 %","70.5 %","43.7 %","55.9 %","13.5 %","2218"
"Rob Refsnyder","Yankees","26.1 %","59.6 %","42.0 %","62.6 %","93.1 %","83.2 %","47.6 %","64.0 %","7.0 %","13770"
"Tony Kemp","Astros","26.1 %","68.6 %","45.0 %","79.2 %","90.7 %","87.0 %","44.4 %","61.8 %","5.9 %","14894"
"David Ross","Cubs","26.1 %","69.6 %","47.0 %","52.7 %","79.8 %","72.0 %","48.1 %","57.6 %","12.8 %","1551"
"Jason Heyward","Cubs","26.1 %","60.0 %","41.3 %","75.1 %","91.0 %","85.5 %","44.8 %","55.1 %","6.0 %","4940"
"Lucas Duda","Mets","26.1 %","62.2 %","41.3 %","64.1 %","87.1 %","78.7 %","42.1 %","54.7 %","8.7 %","2502"
"Wil Myers","Padres","26.2 %","60.3 %","40.8 %","69.7 %","86.5 %","80.3 %","42.7 %","57.8 %","8.0 %","10047"
"Jason Castro","Astros","26.3 %","65.3 %","43.9 %","52.8 %","80.3 %","71.2 %","45.2 %","61.4 %","12.6 %","8722"
"Kennys Vargas","Twins","26.3 %","61.7 %","41.0 %","56.9 %","80.2 %","71.4 %","41.4 %","53.1 %","11.7 %","12101"
"Curt Casali","Rays","26.3 %","67.0 %","44.4 %","52.9 %","78.9 %","70.3 %","44.5 %","60.6 %","13.1 %","12510"
"Mike Napoli","Indians","26.4 %","66.1 %","44.0 %","58.9 %","78.8 %","72.1 %","44.2 %","57.1 %","12.2 %","3057"
"Miguel Montero","Cubs","26.4 %","78.7 %","50.2 %","68.3 %","82.8 %","78.6 %","45.5 %","54.6 %","10.6 %","3364"
"Denard Span","Giants","26.4 %","64.7 %","44.0 %","73.4 %","94.4 %","87.5 %","46.0 %","58.7 %","5.5 %","8347"
"Derek Norris","Padres","26.5 %","66.7 %","44.9 %","52.6 %","85.6 %","75.1 %","45.9 %","59.4 %","11.1 %","6867"
"Ryan Hanigan","Red Sox","26.6 %","58.9 %","43.6 %","69.5 %","81.4 %","77.9 %","52.6 %","64.6 %","9.6 %","4952"
"Eugenio Suarez","Reds","26.6 %","64.1 %","43.4 %","60.1 %","86.4 %","77.5 %","44.8 %","59.2 %","9.8 %","12552"
"Joey Rickard","Orioles","26.6 %","55.7 %","41.0 %","76.2 %","91.1 %","86.2 %","49.6 %","64.2 %","5.7 %","13277"
"Ichiro Suzuki","Marlins","26.6 %","62.0 %","43.2 %","77.9 %","89.5 %","85.7 %","47.0 %","57.5 %","6.2 %","1101"
"Byung-ho Park","Twins","26.7 %","67.4 %","45.9 %","50.3 %","74.9 %","67.4 %","47.2 %","52.5 %","15.0 %","18497"
"Ryan Flaherty","Orioles","26.8 %","65.9 %","44.3 %","61.2 %","87.3 %","78.6 %","44.7 %","59.7 %","9.4 %","7888"
"Daniel Nava","- - -","26.8 %","62.9 %","44.2 %","75.0 %","92.1 %","86.7 %","48.4 %","58.8 %","5.9 %","5450"
"Franklin Gutierrez","Mariners","26.8 %","61.7 %","42.0 %","50.8 %","78.5 %","68.5 %","43.5 %","53.4 %","13.2 %","3255"
"Aaron Altherr","Phillies","26.8 %","64.0 %","43.2 %","52.9 %","83.1 %","72.7 %","44.2 %","62.6 %","11.7 %","11270"
"Cody Asche","Phillies","26.8 %","67.4 %","44.5 %","63.8 %","90.3 %","81.3 %","43.7 %","60.6 %","8.3 %","11997"
"Mark Teixeira","Yankees","26.8 %","64.4 %","42.7 %","63.3 %","87.6 %","78.8 %","42.4 %","55.3 %","9.0 %","1281"
"Elvis Andrus","Rangers","26.9 %","61.4 %","43.2 %","71.9 %","91.5 %","85.0 %","47.2 %","64.1 %","6.4 %","8709"
"Brett Wallace","Padres","26.9 %","62.2 %","41.9 %","50.3 %","80.1 %","69.1 %","42.6 %","55.1 %","12.8 %","8434"
"Kyle Seager","Mariners","27.0 %","62.1 %","42.6 %","71.2 %","88.9 %","82.7 %","44.4 %","55.0 %","7.3 %","9785"
"Bryce Harper","Nationals","27.0 %","68.2 %","42.7 %","66.3 %","87.4 %","79.2 %","38.2 %","50.7 %","8.6 %","11579"
"Alejandro De Aza","Mets","27.0 %","64.6 %","43.0 %","52.7 %","89.9 %","76.4 %","42.4 %","55.4 %","10.1 %","3371"
"Jhonny Peralta","Cardinals","27.2 %","72.0 %","46.2 %","69.3 %","88.7 %","82.1 %","42.5 %","52.4 %","8.3 %","1738"
"Michael Conforto","Mets","27.2 %","66.2 %","44.1 %","59.7 %","88.4 %","78.4 %","43.4 %","57.2 %","9.5 %","16376"
"Alex Bregman","Astros","27.2 %","69.3 %","46.6 %","59.8 %","81.6 %","74.7 %","46.1 %","65.0 %","11.8 %","17678"
"Mark Reynolds","Rockies","27.2 %","69.4 %","46.1 %","60.6 %","81.9 %","74.9 %","44.9 %","56.5 %","11.5 %","7619"
"George Springer","Astros","27.2 %","74.1 %","47.4 %","61.8 %","79.7 %","73.9 %","43.1 %","63.4 %","12.4 %","12856"
"Tyler Flowers","Braves","27.3 %","67.7 %","45.7 %","53.1 %","85.0 %","74.7 %","45.7 %","56.0 %","11.6 %","9134"
"Martin Prado","Marlins","27.3 %","53.5 %","39.8 %","81.5 %","96.0 %","90.8 %","47.8 %","64.0 %","3.6 %","3312"
"Yonder Alonso","Athletics","27.3 %","70.6 %","46.4 %","65.9 %","92.8 %","83.9 %","44.0 %","61.5 %","7.4 %","2530"
"Ian Kinsler","Tigers","27.3 %","64.1 %","44.9 %","69.5 %","92.6 %","85.2 %","47.7 %","61.4 %","6.6 %","6195"
"Marcus Semien","Athletics","27.3 %","66.4 %","45.6 %","64.3 %","84.6 %","78.1 %","46.8 %","57.0 %","10.0 %","12533"
"Yunel Escobar","Angels","27.3 %","73.0 %","48.6 %","65.0 %","93.4 %","84.8 %","46.5 %","64.7 %","7.4 %","4191"
"Tucker Barnhart","Reds","27.4 %","73.3 %","47.6 %","67.4 %","87.5 %","81.0 %","44.1 %","56.9 %","8.9 %","10200"
"Joc Pederson","Dodgers","27.5 %","61.7 %","41.4 %","60.9 %","84.2 %","75.0 %","40.8 %","59.2 %","10.3 %","11899"
"Tyler Goeddel","Phillies","27.5 %","64.5 %","45.2 %","62.8 %","83.2 %","76.8 %","48.0 %","59.0 %","10.5 %","13180"
"Jason Kipnis","Indians","27.5 %","62.0 %","43.0 %","66.9 %","90.0 %","81.9 %","44.9 %","55.2 %","7.8 %","9776"
"Jurickson Profar","Rangers","27.5 %","60.0 %","41.4 %","70.9 %","91.3 %","83.6 %","42.7 %","52.1 %","6.8 %","10815"
"Mallex Smith","Braves","27.5 %","65.2 %","44.4 %","51.7 %","84.3 %","73.1 %","44.6 %","63.3 %","11.9 %","13608"
"Andrelton Simmons","Angels","27.6 %","70.2 %","47.5 %","76.8 %","93.7 %","88.5 %","46.8 %","64.6 %","5.5 %","10847"
"Jose Ramirez","Indians","27.7 %","64.0 %","43.9 %","84.4 %","91.2 %","88.8 %","44.7 %","57.0 %","4.9 %","13510"
"Chase Headley","Yankees","27.7 %","66.1 %","44.0 %","58.9 %","87.3 %","77.0 %","42.4 %","59.4 %","10.1 %","4720"
"Jake Lamb","Diamondbacks","27.8 %","65.3 %","43.9 %","52.9 %","83.8 %","72.7 %","43.1 %","54.0 %","11.9 %","13329"
"Nori Aoki","Mariners","27.8 %","67.8 %","47.2 %","80.1 %","93.4 %","89.3 %","48.6 %","62.3 %","5.0 %","13075"
"Welington Castillo","Diamondbacks","27.8 %","61.7 %","43.8 %","57.4 %","83.2 %","74.5 %","47.1 %","59.1 %","11.1 %","3256"
"Jordy Mercer","Pirates","27.8 %","61.8 %","43.8 %","73.0 %","92.5 %","86.0 %","47.0 %","61.6 %","6.1 %","6547"
"Jacoby Ellsbury","Yankees","27.8 %","67.3 %","46.0 %","65.3 %","93.6 %","84.4 %","46.1 %","62.6 %","7.2 %","4727"
"Trevor Story","Rockies","27.8 %","66.8 %","46.2 %","56.2 %","80.7 %","72.9 %","47.1 %","56.6 %","12.5 %","12564"
"Kevin Kiermaier","Rays","27.9 %","66.1 %","43.4 %","68.8 %","84.2 %","78.3 %","40.6 %","56.8 %","9.4 %","11038"
"David Freese","Pirates","27.9 %","65.0 %","44.5 %","59.2 %","83.3 %","75.0 %","44.8 %","53.3 %","11.1 %","9549"
"Alex Presley","- - -","27.9 %","63.9 %","45.9 %","66.2 %","87.6 %","81.1 %","50.1 %","61.9 %","8.7 %","5305"
"Chris Coghlan","- - -","28.0 %","65.0 %","43.7 %","58.4 %","86.8 %","76.3 %","42.4 %","57.3 %","10.2 %","6878"
"Shane Robinson","Angels","28.1 %","62.9 %","43.4 %","71.9 %","86.6 %","81.3 %","43.8 %","57.7 %","8.1 %","4249"
"Chris Davis","Orioles","28.2 %","64.1 %","42.7 %","49.4 %","76.3 %","65.7 %","40.5 %","58.1 %","14.6 %","9272"
"Colby Rasmus","Astros","28.2 %","70.5 %","46.7 %","44.4 %","80.1 %","68.0 %","43.8 %","65.7 %","14.9 %","9893"
"Ezequiel Carrera","Blue Jays","28.2 %","60.7 %","42.5 %","68.4 %","85.3 %","79.0 %","44.1 %","58.4 %","8.9 %","9048"
"Aledmys Diaz","Cardinals","28.2 %","66.4 %","45.2 %","69.3 %","90.9 %","83.4 %","44.4 %","58.0 %","7.4 %","15937"
"Matt Duffy","- - -","28.2 %","64.6 %","45.4 %","69.1 %","93.3 %","85.3 %","47.2 %","59.6 %","6.7 %","13836"
"Sean Rodriguez","Pirates","28.3 %","70.0 %","47.7 %","44.8 %","76.9 %","66.7 %","46.5 %","61.7 %","15.8 %","6589"
"Jarrett Parker","Giants","28.4 %","68.4 %","46.7 %","55.0 %","82.3 %","73.3 %","45.9 %","55.0 %","12.4 %","11624"
"Tommy La Stella","Cubs","28.4 %","66.7 %","45.6 %","64.8 %","87.5 %","79.8 %","45.0 %","52.1 %","9.2 %","12371"
"Troy Tulowitzki","Blue Jays","28.4 %","63.5 %","44.5 %","72.1 %","85.8 %","81.1 %","45.8 %","59.4 %","8.4 %","3531"
"Ivan De Jesus","Reds","28.5 %","64.1 %","45.1 %","69.3 %","85.1 %","79.8 %","46.6 %","63.0 %","9.1 %","9886"
"Ryan Rua","Rangers","28.5 %","65.2 %","45.4 %","61.5 %","80.3 %","73.9 %","46.0 %","63.2 %","11.7 %","12409"
"Michael Taylor","Nationals","28.5 %","72.4 %","48.5 %","55.1 %","77.2 %","70.1 %","45.6 %","61.6 %","14.5 %","11489"
"Jimmy Rollins","White Sox","28.7 %","64.5 %","43.7 %","68.7 %","87.7 %","80.5 %","42.0 %","54.2 %","8.5 %","971"
"Cristhian Adames","Rockies","28.7 %","69.3 %","46.7 %","65.4 %","88.9 %","80.8 %","44.2 %","59.4 %","8.9 %","6013"
"Dansby Swanson","Braves","28.8 %","63.5 %","45.2 %","61.4 %","86.2 %","77.9 %","47.2 %","62.1 %","9.7 %","18314"
"Zack Cozart","Reds","28.9 %","66.4 %","47.0 %","65.1 %","91.6 %","83.2 %","48.4 %","60.4 %","7.9 %","2616"
"Bruce Maxwell","Athletics","28.9 %","70.0 %","46.5 %","65.7 %","84.9 %","78.1 %","42.7 %","64.4 %","10.2 %","13866"
"Enrique Hernandez","Dodgers","29.0 %","64.8 %","44.5 %","54.1 %","84.1 %","73.0 %","43.2 %","60.3 %","12.0 %","10472"
"Lorenzo Cain","Royals","29.0 %","70.2 %","47.9 %","60.1 %","88.5 %","79.2 %","45.8 %","55.1 %","9.9 %","9077"
"Mac Williamson","Giants","29.0 %","73.3 %","47.5 %","53.3 %","71.9 %","65.3 %","41.8 %","59.1 %","16.5 %","14158"
"Josh Reddick","- - -","29.0 %","63.8 %","44.2 %","78.1 %","90.9 %","86.2 %","43.5 %","54.9 %","6.0 %","3892"
"Jackie Bradley Jr.","Red Sox","29.1 %","65.3 %","45.1 %","62.7 %","83.3 %","75.9 %","44.5 %","59.6 %","10.8 %","12984"
"Brian Dozier","Twins","29.1 %","63.9 %","43.8 %","68.8 %","85.4 %","79.0 %","42.2 %","59.3 %","9.1 %","9810"
"David Ortiz","Red Sox","29.1 %","69.9 %","44.4 %","70.7 %","90.5 %","82.3 %","37.4 %","51.9 %","7.7 %","745"
"Cameron Rupp","Phillies","29.2 %","69.6 %","47.8 %","56.2 %","79.9 %","72.1 %","46.1 %","60.4 %","13.3 %","11146"
"Cliff Pennington","Angels","29.2 %","72.2 %","49.3 %","64.4 %","83.3 %","77.3 %","46.8 %","62.2 %","11.2 %","3395"
"Preston Tucker","Astros","29.2 %","72.6 %","49.2 %","58.7 %","76.0 %","70.5 %","46.2 %","56.9 %","14.5 %","13633"
"Luke Maile","Rays","29.2 %","70.0 %","47.9 %","52.6 %","81.8 %","72.2 %","45.8 %","54.0 %","13.2 %","13355"
"Logan Morrison","Rays","29.3 %","71.4 %","46.5 %","60.6 %","86.7 %","77.0 %","40.9 %","58.5 %","10.7 %","9205"
"Christian Colon","Royals","29.3 %","62.1 %","44.0 %","68.0 %","89.2 %","81.4 %","44.8 %","55.3 %","8.2 %","11145"
"Chris Herrmann","Diamondbacks","29.3 %","72.8 %","48.7 %","50.0 %","81.7 %","71.1 %","44.5 %","65.1 %","14.0 %","9284"
"Carlos Correa","Astros","29.4 %","65.1 %","44.8 %","64.2 %","84.5 %","76.9 %","42.9 %","59.9 %","10.3 %","14162"
"Buster Posey","Giants","29.5 %","68.1 %","47.2 %","78.2 %","91.5 %","87.0 %","45.8 %","60.6 %","6.1 %","9166"
"Tony Wolters","Rockies","29.5 %","64.0 %","45.9 %","61.5 %","86.7 %","78.1 %","47.4 %","57.8 %","9.9 %","11470"
"Justin Smoak","Blue Jays","29.6 %","66.7 %","45.3 %","54.9 %","82.2 %","72.0 %","42.5 %","55.4 %","12.7 %","9054"
"Trevor Brown","Giants","29.6 %","72.2 %","49.5 %","50.9 %","87.0 %","75.5 %","46.7 %","59.2 %","12.1 %","13895"
"Jefry Marte","Angels","29.6 %","66.3 %","46.1 %","58.2 %","84.3 %","75.1 %","45.0 %","62.3 %","11.5 %","5107"
"Tyler Holt","Reds","29.6 %","59.7 %","43.3 %","66.7 %","83.7 %","77.4 %","45.6 %","58.7 %","9.8 %","11391"
"Mike Zunino","Mariners","29.6 %","69.4 %","46.5 %","44.9 %","76.1 %","64.6 %","42.4 %","62.0 %","16.4 %","13265"
"Wilmer Flores","Mets","29.7 %","72.3 %","48.7 %","77.7 %","87.8 %","84.4 %","44.7 %","59.1 %","7.6 %","5827"
"Phil Gosselin","Diamondbacks","29.7 %","56.9 %","42.5 %","62.7 %","91.7 %","81.0 %","47.2 %","64.2 %","8.1 %","10953"
"Nick Ahmed","Diamondbacks","29.8 %","74.8 %","52.0 %","64.7 %","86.1 %","79.9 %","49.4 %","68.5 %","10.3 %","12147"
"Danny Valencia","Athletics","29.9 %","62.4 %","44.1 %","51.8 %","85.8 %","72.8 %","43.7 %","59.2 %","12.0 %","6364"
"Neil Walker","Mets","30.0 %","69.1 %","46.8 %","68.1 %","88.8 %","81.2 %","42.9 %","56.6 %","8.8 %","7539"
"Jonathan Lucroy","- - -","30.0 %","57.7 %","43.1 %","70.8 %","88.2 %","81.8 %","47.4 %","57.0 %","7.8 %","7870"
"Dioner Navarro","- - -","30.1 %","63.5 %","45.0 %","59.8 %","88.3 %","77.8 %","44.8 %","55.1 %","10.0 %","3179"
"Tyler Collins","Tigers","30.1 %","68.5 %","46.9 %","67.0 %","84.1 %","77.9 %","43.6 %","58.3 %","10.4 %","12723"
"Brian McCann","Yankees","30.2 %","61.4 %","43.0 %","69.5 %","90.7 %","81.9 %","41.1 %","54.3 %","7.8 %","4810"
"Wilson Ramos","Nationals","30.2 %","73.2 %","50.3 %","68.3 %","88.4 %","81.9 %","46.7 %","60.8 %","9.1 %","1433"
"Juan Lagares","Mets","30.3 %","59.7 %","43.3 %","71.3 %","87.0 %","80.9 %","44.2 %","56.3 %","8.2 %","5384"
"Francisco Lindor","Indians","30.3 %","69.7 %","47.3 %","71.4 %","90.6 %","83.6 %","43.2 %","59.7 %","7.7 %","12916"
"Kolten Wong","Cardinals","30.3 %","69.7 %","46.8 %","69.6 %","91.4 %","83.2 %","41.9 %","61.5 %","7.8 %","12532"
"Johnny Giavotella","Angels","30.3 %","66.1 %","48.0 %","65.8 %","93.5 %","84.6 %","49.5 %","66.8 %","7.4 %","6740"
"Hanley Ramirez","Red Sox","30.4 %","68.1 %","46.8 %","62.0 %","86.9 %","77.8 %","43.5 %","61.1 %","10.3 %","8001"
"Melvin Upton Jr.","- - -","30.4 %","71.4 %","50.1 %","55.3 %","73.7 %","67.9 %","48.0 %","65.5 %","16.1 %","5015"
"Scott Van Slyke","Dodgers","30.4 %","68.1 %","47.9 %","60.0 %","84.1 %","75.9 %","46.4 %","56.6 %","11.5 %","4365"
"Nick Franklin","Rays","30.4 %","72.0 %","49.3 %","68.1 %","83.4 %","78.3 %","45.4 %","64.4 %","10.7 %","10166"
"Brandon Guyer","- - -","30.5 %","71.4 %","49.7 %","67.2 %","89.6 %","82.3 %","46.9 %","63.5 %","8.8 %","2636"
"James McCann","Tigers","30.5 %","63.5 %","46.2 %","56.0 %","84.1 %","74.4 %","47.7 %","59.5 %","11.8 %","12859"
"Nelson Cruz","Mariners","30.5 %","70.7 %","47.8 %","53.0 %","83.3 %","72.2 %","42.8 %","57.7 %","13.2 %","2434"
"Howie Kendrick","Dodgers","30.6 %","68.8 %","48.1 %","65.1 %","88.9 %","80.8 %","45.9 %","63.7 %","9.2 %","4229"
"Yasiel Puig","Dodgers","30.6 %","77.2 %","51.8 %","56.3 %","82.4 %","74.0 %","45.6 %","61.4 %","13.5 %","14225"
"Jeff Mathis","Marlins","30.6 %","71.9 %","51.7 %","49.3 %","80.5 %","71.4 %","51.0 %","68.9 %","14.8 %","3448"
"Steven Souza Jr.","Rays","30.6 %","71.8 %","49.7 %","54.8 %","75.3 %","68.6 %","46.4 %","68.8 %","15.6 %","5667"
"Matt Holliday","Cardinals","30.6 %","72.3 %","48.4 %","66.8 %","89.0 %","80.9 %","42.6 %","62.7 %","9.2 %","1873"
"Max Kepler","Twins","30.7 %","60.8 %","43.1 %","66.1 %","91.0 %","80.6 %","41.3 %","58.4 %","8.3 %","12144"
"Kole Calhoun","Angels","30.7 %","74.8 %","49.5 %","57.5 %","86.8 %","76.3 %","42.7 %","61.8 %","11.7 %","11200"
"J.B. Shuck","White Sox","30.8 %","61.8 %","45.7 %","81.1 %","95.5 %","90.5 %","48.1 %","61.0 %","4.4 %","6677"
"Kris Bryant","Cubs","30.8 %","74.2 %","48.8 %","59.8 %","81.1 %","73.3 %","41.6 %","59.8 %","13.0 %","15429"
"Alex Dickerson","Padres","30.8 %","72.4 %","47.7 %","72.3 %","89.0 %","82.6 %","40.8 %","60.7 %","8.2 %","12649"
"Brandon Crawford","Giants","30.8 %","78.6 %","51.4 %","56.0 %","84.1 %","74.5 %","43.0 %","56.3 %","12.9 %","5343"
"Ian Desmond","Rangers","30.8 %","64.0 %","46.5 %","55.6 %","83.4 %","73.7 %","47.2 %","65.7 %","12.2 %","6885"
"Kelby Tomlinson","Giants","30.8 %","67.9 %","47.7 %","70.0 %","89.9 %","82.9 %","45.6 %","68.3 %","8.1 %","13005"
"Robinson Chirinos","Rangers","30.9 %","62.1 %","44.4 %","59.5 %","81.3 %","72.7 %","43.4 %","61.8 %","12.1 %","3142"
"Kurt Suzuki","Twins","30.9 %","67.3 %","48.0 %","74.4 %","92.1 %","86.1 %","46.9 %","53.1 %","6.7 %","8259"
"Kevin Plawecki","Mets","31.0 %","68.0 %","47.5 %","67.7 %","87.1 %","80.1 %","44.6 %","61.6 %","9.3 %","13807"
"Justin Bour","Marlins","31.0 %","63.4 %","44.0 %","66.2 %","85.9 %","77.6 %","40.3 %","50.8 %","9.6 %","9744"
"Gregory Polanco","Pirates","31.0 %","70.1 %","46.2 %","66.8 %","91.5 %","81.4 %","38.8 %","53.5 %","8.5 %","12907"
"Ryan Goins","Blue Jays","31.1 %","63.0 %","45.7 %","64.2 %","85.0 %","77.3 %","45.9 %","64.3 %","10.4 %","9807"
"Adam Eaton","White Sox","31.1 %","66.5 %","46.7 %","75.4 %","90.1 %","84.6 %","44.0 %","60.6 %","7.2 %","11205"
"Drew Butera","Royals","31.1 %","68.6 %","48.9 %","58.4 %","85.3 %","76.3 %","47.4 %","60.9 %","11.6 %","3411"
"Mike Aviles","Tigers","31.1 %","62.3 %","46.2 %","69.4 %","93.1 %","84.9 %","48.4 %","64.6 %","7.0 %","5986"
"Carlos Beltran","- - -","31.2 %","66.2 %","46.0 %","69.2 %","91.3 %","82.7 %","42.3 %","58.5 %","7.9 %","589"
"Jean Segura","Diamondbacks","31.2 %","64.0 %","46.5 %","71.3 %","92.3 %","84.9 %","46.9 %","59.7 %","7.0 %","5933"
"Jedd Gyorko","Cardinals","31.2 %","70.7 %","48.8 %","58.0 %","86.0 %","76.1 %","44.5 %","61.9 %","11.7 %","10816"
"Prince Fielder","Rangers","31.2 %","66.8 %","45.0 %","58.0 %","90.4 %","76.6 %","38.7 %","53.5 %","10.5 %","4613"
"Darwin Barney","Blue Jays","31.2 %","66.3 %","48.7 %","76.0 %","87.0 %","83.4 %","49.7 %","62.8 %","8.0 %","2430"
"Khris Davis","Athletics","31.3 %","76.7 %","52.0 %","51.5 %","76.2 %","68.2 %","45.7 %","63.9 %","16.6 %","9112"
"Pedro Alvarez","Orioles","31.4 %","67.5 %","45.9 %","52.1 %","82.7 %","70.2 %","40.3 %","59.8 %","13.7 %","2495"
"Kelly Johnson","- - -","31.5 %","69.1 %","47.6 %","66.1 %","87.8 %","79.6 %","42.9 %","56.5 %","9.7 %","2234"
"Hunter Pence","Giants","31.5 %","65.1 %","45.8 %","55.2 %","81.7 %","71.2 %","42.5 %","62.7 %","13.1 %","8252"
"Matt Szczur","Cubs","31.5 %","74.5 %","52.5 %","59.5 %","86.1 %","78.0 %","48.9 %","64.5 %","11.5 %","11255"
"Addison Russell","Cubs","31.6 %","72.8 %","50.1 %","60.6 %","80.6 %","73.7 %","45.1 %","64.1 %","13.1 %","14106"
"Brett Lawrie","White Sox","31.6 %","64.2 %","47.3 %","55.3 %","80.9 %","72.1 %","48.4 %","65.9 %","13.2 %","5247"
"Jake Smolinski","Athletics","31.6 %","66.2 %","47.5 %","72.4 %","91.9 %","84.9 %","46.1 %","59.6 %","7.2 %","5408"
"Jeremy Hazelbaker","Cardinals","31.6 %","72.1 %","51.0 %","55.6 %","87.6 %","77.2 %","47.8 %","66.5 %","11.5 %","9399"
"Cheslor Cuthbert","Royals","31.7 %","69.5 %","49.2 %","63.1 %","86.8 %","78.6 %","46.3 %","62.8 %","10.5 %","10473"
"Omar Infante","Royals","31.7 %","64.7 %","47.7 %","57.0 %","88.5 %","77.7 %","48.5 %","70.5 %","10.7 %","1609"
"Ryan Zimmerman","Nationals","31.9 %","58.5 %","43.7 %","66.6 %","84.9 %","77.5 %","44.6 %","58.9 %","9.8 %","4220"
"Tyler Saladino","White Sox","31.9 %","66.0 %","48.2 %","69.4 %","91.8 %","84.0 %","47.7 %","63.0 %","7.7 %","10807"
"Adrian Gonzalez","Dodgers","32.1 %","73.3 %","48.7 %","66.7 %","87.1 %","79.0 %","40.2 %","56.1 %","10.1 %","1908"
"Albert Pujols","Angels","32.1 %","63.9 %","46.2 %","75.2 %","92.3 %","85.7 %","44.2 %","55.9 %","6.6 %","1177"
"Brandon Drury","Diamondbacks","32.2 %","60.3 %","44.9 %","61.3 %","90.4 %","79.0 %","45.3 %","60.7 %","9.4 %","11615"
"Anthony Rizzo","Cubs","32.2 %","64.2 %","45.2 %","69.8 %","90.9 %","82.0 %","40.5 %","57.3 %","8.1 %","3473"
"Corey Seager","Dodgers","32.2 %","79.0 %","52.9 %","59.4 %","88.4 %","78.6 %","44.3 %","60.8 %","11.3 %","13624"
"Manny Machado","Orioles","32.3 %","72.3 %","49.7 %","66.5 %","87.3 %","79.7 %","43.6 %","59.9 %","10.0 %","11493"
"Giancarlo Stanton","Marlins","32.3 %","67.3 %","46.2 %","46.6 %","81.4 %","66.7 %","39.6 %","57.2 %","15.2 %","4949"
"Tyler White","Astros","32.3 %","57.1 %","42.8 %","69.9 %","83.3 %","77.5 %","42.2 %","55.8 %","9.6 %","15564"
"Jose Lobaton","Nationals","32.3 %","78.7 %","53.4 %","63.5 %","86.8 %","79.1 %","45.6 %","60.5 %","11.0 %","4243"
"Mikie Mahtook","Rays","32.3 %","63.9 %","46.6 %","60.1 %","84.0 %","74.9 %","45.2 %","61.7 %","11.7 %","13130"
"Rafael Ortega","Angels","32.4 %","63.6 %","46.1 %","77.1 %","94.1 %","87.4 %","44.1 %","59.4 %","5.8 %","10323"
"Brad Miller","Rays","32.4 %","71.6 %","49.1 %","65.2 %","81.8 %","75.6 %","42.7 %","60.9 %","12.0 %","12775"
"Alex Rodriguez","Yankees","32.4 %","68.2 %","49.1 %","59.5 %","80.8 %","73.3 %","46.7 %","60.9 %","13.1 %","1274"
"Freddie Freeman","Braves","32.4 %","80.7 %","52.6 %","60.1 %","79.4 %","72.5 %","41.7 %","58.0 %","14.1 %","5361"
"Evan Gattis","Astros","32.4 %","64.8 %","45.8 %","63.3 %","83.3 %","75.0 %","41.4 %","56.7 %","11.3 %","11003"
"James Loney","Mets","32.4 %","75.5 %","50.8 %","82.7 %","93.8 %","89.7 %","42.7 %","57.9 %","5.2 %","4556"
"Derek Dietrich","Marlins","32.5 %","67.1 %","46.9 %","68.0 %","90.6 %","81.5 %","41.7 %","55.3 %","8.6 %","10542"
"J.T. Realmuto","Marlins","32.5 %","66.4 %","48.1 %","70.7 %","89.1 %","82.4 %","46.0 %","63.3 %","8.5 %","11739"
"Stephen Vogt","Athletics","32.5 %","61.1 %","45.4 %","73.5 %","90.8 %","84.0 %","45.2 %","59.6 %","7.3 %","5000"
"Billy Butler","- - -","32.6 %","62.5 %","45.5 %","67.0 %","90.6 %","81.0 %","43.5 %","58.8 %","8.6 %","7399"
"Dae-Ho Lee","Mariners","32.6 %","64.9 %","47.5 %","59.9 %","87.6 %","77.4 %","46.1 %","66.3 %","10.7 %","18722"
"Todd Frazier","White Sox","32.6 %","65.6 %","46.7 %","60.2 %","81.9 %","73.3 %","42.8 %","60.7 %","12.5 %","785"
"Trea Turner","Nationals","32.6 %","65.5 %","47.2 %","59.2 %","88.9 %","77.5 %","44.5 %","62.0 %","10.6 %","16252"
"Sandy Leon","Red Sox","32.6 %","59.1 %","43.5 %","73.0 %","89.9 %","82.4 %","40.9 %","56.5 %","7.6 %","5273"
"Victor Martinez","Tigers","32.7 %","66.7 %","46.9 %","75.1 %","90.6 %","84.4 %","42.0 %","57.5 %","7.3 %","393"
"Travis Shaw","Red Sox","32.7 %","68.6 %","48.0 %","65.6 %","85.3 %","77.6 %","42.6 %","57.4 %","10.7 %","11982"
"Jose Reyes","Mets","32.7 %","62.1 %","45.1 %","72.3 %","88.8 %","81.8 %","42.0 %","64.2 %","8.2 %","1736"
"Jose Altuve","Astros","32.7 %","71.2 %","49.1 %","77.7 %","91.3 %","86.1 %","42.6 %","61.1 %","6.7 %","5417"
"Asdrubal Cabrera","Mets","32.8 %","73.4 %","50.5 %","62.8 %","88.4 %","79.1 %","43.7 %","59.7 %","10.5 %","4962"
"Ender Inciarte","Braves","32.8 %","63.1 %","46.1 %","83.3 %","94.9 %","90.3 %","43.7 %","60.2 %","4.4 %","4922"
"Billy Burns","- - -","32.8 %","70.8 %","51.5 %","81.1 %","92.8 %","89.0 %","49.2 %","69.0 %","5.6 %","12701"
"Miguel Cabrera","Tigers","32.9 %","72.9 %","49.5 %","68.3 %","85.9 %","79.1 %","41.7 %","58.5 %","10.2 %","1744"
"Marcell Ozuna","Marlins","32.9 %","66.5 %","47.1 %","58.8 %","86.3 %","75.2 %","42.2 %","63.2 %","11.6 %","10324"
"Christian Vazquez","Red Sox","32.9 %","63.5 %","47.4 %","74.4 %","90.1 %","84.4 %","47.2 %","57.1 %","7.4 %","9774"
"Adam Frazier","Pirates","32.9 %","68.0 %","50.2 %","68.3 %","91.4 %","83.8 %","49.4 %","64.4 %","8.2 %","15223"
"Carlos Perez","Angels","32.9 %","63.1 %","46.4 %","64.6 %","90.4 %","80.3 %","44.7 %","66.3 %","9.2 %","10642"
"Leonys Martin","Mariners","33.0 %","68.8 %","49.2 %","56.0 %","81.2 %","71.9 %","45.3 %","65.3 %","13.8 %","11846"
"Ketel Marte","Mariners","33.0 %","65.4 %","47.9 %","71.4 %","90.4 %","83.3 %","45.9 %","64.6 %","8.0 %","13613"
"Jay Bruce","- - -","33.0 %","77.3 %","51.8 %","62.7 %","84.6 %","76.5 %","42.3 %","57.1 %","12.0 %","9892"
"Juan Uribe","Indians","33.1 %","77.8 %","53.1 %","65.9 %","88.2 %","80.5 %","44.7 %","61.0 %","10.3 %","454"
"Juan Centeno","Twins","33.1 %","63.5 %","46.7 %","67.4 %","90.9 %","81.7 %","44.6 %","61.5 %","8.5 %","7168"
"Stephen Piscotty","Cardinals","33.1 %","75.4 %","52.3 %","60.7 %","84.5 %","76.3 %","45.5 %","62.4 %","12.4 %","13367"
"Byron Buxton","Twins","33.2 %","63.4 %","46.7 %","47.5 %","80.9 %","67.9 %","45.0 %","58.9 %","15.0 %","14161"
"Gary Sanchez","Yankees","33.2 %","63.2 %","45.1 %","53.2 %","85.1 %","71.0 %","39.9 %","58.1 %","13.0 %","11442"
"J.D. Martinez","Tigers","33.2 %","77.1 %","52.5 %","52.4 %","84.5 %","73.2 %","44.0 %","61.5 %","14.1 %","6184"
"Rajai Davis","Indians","33.2 %","72.7 %","51.4 %","60.2 %","87.2 %","77.8 %","46.1 %","61.6 %","11.4 %","3708"
"Danny Espinosa","Nationals","33.2 %","69.6 %","48.6 %","50.6 %","80.6 %","68.8 %","42.3 %","54.4 %","14.9 %","9219"
"Alexi Amarista","Padres","33.2 %","61.6 %","45.9 %","74.8 %","90.9 %","84.4 %","44.6 %","50.7 %","7.0 %","9063"
"Chase d'Arnaud","Braves","33.3 %","59.4 %","44.2 %","68.8 %","86.3 %","78.6 %","41.7 %","60.7 %","9.4 %","6652"
"Kendrys Morales","Royals","33.4 %","68.7 %","48.1 %","62.6 %","87.9 %","77.6 %","41.6 %","55.3 %","10.7 %","8610"
"Nomar Mazara","Rangers","33.4 %","61.3 %","44.7 %","68.9 %","90.3 %","80.7 %","40.3 %","58.1 %","8.6 %","14553"
"Daniel Murphy","Nationals","33.5 %","64.8 %","46.8 %","79.1 %","95.6 %","88.8 %","42.6 %","56.0 %","5.2 %","4316"
"Jorge Polanco","Twins","33.5 %","55.0 %","42.7 %","72.8 %","93.2 %","84.0 %","42.8 %","54.1 %","6.8 %","13152"
"Tim Beckham","Rays","33.6 %","68.4 %","49.1 %","48.7 %","74.2 %","64.6 %","44.7 %","63.7 %","17.4 %","7949"
"Chris Johnson","Marlins","33.6 %","65.3 %","48.3 %","46.6 %","87.4 %","72.3 %","46.5 %","57.2 %","13.3 %","1191"
"Scott Schebler","Reds","33.6 %","75.6 %","51.8 %","56.4 %","82.8 %","73.1 %","43.3 %","60.3 %","13.8 %","12225"
"Evan Longoria","Rays","33.7 %","67.2 %","48.8 %","62.6 %","83.2 %","75.4 %","45.2 %","61.6 %","11.9 %","9368"
"Jake Marisnick","Astros","33.7 %","73.4 %","52.3 %","61.4 %","84.3 %","76.4 %","46.9 %","63.7 %","12.3 %","11339"
"Mark Trumbo","Orioles","33.8 %","69.9 %","49.4 %","57.3 %","82.0 %","72.4 %","43.2 %","63.6 %","13.6 %","6876"
"Xander Bogaerts","Red Sox","33.8 %","59.1 %","45.4 %","68.4 %","90.7 %","81.7 %","45.5 %","59.1 %","8.3 %","12161"
"Eric Hosmer","Royals","33.9 %","70.5 %","48.8 %","58.4 %","87.2 %","75.4 %","40.8 %","55.9 %","11.9 %","3516"
"Whit Merrifield","Royals","33.9 %","63.5 %","47.6 %","67.3 %","92.1 %","82.6 %","46.2 %","60.5 %","8.3 %","11281"
"Ronald Torreyes","Yankees","33.9 %","70.9 %","51.1 %","72.6 %","93.0 %","85.7 %","46.4 %","67.3 %","7.3 %","11400"
"Adeiny Hechavarria","Marlins","33.9 %","67.8 %","50.2 %","76.0 %","90.9 %","85.6 %","47.9 %","60.5 %","7.1 %","10459"
"Brandon Moss","Cardinals","34.0 %","74.0 %","51.0 %","47.2 %","80.2 %","67.5 %","42.4 %","62.1 %","16.5 %","4467"
"Charlie Blackmon","Rockies","34.0 %","63.8 %","46.9 %","74.9 %","91.5 %","84.7 %","43.3 %","54.6 %","7.2 %","7859"
"Adam Duvall","Reds","34.1 %","69.7 %","49.8 %","57.1 %","85.9 %","74.8 %","44.0 %","63.8 %","12.5 %","10950"
"Hank Conger","Rays","34.1 %","68.7 %","48.2 %","52.6 %","77.5 %","67.0 %","40.7 %","59.9 %","15.9 %","2505"
"Mitch Moreland","Rangers","34.1 %","71.4 %","48.9 %","58.9 %","83.9 %","73.4 %","39.6 %","52.9 %","12.9 %","3086"
"Nolan Arenado","Rockies","34.2 %","68.6 %","48.8 %","70.8 %","90.1 %","82.3 %","42.6 %","60.1 %","8.5 %","9777"
"Dee Gordon","Marlins","34.3 %","64.3 %","48.7 %","74.0 %","91.8 %","85.3 %","47.9 %","62.0 %","7.1 %","8203"
"Matt Wieters","Orioles","34.3 %","72.8 %","50.9 %","72.3 %","83.1 %","79.0 %","43.1 %","63.8 %","10.7 %","4298"
"Scooter Gennett","Brewers","34.3 %","73.0 %","50.5 %","67.4 %","87.2 %","79.4 %","42.0 %","61.6 %","10.4 %","10339"
"Chris Gimenez","Indians","34.4 %","60.1 %","46.6 %","65.4 %","82.3 %","75.7 %","47.5 %","71.0 %","11.3 %","7324"
"David Peralta","Diamondbacks","34.5 %","71.6 %","52.0 %","55.0 %","92.0 %","79.1 %","47.4 %","66.1 %","10.8 %","2136"
"Ryon Healy","Athletics","34.5 %","56.8 %","44.6 %","66.7 %","87.7 %","78.9 %","45.6 %","61.5 %","9.4 %","15447"
"Maikel Franco","Phillies","34.5 %","74.4 %","52.1 %","61.5 %","86.3 %","77.1 %","44.0 %","61.3 %","11.8 %","12179"
"Bryan Holaday","- - -","34.5 %","69.2 %","51.6 %","69.3 %","84.8 %","79.5 %","49.2 %","70.5 %","10.5 %","11287"
"Yoenis Cespedes","Mets","34.6 %","65.8 %","47.6 %","66.1 %","87.2 %","78.3 %","41.6 %","59.3 %","10.2 %","13110"
"Odubel Herrera","Phillies","34.6 %","68.3 %","48.4 %","67.3 %","85.8 %","78.0 %","40.9 %","58.7 %","10.6 %","11476"
"Jon Jay","Padres","34.7 %","70.8 %","51.8 %","63.3 %","88.1 %","79.4 %","47.5 %","65.7 %","10.7 %","5227"
"Tommy Joseph","Phillies","34.7 %","73.1 %","50.7 %","67.5 %","85.1 %","78.1 %","41.6 %","60.5 %","11.1 %","10349"
"Alexei Ramirez","- - -","34.8 %","65.8 %","48.8 %","73.0 %","91.2 %","84.1 %","45.2 %","63.6 %","7.7 %","5133"
"Melky Cabrera","White Sox","34.8 %","68.6 %","49.1 %","80.1 %","92.9 %","87.6 %","42.1 %","55.4 %","6.1 %","4022"
"Willson Contreras","Cubs","34.8 %","65.2 %","47.4 %","62.8 %","76.6 %","70.7 %","41.3 %","64.3 %","13.9 %","11609"
"Abraham Almonte","Indians","35.1 %","76.1 %","51.9 %","65.8 %","85.4 %","77.6 %","41.1 %","60.8 %","11.6 %","5486"
"Joey Wendle","Athletics","35.1 %","71.5 %","50.0 %","76.7 %","92.2 %","85.8 %","40.9 %","67.3 %","7.1 %","13853"
"Carlos Gomez","- - -","35.4 %","73.6 %","52.3 %","53.5 %","79.2 %","69.5 %","44.1 %","65.3 %","15.9 %","4881"
"Caleb Joseph","Orioles","35.5 %","66.9 %","49.2 %","60.0 %","88.7 %","77.0 %","43.7 %","64.5 %","11.3 %","7087"
"David Dahl","Rockies","35.6 %","76.0 %","52.9 %","58.6 %","80.2 %","71.9 %","42.8 %","63.3 %","14.9 %","13744"
"Eduardo Escobar","Twins","35.6 %","68.3 %","50.3 %","72.0 %","90.5 %","83.3 %","44.9 %","60.7 %","8.4 %","6153"
"Marwin Gonzalez","Astros","35.7 %","65.1 %","48.4 %","57.8 %","87.6 %","75.1 %","43.4 %","64.3 %","12.0 %","5497"
"Ramon Cabrera","Reds","35.7 %","68.6 %","49.8 %","69.5 %","86.3 %","79.4 %","43.0 %","61.1 %","10.2 %","10327"
"Chris Owings","Diamondbacks","35.7 %","68.8 %","51.7 %","64.7 %","89.5 %","80.6 %","48.3 %","65.9 %","9.9 %","10030"
"Yangervis Solarte","Padres","35.8 %","70.5 %","50.5 %","74.5 %","90.7 %","84.1 %","42.5 %","62.3 %","8.0 %","5352"
"Adam Lind","Mariners","36.0 %","64.0 %","47.9 %","66.4 %","89.3 %","79.4 %","42.7 %","61.6 %","9.8 %","8027"
"Tyler Naquin","Indians","36.0 %","72.7 %","51.2 %","63.6 %","77.9 %","72.0 %","41.5 %","56.7 %","14.2 %","13359"
"Yadier Molina","Cardinals","36.0 %","72.7 %","53.4 %","81.4 %","89.6 %","86.7 %","47.3 %","62.5 %","7.1 %","7007"
"Rene Rivera","Mets","36.1 %","71.3 %","52.6 %","57.3 %","83.5 %","73.9 %","46.8 %","65.7 %","13.5 %","3648"
"Jose Iglesias","Tigers","36.1 %","53.6 %","44.1 %","83.8 %","96.9 %","91.1 %","45.7 %","60.4 %","3.9 %","10231"
"Ryan Braun","Brewers","36.2 %","74.4 %","51.8 %","68.0 %","89.5 %","80.6 %","40.8 %","59.4 %","9.9 %","3410"
"Yolmer Sanchez","White Sox","36.3 %","66.9 %","49.3 %","70.3 %","84.5 %","78.5 %","42.4 %","60.1 %","10.6 %","11602"
"Devon Travis","Blue Jays","36.3 %","64.0 %","49.3 %","71.7 %","90.5 %","83.2 %","47.0 %","63.2 %","8.3 %","13862"
"Andres Blanco","Phillies","36.3 %","75.4 %","53.1 %","64.4 %","81.5 %","74.8 %","42.9 %","58.9 %","13.4 %","1907"
"Tim Anderson","White Sox","36.4 %","68.1 %","50.4 %","55.4 %","81.1 %","70.7 %","43.9 %","67.5 %","14.7 %","15172"
"Adrian Beltre","Rangers","36.4 %","66.0 %","49.2 %","79.7 %","89.7 %","85.5 %","43.0 %","60.3 %","7.1 %","639"
"Carlos Gonzalez","Rockies","36.4 %","74.4 %","51.6 %","56.8 %","82.1 %","71.4 %","39.9 %","57.3 %","14.7 %","7287"
"Starlin Castro","Yankees","36.4 %","69.2 %","51.7 %","64.8 %","86.2 %","78.2 %","46.6 %","63.1 %","11.3 %","4579"
"Peter Bourjos","Phillies","36.6 %","73.5 %","53.6 %","55.7 %","84.3 %","73.8 %","45.9 %","66.6 %","14.0 %","2578"
"Jose Peraza","Reds","36.7 %","68.6 %","51.1 %","76.7 %","93.9 %","87.1 %","45.1 %","66.0 %","6.6 %","13593"
"Oswaldo Arcia","- - -","36.7 %","67.7 %","49.5 %","49.5 %","77.5 %","65.4 %","41.4 %","54.5 %","17.1 %","10306"
"Miguel Rojas","Marlins","37.0 %","64.3 %","49.6 %","77.0 %","89.9 %","84.7 %","46.0 %","61.7 %","7.5 %","7802"
"Nick Castellanos","Tigers","37.0 %","74.2 %","54.0 %","52.9 %","84.9 %","73.0 %","45.6 %","64.2 %","14.6 %","11737"
"Josh Harrison","Pirates","37.1 %","72.5 %","54.3 %","77.9 %","84.6 %","82.2 %","48.5 %","65.7 %","9.7 %","8202"
"Gregorio Petit","Angels","37.1 %","66.5 %","50.7 %","61.3 %","84.2 %","75.1 %","46.2 %","66.8 %","12.6 %","3812"
"Kevin Pillar","Blue Jays","37.1 %","62.3 %","48.9 %","69.9 %","90.5 %","82.2 %","47.0 %","64.7 %","8.7 %","12434"
"Andrew Romine","Tigers","37.2 %","78.4 %","55.5 %","60.3 %","84.7 %","75.6 %","44.4 %","61.9 %","13.6 %","1159"
"Randal Grichuk","Cardinals","37.2 %","74.5 %","53.8 %","58.4 %","80.6 %","72.1 %","44.6 %","66.3 %","15.0 %","10243"
"Bobby Wilson","- - -","37.3 %","73.7 %","54.3 %","57.0 %","79.8 %","71.5 %","46.7 %","70.1 %","15.5 %","6564"
"Robinson Cano","Mariners","37.3 %","71.4 %","51.4 %","71.2 %","93.2 %","83.8 %","41.5 %","59.7 %","8.2 %","3269"
"Matt Adams","Cardinals","37.3 %","71.1 %","50.9 %","62.8 %","86.9 %","76.3 %","40.2 %","62.1 %","12.0 %","9393"
"Austin Romine","Yankees","37.4 %","74.5 %","55.1 %","68.6 %","89.2 %","81.9 %","47.9 %","66.5 %","9.9 %","5491"
"Brandon Barnes","Rockies","37.4 %","72.8 %","55.4 %","57.5 %","79.6 %","72.3 %","50.9 %","69.7 %","15.4 %","629"
"Ryan Howard","Phillies","37.8 %","79.7 %","55.2 %","53.3 %","77.0 %","67.5 %","41.5 %","62.2 %","17.9 %","2154"
"Luis Sardinas","- - -","38.0 %","65.5 %","50.5 %","63.4 %","87.3 %","77.5 %","45.5 %","62.9 %","11.2 %","13153"
"C.J. Cron","Angels","38.0 %","69.6 %","52.3 %","66.8 %","86.9 %","78.8 %","45.1 %","63.6 %","11.0 %","12546"
"Yan Gomes","Indians","38.0 %","75.8 %","57.0 %","61.3 %","85.6 %","77.5 %","50.2 %","64.8 %","12.8 %","9627"
"Conor Gillaspie","Giants","38.1 %","76.7 %","54.5 %","67.3 %","92.9 %","82.6 %","42.6 %","57.1 %","9.4 %","9009"
"Erick Aybar","- - -","38.5 %","65.9 %","49.8 %","76.1 %","92.3 %","84.9 %","41.1 %","66.0 %","7.4 %","4082"
"Orlando Arcia","Brewers","38.5 %","70.4 %","52.8 %","64.9 %","77.6 %","72.5 %","44.9 %","69.4 %","14.5 %","13185"
"Eduardo Nunez","- - -","38.6 %","70.4 %","53.0 %","76.5 %","91.1 %","85.2 %","45.2 %","63.7 %","7.8 %","6848"
"Andrew Toles","Dodgers","38.7 %","83.3 %","56.3 %","55.1 %","88.0 %","74.3 %","39.5 %","60.9 %","14.2 %","13414"
"Adonis Garcia","Braves","38.8 %","70.3 %","52.8 %","69.3 %","87.9 %","80.3 %","44.6 %","62.9 %","10.3 %","13777"
"Alcides Escobar","Royals","39.1 %","69.3 %","52.9 %","70.8 %","86.6 %","80.3 %","45.6 %","67.6 %","10.4 %","6310"
"Gerardo Parra","Rockies","39.2 %","72.7 %","54.8 %","64.2 %","90.5 %","80.4 %","46.4 %","64.0 %","10.7 %","8553"
"Starling Marte","Pirates","39.2 %","74.0 %","54.1 %","61.9 %","86.5 %","76.3 %","42.7 %","60.5 %","12.7 %","9241"
"Danny Santana","Twins","39.4 %","69.6 %","52.4 %","66.0 %","83.6 %","76.1 %","43.0 %","66.9 %","12.5 %","10322"
"Jett Bandy","Angels","39.5 %","78.0 %","56.8 %","71.2 %","86.9 %","80.9 %","45.0 %","69.7 %","10.9 %","12508"
"Jose Abreu","White Sox","39.7 %","69.3 %","51.6 %","65.9 %","87.5 %","77.6 %","40.2 %","59.3 %","11.5 %","15676"
"Avisail Garcia","White Sox","39.9 %","76.4 %","54.8 %","50.3 %","82.6 %","68.6 %","40.7 %","65.1 %","17.2 %","5760"
"Didi Gregorius","Yankees","40.1 %","74.8 %","55.4 %","71.7 %","90.6 %","82.9 %","44.0 %","61.8 %","9.4 %","6012"
"Paulo Orlando","Royals","40.1 %","75.5 %","55.9 %","62.1 %","87.0 %","77.1 %","44.7 %","68.2 %","12.8 %","8628"
"Freddy Galvis","Phillies","40.4 %","68.2 %","52.7 %","70.8 %","88.5 %","81.0 %","44.2 %","59.8 %","9.9 %","6609"
"Matt Kemp","- - -","40.7 %","75.0 %","55.4 %","58.3 %","83.0 %","72.6 %","42.9 %","63.2 %","15.0 %","5631"
"Yulieski Gurriel","Astros","40.7 %","75.5 %","55.4 %","78.6 %","88.5 %","84.3 %","42.1 %","59.9 %","8.7 %","19198"
"Albert Almora Jr.","Cubs","40.9 %","61.8 %","50.8 %","69.4 %","87.0 %","79.5 %","47.2 %","65.8 %","10.4 %","14109"
"Michael Martinez","- - -","40.9 %","69.2 %","54.6 %","56.8 %","90.6 %","77.5 %","48.3 %","70.8 %","12.3 %","7358"
"Marlon Byrd","Indians","40.9 %","77.4 %","57.0 %","52.2 %","79.8 %","68.7 %","44.0 %","62.0 %","17.7 %","950"
"Hernan Perez","Brewers","41.2 %","68.5 %","53.8 %","60.4 %","86.4 %","75.7 %","46.4 %","70.7 %","13.1 %","5751"
"Justin Morneau","White Sox","41.3 %","79.0 %","55.4 %","63.6 %","88.7 %","77.0 %","37.4 %","59.2 %","12.7 %","1737"
"Daniel Castro","Braves","41.6 %","61.8 %","50.6 %","78.7 %","88.2 %","83.8 %","44.3 %","59.7 %","8.1 %","15450"
"Eddie Rosario","Twins","41.7 %","76.9 %","56.9 %","65.5 %","78.3 %","73.0 %","43.1 %","63.6 %","15.3 %","12155"
"Brandon Phillips","Reds","41.7 %","77.2 %","57.8 %","69.7 %","90.0 %","82.0 %","45.3 %","65.8 %","10.4 %","791"
"Rougned Odor","Rangers","41.8 %","71.3 %","54.3 %","65.0 %","88.2 %","77.9 %","42.5 %","61.4 %","12.0 %","12282"
"Lonnie Chisenhall","Indians","42.0 %","77.5 %","57.0 %","72.0 %","92.8 %","83.9 %","42.1 %","61.2 %","9.1 %","7571"
"Christian Bethancourt","Padres","42.3 %","75.8 %","57.0 %","61.2 %","78.4 %","71.3 %","43.9 %","63.7 %","16.4 %","10028"
"Yasmany Tomas","Diamondbacks","42.4 %","80.3 %","58.0 %","57.6 %","82.4 %","71.7 %","41.2 %","71.1 %","16.3 %","17171"
"Javier Baez","Cubs","42.9 %","67.9 %","52.6 %","62.4 %","82.3 %","72.4 %","38.8 %","60.7 %","14.4 %","12979"
"Raul Mondesi","Royals","42.9 %","67.1 %","53.5 %","49.2 %","80.8 %","66.6 %","43.8 %","63.8 %","17.9 %","13769"
"Jonathan Schoop","Orioles","43.0 %","81.4 %","60.2 %","55.8 %","84.4 %","73.1 %","44.8 %","66.2 %","16.2 %","11265"
"Steven Moya","Tigers","43.5 %","84.8 %","58.0 %","60.3 %","79.7 %","70.3 %","35.2 %","65.0 %","17.3 %","11854"
"A.J. Pierzynski","Braves","43.9 %","77.8 %","58.9 %","70.2 %","91.9 %","82.9 %","44.3 %","61.4 %","10.1 %","746"
"Corey Dickerson","Rays","44.0 %","76.0 %","56.4 %","69.6 %","76.7 %","73.3 %","38.9 %","62.4 %","14.9 %","10762"
"T.J. Rivera","Mets","44.1 %","69.2 %","54.8 %","65.4 %","88.9 %","78.0 %","42.5 %","56.6 %","12.1 %","12495"
"Salvador Perez","Royals","44.2 %","70.1 %","55.2 %","65.8 %","90.4 %","79.0 %","42.2 %","66.9 %","11.5 %","7304"
"Jeff Francoeur","- - -","44.8 %","73.4 %","56.7 %","60.5 %","77.0 %","69.4 %","41.6 %","64.1 %","17.3 %","4792"
"Adam Jones","Orioles","44.8 %","82.8 %","60.6 %","61.2 %","85.6 %","75.1 %","41.6 %","63.1 %","15.1 %","6368"
"Jimmy Paredes","- - -","46.7 %","71.9 %","56.3 %","53.9 %","81.0 %","67.1 %","38.3 %","59.3 %","18.5 %","5481"
