"Name","Team","K/9","BB/9","K/BB","HR/9","K%","BB%","K-BB%","AVG","WHIP","BABIP","LOB%","ERA-","FIP-","xFIP-","ERA","FIP","E-F","xFIP","SIERA","playerid"
"Aroldis Chapman","Reds","17.67","4.00","4.42","0.17","52.5 %","11.9 %","40.6 %",".119","0.83",".290","76.8 %","54","23","32","2.00","0.89","1.11","1.20","1.09","10233"
"Wade Davis","Royals","13.63","2.88","4.74","0.00","39.1 %","8.2 %","30.8 %",".150","0.85",".264","87.5 %","26","32","51","1.00","1.19","-0.19","1.93","1.61","7441"
"Andrew Miller","- - -","14.87","2.45","6.06","0.43","42.6 %","7.0 %","35.5 %",".150","0.80",".263","76.8 %","51","40","42","2.02","1.51","0.51","1.58","1.21","6785"
"Dellin Betances","Yankees","13.50","2.40","5.63","0.40","39.6 %","7.0 %","32.6 %",".147","0.78",".241","86.3 %","36","42","50","1.40","1.64","-0.24","1.86","1.45","6216"
"Sean Doolittle","Athletics","12.78","1.15","11.13","0.72","37.7 %","3.4 %","34.3 %",".167","0.73",".246","69.2 %","74","47","60","2.73","1.71","1.02","2.25","1.53","1581"
"Jake McGee","Rays","11.36","2.02","5.63","0.25","32.9 %","5.8 %","27.0 %",".188","0.90",".280","80.7 %","51","47","68","1.89","1.73","0.16","2.58","1.98","7550"
"Clayton Kershaw","Dodgers","10.85","1.41","7.71","0.41","31.9 %","4.1 %","27.8 %",".194","0.86",".278","81.6 %","51","49","56","1.77","1.81","-0.04","2.08","2.09","2036"
"Greg Holland","Royals","12.99","2.89","4.50","0.43","37.5 %","8.3 %","29.2 %",".168","0.91",".268","83.3 %","37","49","56","1.44","1.83","-0.39","2.10","1.77","7196"
"Craig Kimbrel","Braves","13.86","3.79","3.65","0.29","38.9 %","10.7 %","28.3 %",".139","0.91",".235","81.5 %","44","51","60","1.61","1.83","-0.23","2.24","1.94","6655"
"Kenley Jansen","Dodgers","13.91","2.62","5.32","0.69","37.7 %","7.1 %","30.6 %",".221","1.13",".350","80.6 %","79","52","52","2.76","1.91","0.85","1.93","1.64","3096"
"Josh Fields","Astros","11.52","2.80","4.12","0.33","30.3 %","7.4 %","22.9 %",".236","1.23",".343","60.4 %","119","56","83","4.45","2.09","2.36","3.15","2.47","5070"
"Mark Melancon","Pirates","9.00","1.39","6.45","0.25","25.6 %","4.0 %","21.7 %",".194","0.87",".258","80.4 %","54","58","67","1.90","2.09","-0.19","2.47","2.07","4264"
"Zach Duke","Brewers","11.35","2.61","4.35","0.46","31.1 %","7.1 %","24.0 %",".222","1.13",".319","76.1 %","65","55","56","2.45","2.14","0.31","2.09","1.95","3840"
"Steve Cishek","Marlins","11.57","2.89","4.00","0.41","30.6 %","7.6 %","22.9 %",".229","1.21",".331","71.2 %","88","60","68","3.17","2.17","1.00","2.54","2.34","6483"
"Jose Fernandez","Marlins","12.19","2.26","5.38","0.70","34.2 %","6.3 %","27.8 %",".188","0.95",".271","69.1 %","68","61","59","2.44","2.18","0.25","2.18","2.20","11530"
"Jake Arrieta","Cubs","9.59","2.36","4.07","0.29","27.2 %","6.7 %","20.5 %",".200","0.99",".274","74.2 %","69","61","74","2.53","2.26","0.27","2.73","2.83","4153"
"Hector Rondon","Cubs","8.95","2.13","4.20","0.28","24.7 %","5.9 %","18.8 %",".217","1.06",".286","71.7 %","66","61","76","2.42","2.26","0.15","2.81","2.60","2391"
"Joaquin Benoit","Padres","10.60","2.32","4.57","0.50","31.2 %","6.8 %","24.4 %",".147","0.77",".203","85.1 %","43","64","82","1.49","2.32","-0.83","3.01","2.30","1437"
"Brett Cecil","Blue Jays","12.83","4.56","2.81","0.34","32.5 %","11.5 %","20.9 %",".223","1.37",".344","81.5 %","70","61","66","2.70","2.34","0.36","2.51","2.49","2660"
"Corey Kluber","Indians","10.27","1.95","5.27","0.53","28.3 %","5.4 %","22.9 %",".232","1.09",".316","78.6 %","63","62","68","2.44","2.35","0.10","2.57","2.61","2429"
"Pat Neshek","Cardinals","9.09","1.20","7.56","0.53","26.7 %","3.5 %","23.1 %",".180","0.79",".233","83.0 %","52","65","89","1.87","2.37","-0.50","3.29","2.55","4682"
"Carlos Carrasco","Indians","9.40","1.95","4.83","0.47","26.5 %","5.5 %","21.0 %",".207","0.99",".274","75.9 %","66","64","70","2.55","2.44","0.11","2.66","2.58","6632"
"Jonathan Papelbon","Phillies","8.55","2.04","4.20","0.27","24.3 %","5.8 %","18.5 %",".188","0.90",".247","80.4 %","56","67","95","2.04","2.53","-0.49","3.50","2.86","5975"
"Felix Hernandez","Mariners","9.46","1.75","5.39","0.61","27.2 %","5.0 %","22.2 %",".197","0.92",".258","77.0 %","58","69","67","2.14","2.56","-0.42","2.51","2.50","4772"
"Chris Hatcher","Marlins","9.64","1.93","5.00","0.64","25.9 %","5.2 %","20.7 %",".250","1.20",".327","73.3 %","94","71","75","3.38","2.56","0.81","2.78","2.50","3299"
"Chris Sale","White Sox","10.76","2.02","5.33","0.67","30.4 %","5.7 %","24.7 %",".203","0.97",".280","81.5 %","56","66","75","2.17","2.57","-0.40","2.83","2.56","10603"
"Garrett Richards","Angels","8.75","2.72","3.22","0.27","24.2 %","7.5 %","16.7 %",".200","1.04",".264","74.9 %","72","71","83","2.61","2.60","0.01","3.15","3.20","9784"
"Hyun-Jin Ryu","Dodgers","8.23","1.72","4.79","0.47","22.0 %","4.6 %","17.4 %",".254","1.19",".319","71.8 %","97","72","82","3.38","2.62","0.76","3.03","3.17","14444"
"Phil Hughes","Twins","7.98","0.69","11.63","0.69","21.8 %","1.9 %","19.9 %",".265","1.13",".324","70.1 %","90","70","84","3.52","2.65","0.87","3.18","3.17","7450"
"Jake Diekman","Phillies","12.68","4.44","2.86","0.51","32.0 %","11.2 %","20.8 %",".240","1.42",".363","69.1 %","105","70","76","3.80","2.65","1.15","2.83","2.64","5003"
"Kevin Quackenbush","Padres","9.28","2.98","3.11","0.33","25.2 %","8.1 %","17.1 %",".208","1.10",".278","79.4 %","71","73","91","2.48","2.65","-0.17","3.36","3.01","12360"
"Pedro Strop","Cubs","10.48","3.69","2.84","0.30","29.1 %","10.3 %","18.9 %",".186","1.07",".268","75.5 %","61","72","76","2.21","2.66","-0.44","2.82","2.59","4070"
"Jacob deGrom","Mets","9.24","2.76","3.35","0.45","25.5 %","7.6 %","17.9 %",".225","1.14",".297","77.4 %","77","72","82","2.69","2.67","0.02","3.03","3.19","10954"
"David Robertson","Yankees","13.43","3.22","4.17","0.98","37.1 %","8.9 %","28.2 %",".191","1.06",".288","77.7 %","80","68","57","3.08","2.68","0.40","2.13","1.88","8241"
"Jordan Zimmermann","Nationals","8.20","1.31","6.28","0.59","22.8 %","3.6 %","19.1 %",".242","1.07",".302","75.8 %","72","73","84","2.66","2.68","-0.02","3.10","3.15","4505"
"Kelvin Herrera","Royals","7.59","3.34","2.27","0.00","20.7 %","9.1 %","11.6 %",".211","1.14",".274","85.5 %","36","72","92","1.41","2.69","-1.28","3.50","3.37","6033"
"Tony Watson","Pirates","9.43","1.75","5.40","0.58","26.6 %","4.9 %","21.6 %",".225","1.02",".298","88.5 %","46","75","77","1.63","2.69","-1.06","2.84","2.39","3132"
"Drew Storen","Nationals","7.35","1.76","4.18","0.32","20.5 %","4.9 %","15.6 %",".210","0.98",".259","90.6 %","30","74","92","1.12","2.71","-1.59","3.39","2.97","6983"
"Anibal Sanchez","Tigers","7.29","2.14","3.40","0.29","19.8 %","5.8 %","14.0 %",".225","1.10",".277","63.5 %","89","71","94","3.43","2.71","0.72","3.56","3.64","3284"
"Michael Pineda","Yankees","6.96","0.83","8.43","0.59","20.3 %","2.4 %","17.9 %",".198","0.83",".233","80.4 %","49","69","89","1.89","2.71","-0.83","3.37","3.38","5372"
"Tyler Clippard","Nationals","10.49","2.94","3.57","0.64","29.5 %","8.3 %","21.2 %",".185","1.00",".251","76.6 %","59","75","89","2.18","2.75","-0.57","3.28","2.62","5640"
"Jerry Blevins","Nationals","10.36","3.61","2.87","0.47","27.5 %","9.6 %","17.9 %",".222","1.24",".306","60.5 %","132","75","88","4.87","2.77","2.10","3.25","2.93","7841"
"Nick Vincent","Padres","10.15","1.80","5.64","0.82","28.8 %","5.1 %","23.7 %",".218","1.00",".289","70.0 %","103","76","79","3.60","2.77","0.83","2.91","2.36","7555"
"David Price","- - -","9.82","1.38","7.13","0.91","26.9 %","3.8 %","23.1 %",".238","1.08",".306","72.7 %","87","75","73","3.26","2.78","0.48","2.76","2.72","3184"
"Kevin Jepsen","Angels","10.38","3.18","3.26","0.55","28.9 %","8.9 %","20.0 %",".191","1.05",".263","79.2 %","72","76","78","2.63","2.78","-0.15","2.97","2.62","6475"
"Yusmeiro Petit","Giants","10.23","1.69","6.05","0.92","28.9 %","4.8 %","24.1 %",".221","1.02",".290","66.9 %","107","79","77","3.69","2.78","0.91","2.84","2.51","4020"
"Jordan Walden","Braves","11.16","4.86","2.30","0.36","30.2 %","13.2 %","17.1 %",".185","1.20",".272","75.2 %","79","78","89","2.88","2.79","0.09","3.29","3.10","3271"
"Huston Street","- - -","8.65","2.12","4.07","0.61","24.9 %","6.1 %","18.8 %",".195","0.94",".247","93.3 %","38","77","89","1.37","2.80","-1.43","3.34","2.87","8258"
"Jon Lester","- - -","9.01","1.97","4.58","0.66","24.9 %","5.4 %","19.4 %",".233","1.10",".299","76.1 %","63","75","82","2.46","2.80","-0.34","3.10","3.09","4930"
"Jose Quintana","White Sox","8.00","2.34","3.42","0.45","21.5 %","6.3 %","15.2 %",".254","1.24",".318","69.2 %","86","72","89","3.32","2.81","0.51","3.37","3.50","11423"
"Fernando Rodney","Mariners","10.31","3.80","2.71","0.41","26.6 %","9.8 %","16.8 %",".239","1.34",".330","77.5 %","77","76","83","2.85","2.83","0.02","3.14","2.92","494"
"Brad Boxberger","Rays","14.47","2.78","5.20","1.25","42.1 %","8.1 %","34.0 %",".152","0.84",".227","90.3 %","64","77","52","2.37","2.84","-0.47","1.95","1.37","10133"
"Yu Darvish","Rangers","11.35","3.06","3.71","0.81","30.1 %","8.1 %","22.0 %",".240","1.26",".334","78.4 %","77","74","78","3.06","2.84","0.21","2.96","2.87","13074"
"Marcus Stroman","Blue Jays","7.65","1.93","3.96","0.48","20.8 %","5.2 %","15.5 %",".249","1.17",".306","68.4 %","94","74","84","3.65","2.84","0.81","3.17","3.18","13431"
"Max Scherzer","Tigers","10.29","2.57","4.00","0.74","27.9 %","7.0 %","20.9 %",".235","1.18",".315","77.2 %","82","75","83","3.15","2.85","0.30","3.12","2.98","3137"
"Joe Smith","Angels","8.20","1.81","4.53","0.48","23.9 %","5.3 %","18.6 %",".170","0.80",".214","82.8 %","50","78","79","1.81","2.85","-1.04","2.98","2.42","3281"
"Jeremy Affeldt","Giants","6.67","2.28","2.93","0.16","18.2 %","6.2 %","12.0 %",".227","1.10",".279","80.2 %","66","82","87","2.28","2.86","-0.58","3.23","2.56","583"
"Danny Farquhar","Mariners","10.27","2.79","3.68","0.63","27.9 %","7.6 %","20.3 %",".220","1.13",".298","79.2 %","72","77","78","2.66","2.86","-0.20","2.94","2.60","8501"
"Adam Wainwright","Cardinals","7.10","1.98","3.58","0.40","19.9 %","5.6 %","14.4 %",".219","1.03",".267","78.0 %","66","79","90","2.38","2.88","-0.50","3.34","3.52","2233"
"Adam Warren","Yankees","8.69","2.75","3.17","0.46","23.5 %","7.4 %","16.1 %",".212","1.11",".272","74.6 %","77","74","87","2.97","2.89","0.08","3.28","3.01","9029"
"Fernando Salas","Angels","9.36","2.15","4.36","0.77","25.5 %","5.9 %","19.7 %",".223","1.09",".285","74.1 %","93","80","85","3.37","2.93","0.45","3.21","2.82","4971"
"Tony Sipp","Astros","11.19","3.02","3.71","0.89","31.8 %","8.6 %","23.2 %",".155","0.89",".204","68.4 %","90","78","78","3.38","2.93","0.44","2.94","2.43","8280"
"David Carpenter","Braves","9.89","2.36","4.19","0.74","25.9 %","6.2 %","19.7 %",".254","1.26",".333","72.6 %","97","82","86","3.54","2.94","0.61","3.19","2.72","3959"
"Stephen Strasburg","Nationals","10.13","1.80","5.63","0.96","27.9 %","5.0 %","22.9 %",".241","1.12",".315","74.8 %","85","80","69","3.14","2.94","0.20","2.56","2.64","10131"
"Junichi Tazawa","Red Sox","9.14","2.43","3.76","0.71","24.5 %","6.5 %","18.0 %",".238","1.19",".303","76.5 %","71","79","84","2.86","2.94","-0.08","3.17","2.91","4079"
"Cliff Lee","Phillies","7.97","1.33","6.00","0.77","20.5 %","3.4 %","17.1 %",".295","1.38",".358","70.7 %","101","78","81","3.65","2.96","0.69","3.01","3.19","1636"
"Zack Greinke","Dodgers","9.21","1.91","4.81","0.85","25.2 %","5.2 %","20.0 %",".245","1.15",".311","79.7 %","78","82","74","2.71","2.97","-0.26","2.72","2.87","1943"
"Cody Allen","Indians","11.76","3.36","3.50","0.90","32.6 %","9.3 %","23.3 %",".190","1.06",".266","82.8 %","53","79","80","2.07","2.99","-0.92","3.03","2.41","12183"
"Trevor Rosenthal","Cardinals","11.13","5.37","2.07","0.26","28.3 %","13.6 %","14.6 %",".218","1.41",".318","77.8 %","89","82","101","3.20","2.99","0.21","3.73","3.40","10745"
"Mike Fiers","Brewers","9.54","2.13","4.47","0.88","27.7 %","6.2 %","21.5 %",".179","0.88",".224","82.7 %","57","78","85","2.13","2.99","-0.86","3.15","2.94","7754"
"Shawn Kelley","Yankees","11.67","3.48","3.35","0.87","30.5 %","9.1 %","21.4 %",".226","1.26",".315","67.8 %","118","77","82","4.53","3.02","1.51","3.10","2.60","7773"
"Tim Stauffer","Padres","9.37","3.22","2.91","0.56","24.5 %","8.4 %","16.1 %",".270","1.40",".356","77.6 %","100","83","88","3.50","3.02","0.47","3.25","3.09","6432"
"Gio Gonzalez","Nationals","9.19","3.18","2.89","0.57","24.8 %","8.6 %","16.2 %",".226","1.20",".294","71.0 %","97","83","92","3.57","3.03","0.55","3.39","3.43","7448"
"Masahiro Tanaka","Yankees","9.31","1.39","6.71","0.99","26.0 %","3.9 %","22.1 %",".238","1.06",".299","79.5 %","72","78","68","2.77","3.04","-0.27","2.58","2.67","15764"
"Madison Bumgarner","Giants","9.07","1.78","5.09","0.87","25.1 %","4.9 %","20.2 %",".235","1.09",".296","75.8 %","86","87","81","2.98","3.05","-0.07","2.99","2.98","5524"
"Mike Dunn","Marlins","10.58","3.47","3.05","0.63","27.4 %","9.0 %","18.4 %",".215","1.21",".291","71.2 %","88","85","98","3.16","3.06","0.10","3.60","2.95","9948"
"Jeurys Familia","Mets","8.50","3.72","2.28","0.35","22.7 %","9.9 %","12.7 %",".205","1.18",".264","75.5 %","63","83","94","2.21","3.07","-0.86","3.49","3.21","5114"
"Cole Hamels","Phillies","8.71","2.59","3.36","0.62","23.9 %","7.1 %","16.8 %",".231","1.15",".295","81.9 %","68","81","87","2.46","3.07","-0.61","3.21","3.29","4972"
"Dominic Leone","Mariners","9.50","3.39","2.80","0.54","25.7 %","9.2 %","16.5 %",".213","1.16",".282","83.3 %","59","83","81","2.17","3.07","-0.90","3.07","2.81","13763"
"Burke Badenhop","Red Sox","5.09","2.42","2.11","0.13","13.8 %","6.6 %","7.3 %",".261","1.26",".304","79.2 %","57","82","96","2.29","3.08","-0.78","3.64","3.30","9736"
"Scott Atchison","Indians","6.13","1.75","3.50","0.50","17.5 %","5.0 %","12.5 %",".226","1.03",".263","73.1 %","71","81","84","2.75","3.08","-0.33","3.20","2.88","2642"
"Zach Putnam","White Sox","7.57","3.29","2.30","0.33","21.6 %","9.4 %","12.2 %",".203","1.08",".257","80.4 %","51","79","96","1.98","3.08","-1.10","3.64","3.37","9080"
"Mike Morin","Angels","8.24","2.90","2.84","0.46","22.0 %","7.7 %","14.2 %",".228","1.19",".287","74.1 %","79","84","99","2.90","3.08","-0.18","3.76","3.31","13442"
"Rafael Soriano","Nationals","8.56","2.76","3.11","0.58","23.4 %","7.5 %","15.9 %",".221","1.13",".280","73.8 %","87","84","106","3.19","3.08","0.11","3.92","3.31","1100"
"Koji Uehara","Red Sox","11.19","1.12","10.00","1.40","32.1 %","3.2 %","28.9 %",".213","0.92",".273","91.3 %","63","82","64","2.52","3.09","-0.57","2.41","1.85","9227"
"Andrew Cashner","Padres","6.79","2.12","3.21","0.51","18.4 %","5.7 %","12.7 %",".231","1.13",".274","75.3 %","73","85","95","2.55","3.09","-0.54","3.53","3.70","8782"
"Blake Treinen","Nationals","5.33","2.31","2.31","0.18","14.0 %","6.1 %","7.9 %",".286","1.38",".333","77.9 %","68","84","98","2.49","3.09","-0.61","3.62","3.52","12572"
"Glen Perkins","Twins","9.63","1.61","6.00","1.02","25.4 %","4.2 %","21.2 %",".251","1.18",".316","70.6 %","94","81","82","3.65","3.10","0.55","3.11","2.62","8041"
"Antonio Bastardo","Phillies","11.39","4.78","2.38","0.56","29.9 %","12.6 %","17.3 %",".183","1.20",".260","65.4 %","109","82","103","3.94","3.10","0.84","3.81","3.17","8844"
"Adam Ottavino","Rockies","9.69","2.22","4.38","0.83","25.7 %","5.9 %","19.9 %",".266","1.28",".347","77.6 %","84","78","83","3.60","3.10","0.50","3.06","2.61","1247"
"Collin McHugh","Astros","9.14","2.39","3.83","0.76","25.4 %","6.6 %","18.7 %",".205","1.02",".259","76.1 %","73","83","82","2.73","3.11","-0.37","3.11","3.14","7531"
"Justin De Fratus","Phillies","8.37","2.05","4.08","0.68","22.4 %","5.5 %","16.9 %",".221","1.08",".272","75.4 %","66","82","96","2.39","3.11","-0.72","3.53","3.04","4955"
"Zach Britton","Orioles","7.31","2.71","2.70","0.47","21.8 %","8.1 %","13.7 %",".176","0.90",".215","82.3 %","42","80","75","1.65","3.13","-1.48","2.82","2.14","3240"
"Carlos Villanueva","Cubs","8.34","2.20","3.79","0.70","21.0 %","5.5 %","15.5 %",".277","1.39",".342","67.3 %","127","85","98","4.64","3.13","1.50","3.61","3.28","4138"
"Chad Qualls","Astros","7.54","0.88","8.60","0.88","20.2 %","2.4 %","17.8 %",".262","1.15",".310","72.2 %","89","83","75","3.33","3.13","0.20","2.83","2.44","2170"
"Tommy Hunter","Orioles","6.68","1.78","3.75","0.59","18.7 %","5.0 %","13.7 %",".241","1.10",".285","73.7 %","76","81","85","2.97","3.15","-0.18","3.23","3.04","1157"
"Joba Chamberlain","Tigers","8.43","3.43","2.46","0.43","22.4 %","9.1 %","13.3 %",".242","1.29",".310","72.7 %","93","83","88","3.57","3.16","0.41","3.35","3.13","2692"
"Cory Rasmus","Angels","9.16","2.73","3.35","0.80","25.3 %","7.6 %","17.8 %",".202","1.05",".253","80.8 %","71","86","91","2.57","3.17","-0.60","3.44","3.08","2413"
"Michael Wacha","Cardinals","7.91","2.78","2.85","0.50","21.0 %","7.4 %","13.7 %",".232","1.20",".288","73.8 %","89","86","101","3.20","3.17","0.03","3.71","3.74","14078"
"Carlos Martinez","Cardinals","8.46","3.63","2.33","0.40","21.8 %","9.3 %","12.4 %",".260","1.41",".333","71.5 %","112","87","96","4.03","3.18","0.85","3.54","3.45","11682"
"Santiago Casilla","Giants","6.94","2.31","3.00","0.46","20.6 %","6.9 %","13.8 %",".175","0.86",".211","82.0 %","49","91","93","1.70","3.18","-1.49","3.45","3.05","2873"
"Craig Stammen","Nationals","6.94","1.73","4.00","0.62","18.4 %","4.6 %","13.8 %",".272","1.27",".323","69.3 %","104","87","92","3.84","3.19","0.65","3.40","3.16","7274"
"Jeff Samardzija","- - -","8.28","1.76","4.70","0.82","23.0 %","4.9 %","18.1 %",".231","1.07",".283","73.2 %","82","86","82","2.99","3.20","-0.21","3.07","3.06","3254"
"Justin Grimm","Cubs","9.13","3.52","2.59","0.52","24.0 %","9.3 %","14.7 %",".226","1.25",".294","68.7 %","104","87","98","3.78","3.20","0.58","3.63","3.18","11720"
"Anthony Varvaro","Braves","8.23","2.14","3.85","0.82","22.9 %","6.0 %","17.0 %",".224","1.08",".273","78.9 %","72","89","85","2.63","3.21","-0.57","3.15","2.86","2385"
"A.J. Ramos","Marlins","10.27","6.05","1.70","0.14","27.0 %","15.9 %","11.1 %",".161","1.23",".233","81.9 %","59","90","111","2.11","3.21","-1.10","4.11","3.87","8350"
"Ian Kennedy","Padres","9.27","3.13","2.96","0.72","24.5 %","8.3 %","16.2 %",".245","1.29",".315","74.0 %","104","89","93","3.63","3.21","0.42","3.44","3.47","6986"
"Dallas Keuchel","Astros","6.57","2.16","3.04","0.49","18.1 %","5.9 %","12.1 %",".248","1.17",".295","75.5 %","78","85","85","2.92","3.21","-0.29","3.20","3.11","9434"
"Brandon Cumpton","Pirates","5.91","2.31","2.56","0.26","14.9 %","5.8 %","9.1 %",".288","1.43",".338","63.0 %","138","89","108","4.89","3.22","1.67","3.98","4.07","11366"
"Alex Cobb","Rays","8.06","2.54","3.17","0.60","21.9 %","6.9 %","15.0 %",".228","1.14",".282","77.9 %","77","88","88","2.87","3.23","-0.36","3.33","3.26","6562"
"Gerrit Cole","Pirates","9.00","2.61","3.45","0.72","24.2 %","7.0 %","17.2 %",".243","1.21",".311","73.5 %","103","90","88","3.65","3.23","0.42","3.25","3.23","13125"
"Oliver Perez","Diamondbacks","11.66","3.68","3.17","0.77","29.7 %","9.4 %","20.3 %",".222","1.26",".313","75.7 %","76","87","85","2.91","3.23","-0.32","3.16","2.64","1514"
"Luke Gregerson","Athletics","7.34","1.87","3.93","0.75","20.8 %","5.3 %","15.5 %",".216","1.01",".256","82.3 %","58","88","87","2.12","3.24","-1.13","3.29","2.97","4090"
"Tyson Ross","Padres","8.97","3.31","2.71","0.60","24.0 %","8.9 %","15.2 %",".226","1.21",".291","75.1 %","80","90","84","2.81","3.24","-0.44","3.11","3.21","7872"
"Hisashi Iwakuma","Mariners","7.74","1.06","7.33","1.01","21.7 %","3.0 %","18.8 %",".243","1.05",".287","74.1 %","96","87","75","3.52","3.25","0.27","2.85","2.94","13048"
"Will Smith","Brewers","11.79","4.25","2.77","0.82","30.1 %","10.8 %","19.2 %",".246","1.42",".350","74.2 %","98","85","83","3.70","3.25","0.45","3.08","2.79","8048"
"Fernando Abad","Athletics","8.01","2.35","3.40","0.63","23.6 %","6.9 %","16.7 %",".173","0.85",".211","88.6 %","43","88","96","1.57","3.25","-1.68","3.64","3.06","4994"
"Alex Wood","Braves","8.91","2.36","3.78","0.84","24.5 %","6.5 %","18.0 %",".235","1.14",".295","80.2 %","76","91","86","2.78","3.25","-0.48","3.19","3.16","13781"
"Matt Shoemaker","Angels","8.21","1.59","5.17","0.93","22.8 %","4.4 %","18.4 %",".237","1.07",".286","77.5 %","83","89","87","3.04","3.26","-0.22","3.28","3.19","4776"
"James Paxton","Mariners","7.18","3.53","2.03","0.36","19.5 %","9.6 %","9.9 %",".220","1.20",".270","71.1 %","83","88","93","3.04","3.28","-0.24","3.54","3.80","11828"
"Dan Otero","Athletics","4.67","1.56","3.00","0.42","12.9 %","4.3 %","8.6 %",".242","1.10",".270","79.9 %","62","89","92","2.28","3.28","-1.00","3.48","3.25","7385"
"T.J. McFarland","Orioles","5.22","1.99","2.62","0.31","13.3 %","5.1 %","8.2 %",".294","1.41",".337","77.2 %","71","84","96","2.76","3.29","-0.52","3.62","3.19","3237"
"Johnny Cueto","Reds","8.94","2.40","3.72","0.81","25.2 %","6.8 %","18.4 %",".192","0.96",".238","82.5 %","61","87","87","2.25","3.30","-1.05","3.21","3.15","6893"
"Kyle Hendricks","Cubs","5.27","1.68","3.13","0.45","14.6 %","4.7 %","10.0 %",".238","1.08",".271","78.5 %","68","90","106","2.46","3.32","-0.85","3.92","4.06","12049"
"Darren O'Day","Orioles","9.57","2.49","3.84","0.79","26.9 %","7.0 %","19.9 %",".172","0.89",".218","90.8 %","44","85","88","1.70","3.32","-1.62","3.32","2.66","3321"
"Lance Lynn","Cardinals","8.00","3.18","2.51","0.57","20.9 %","8.3 %","12.6 %",".235","1.26",".290","78.1 %","76","91","103","2.74","3.35","-0.61","3.81","3.84","2520"
"Ryan Cook","Athletics","9.00","3.96","2.27","0.54","24.8 %","10.9 %","13.9 %",".180","1.08",".232","71.4 %","93","90","96","3.42","3.35","0.07","3.64","3.35","8855"
"Scott Kazmir","Athletics","7.75","2.36","3.28","0.76","21.1 %","6.4 %","14.7 %",".237","1.16",".285","71.1 %","96","90","95","3.55","3.35","0.19","3.59","3.61","4897"
"Jonathan Broxton","- - -","7.52","2.91","2.58","0.61","21.2 %","8.2 %","13.0 %",".194","1.02",".234","83.0 %","62","88","107","2.30","3.37","-1.07","3.96","3.48","4759"
"Nathan Eovaldi","Marlins","6.40","1.94","3.30","0.63","16.6 %","5.0 %","11.6 %",".277","1.33",".323","65.5 %","121","94","102","4.37","3.37","1.00","3.78","3.91","9132"
"Jason Grilli","- - -","9.50","3.50","2.71","0.67","24.3 %","8.9 %","15.3 %",".243","1.33",".315","71.0 %","111","93","102","4.00","3.37","0.63","3.83","3.28","521"
"Seth Maness","Cardinals","6.16","1.23","5.00","0.78","17.4 %","3.5 %","13.9 %",".253","1.10",".289","76.1 %","81","92","86","2.91","3.38","-0.47","3.19","2.88","12235"
"Chris Archer","Rays","8.00","3.33","2.40","0.55","21.1 %","8.8 %","12.3 %",".239","1.28",".296","71.6 %","90","92","98","3.33","3.39","-0.06","3.70","3.80","6345"
"Randall Delgado","Diamondbacks","9.97","4.06","2.46","0.70","25.4 %","10.3 %","15.0 %",".236","1.36",".311","64.6 %","127","91","104","4.87","3.39","1.48","3.85","3.38","5985"
"LaTroy Hawkins","Rockies","5.30","2.15","2.46","0.50","14.2 %","5.8 %","8.4 %",".244","1.20",".275","69.1 %","77","85","107","3.31","3.39","-0.08","3.95","3.85","729"
"Ervin Santana","Braves","8.22","2.89","2.84","0.73","21.9 %","7.7 %","14.2 %",".257","1.31",".319","71.6 %","108","94","94","3.95","3.39","0.56","3.47","3.63","3200"
"Joel Peralta","Rays","10.52","2.13","4.93","1.28","27.9 %","5.7 %","22.3 %",".241","1.18",".307","71.0 %","119","92","82","4.41","3.40","1.00","3.11","2.54","2332"
"Brandon League","Dodgers","5.43","3.86","1.41","0.00","13.9 %","9.9 %","4.0 %",".269","1.46",".319","76.0 %","74","94","111","2.57","3.40","-0.83","4.09","3.58","3731"
"Jesse Hahn","Padres","8.59","3.93","2.19","0.49","22.9 %","10.5 %","12.4 %",".211","1.21",".270","76.7 %","88","94","97","3.07","3.40","-0.34","3.59","3.73","13287"
"Kevin Gausman","Orioles","6.99","3.02","2.32","0.56","18.5 %","8.0 %","10.5 %",".254","1.31",".304","72.8 %","91","88","104","3.57","3.41","0.16","3.93","4.11","14107"
"Bryan Shaw","Indians","7.55","2.59","2.91","0.71","20.5 %","7.0 %","13.4 %",".211","1.09",".251","77.0 %","67","90","96","2.59","3.42","-0.83","3.65","3.36","8110"
"Casey Fien","Twins","7.25","1.42","5.10","0.99","19.6 %","3.9 %","15.8 %",".256","1.17",".297","70.1 %","102","90","102","3.98","3.43","0.55","3.87","3.43","3926"
"Jean Machi","Giants","6.92","2.44","2.83","0.68","20.5 %","7.2 %","13.3 %",".196","0.95",".230","79.0 %","74","98","91","2.58","3.43","-0.86","3.37","3.18","3220"
"Vance Worley","Pirates","6.42","1.79","3.59","0.73","17.3 %","4.8 %","12.5 %",".259","1.21",".299","75.6 %","81","96","96","2.85","3.44","-0.59","3.54","3.68","6435"
"James Russell","- - -","6.55","3.12","2.10","0.47","17.7 %","8.4 %","9.2 %",".207","1.13",".244","74.4 %","81","94","111","2.97","3.44","-0.48","4.10","3.96","4089"
"Zach McAllister","Indians","7.74","2.93","2.64","0.73","19.6 %","7.4 %","12.2 %",".275","1.44",".332","61.3 %","135","91","101","5.23","3.45","1.79","3.84","3.86","2895"
"Yoervis Medina","Mariners","9.47","4.42","2.14","0.47","24.3 %","11.3 %","13.0 %",".224","1.33",".298","82.0 %","73","93","95","2.68","3.45","-0.76","3.59","3.28","10498"
"Sonny Gray","Athletics","7.52","3.04","2.47","0.62","20.4 %","8.2 %","12.1 %",".229","1.19",".277","74.5 %","84","93","92","3.08","3.46","-0.38","3.47","3.56","12768"
"Tanner Roark","Nationals","6.25","1.77","3.54","0.72","17.3 %","4.9 %","12.4 %",".236","1.09",".270","79.3 %","78","95","104","2.85","3.47","-0.62","3.84","3.93","8753"
"Jamey Wright","Dodgers","6.91","3.45","2.00","0.38","17.5 %","8.8 %","8.8 %",".260","1.41",".314","68.8 %","126","95","103","4.35","3.47","0.88","3.80","3.53","715"
"Julio Teheran","Braves","7.57","2.08","3.65","0.90","21.0 %","5.8 %","15.3 %",".227","1.08",".267","75.9 %","79","97","101","2.89","3.49","-0.60","3.72","3.68","6797"
"Brandon Maurer","Mariners","7.11","2.45","2.89","0.78","18.3 %","6.3 %","12.0 %",".262","1.33",".308","63.8 %","126","94","107","4.65","3.49","1.16","4.06","3.82","4878"
"Danny Salazar","Indians","9.82","2.86","3.43","1.06","25.3 %","7.4 %","17.9 %",".268","1.38",".343","71.6 %","110","93","91","4.25","3.52","0.73","3.45","3.33","5867"
"Matt Garza","Brewers","6.94","2.76","2.52","0.66","18.5 %","7.4 %","11.2 %",".228","1.18",".268","66.6 %","96","92","105","3.64","3.54","0.10","3.88","4.02","3340"
"Ronald Belisario","White Sox","6.38","2.44","2.61","0.54","16.1 %","6.2 %","9.9 %",".290","1.45",".339","57.7 %","144","91","97","5.56","3.54","2.02","3.69","3.22","2203"
"Tim Hudson","Giants","5.70","1.62","3.53","0.71","15.2 %","4.3 %","10.9 %",".266","1.23",".300","70.3 %","103","101","97","3.57","3.54","0.02","3.57","3.66","921"
"Brandon McCarthy","- - -","7.88","1.49","5.30","1.13","20.9 %","4.0 %","17.0 %",".278","1.28",".328","70.9 %","105","93","77","4.05","3.55","0.50","2.87","3.00","4662"
"Tyler Skaggs","Angels","6.85","2.39","2.87","0.72","18.5 %","6.5 %","12.1 %",".249","1.21",".293","63.9 %","118","96","96","4.30","3.55","0.75","3.65","3.74","10190"
"Zack Wheeler","Mets","9.08","3.84","2.37","0.68","23.6 %","10.0 %","13.6 %",".237","1.33",".304","72.9 %","102","96","95","3.54","3.55","-0.01","3.49","3.54","10310"
"Brett Oberholtzer","Astros","5.89","1.75","3.36","0.75","15.1 %","4.5 %","10.6 %",".287","1.38",".325","69.5 %","117","94","112","4.39","3.56","0.83","4.25","4.27","3855"
"Todd Redmond","Blue Jays","7.20","3.24","2.22","0.60","19.1 %","8.6 %","10.5 %",".256","1.33",".309","72.6 %","83","93","118","3.24","3.56","-0.32","4.47","3.95","9943"
"Aaron Harang","Braves","7.09","3.13","2.27","0.66","18.4 %","8.1 %","10.3 %",".267","1.40",".318","74.8 %","98","99","109","3.57","3.57","0.00","4.03","4.18","1451"
"Bartolo Colon","Mets","6.72","1.33","5.03","0.98","17.9 %","3.6 %","14.3 %",".269","1.23",".307","70.2 %","117","96","100","4.09","3.57","0.52","3.68","3.75","375"
"Henderson Alvarez","Marlins","5.34","1.59","3.36","0.67","14.4 %","4.3 %","10.1 %",".271","1.24",".304","79.3 %","73","100","97","2.65","3.58","-0.93","3.57","3.70","5669"
"Neal Cotts","Rangers","8.51","3.11","2.74","0.81","22.0 %","8.0 %","14.0 %",".254","1.34",".314","70.6 %","108","93","102","4.32","3.58","0.74","3.86","3.41","1797"
"Francisco Liriano","Pirates","9.70","4.49","2.16","0.72","25.3 %","11.7 %","13.6 %",".215","1.30",".280","74.7 %","96","100","92","3.38","3.59","-0.21","3.40","3.61","3201"
"James Shields","Royals","7.14","1.74","4.09","0.91","19.2 %","4.7 %","14.5 %",".253","1.18",".295","74.6 %","82","96","94","3.21","3.59","-0.38","3.56","3.59","7059"
"Jake Petricka","White Sox","6.78","4.07","1.67","0.37","17.9 %","10.8 %","7.2 %",".246","1.37",".299","79.8 %","77","92","99","2.96","3.60","-0.64","3.76","3.48","10534"
"Yordano Ventura","Royals","7.82","3.39","2.30","0.69","20.3 %","8.8 %","11.5 %",".237","1.30",".288","77.3 %","82","96","99","3.20","3.60","-0.41","3.74","3.87","11855"
"Hiroki Kuroda","Yankees","6.60","1.58","4.17","0.90","17.8 %","4.3 %","13.5 %",".246","1.14",".279","69.3 %","96","92","93","3.71","3.60","0.10","3.54","3.64","3283"
"Brian Schlitter","Cubs","4.95","3.04","1.63","0.32","12.8 %","7.9 %","5.0 %",".262","1.37",".298","65.6 %","114","98","106","4.15","3.61","0.54","3.92","3.66","3599"
"Justin Wilson","Pirates","9.15","4.50","2.03","0.60","23.8 %","11.7 %","12.1 %",".220","1.32",".285","68.1 %","119","101","105","4.20","3.62","0.58","3.88","3.52","4301"
"Mat Latos","Reds","6.51","2.29","2.85","0.79","17.6 %","6.2 %","11.4 %",".235","1.15",".269","72.6 %","88","96","108","3.25","3.65","-0.40","3.99","4.08","3815"
"Mark Buehrle","Blue Jays","5.30","2.05","2.59","0.67","13.9 %","5.4 %","8.5 %",".283","1.36",".316","75.9 %","87","96","108","3.39","3.66","-0.28","4.09","4.32","225"
"Jon Niese","Mets","6.62","2.16","3.07","0.82","17.6 %","5.7 %","11.8 %",".263","1.27",".304","74.6 %","98","99","98","3.40","3.67","-0.27","3.63","3.78","4424"
"Rick Porcello","Tigers","5.67","1.80","3.15","0.79","15.4 %","4.9 %","10.5 %",".265","1.23",".298","72.4 %","89","96","97","3.43","3.67","-0.24","3.68","3.88","2717"
"Robbie Erlin","Padres","6.75","2.20","3.07","0.88","17.4 %","5.7 %","11.7 %",".286","1.40",".332","67.4 %","143","102","100","4.99","3.69","1.30","3.68","3.91","10354"
"T.J. House","Indians","7.06","1.94","3.64","0.88","18.7 %","5.1 %","13.5 %",".283","1.32",".332","78.9 %","86","97","82","3.35","3.69","-0.34","3.10","2.96","9121"
"Martin Perez","Rangers","6.14","3.33","1.84","0.53","16.9 %","9.2 %","7.7 %",".267","1.34",".315","68.4 %","110","96","101","4.38","3.70","0.69","3.83","4.10","6902"
"Edward Mujica","Red Sox","6.45","2.10","3.07","0.90","17.0 %","5.5 %","11.5 %",".289","1.38",".332","73.7 %","97","99","101","3.90","3.70","0.20","3.82","3.62","3970"
"Brad Ziegler","Diamondbacks","7.25","3.22","2.25","0.67","19.2 %","8.5 %","10.7 %",".236","1.25",".282","72.5 %","91","99","92","3.49","3.70","-0.21","3.41","3.00","7293"
"Charlie Morton","Pirates","7.21","3.26","2.21","0.51","18.9 %","8.6 %","10.4 %",".242","1.27",".295","69.3 %","105","104","102","3.72","3.72","-0.01","3.78","3.73","4676"
"Alex Torres","Padres","8.50","5.50","1.55","0.33","21.2 %","13.7 %","7.5 %",".224","1.46",".289","72.0 %","96","103","116","3.33","3.72","-0.39","4.27","4.11","7038"
"Shane Greene","Yankees","9.27","3.32","2.79","0.92","23.5 %","8.4 %","15.1 %",".261","1.40",".330","74.4 %","98","95","90","3.78","3.73","0.05","3.40","3.41","10756"
"Jenrry Mejia","Mets","9.42","3.94","2.39","0.86","23.5 %","9.8 %","13.7 %",".263","1.48",".336","78.2 %","105","101","96","3.65","3.73","-0.08","3.55","3.39","8476"
"Matt Belisle","Rockies","5.98","2.64","2.26","0.70","15.3 %","6.7 %","8.5 %",".282","1.44",".322","67.8 %","113","94","106","4.87","3.74","1.14","3.92","3.85","1837"
"Tom Wilhelmsen","Mariners","8.17","4.08","2.00","0.68","22.7 %","11.4 %","11.4 %",".168","1.05",".204","82.3 %","62","100","97","2.27","3.74","-1.47","3.69","3.54","9975"
"Justin Verlander","Tigers","6.95","2.84","2.45","0.79","17.8 %","7.3 %","10.5 %",".271","1.40",".317","66.8 %","118","98","111","4.54","3.74","0.80","4.19","4.17","8700"
"Odrisamer Despaigne","Padres","6.07","2.99","2.03","0.56","16.1 %","7.9 %","8.2 %",".232","1.21",".267","68.7 %","96","103","109","3.36","3.74","-0.38","4.01","4.14","16017"
"Jake Odorizzi","Rays","9.32","3.16","2.95","1.07","24.2 %","8.2 %","16.0 %",".238","1.28",".295","73.4 %","111","102","103","4.13","3.75","0.37","3.90","3.66","6397"
"Tsuyoshi Wada","Cubs","7.40","2.47","3.00","0.91","19.7 %","6.6 %","13.2 %",".251","1.24",".296","77.0 %","89","101","107","3.25","3.75","-0.51","3.96","3.89","13046"
"Drew Smyly","- - -","7.82","2.47","3.17","1.06","21.5 %","6.8 %","14.7 %",".237","1.16",".278","79.3 %","84","99","99","3.24","3.77","-0.53","3.76","3.69","11760"
"Drew Pomeranz","Athletics","8.35","3.39","2.46","0.91","23.0 %","9.4 %","13.7 %",".203","1.12",".244","82.1 %","64","102","96","2.35","3.77","-1.42","3.65","3.62","11426"
"Jarred Cosart","- - -","5.74","3.64","1.58","0.45","15.0 %","9.5 %","5.5 %",".251","1.36",".290","71.5 %","100","102","110","3.69","3.77","-0.08","4.15","4.36","10304"
"Anthony Swarzak","Twins","4.92","2.93","1.68","0.52","12.4 %","7.4 %","5.0 %",".286","1.49",".319","66.1 %","118","99","120","4.60","3.77","0.83","4.57","4.47","7466"
"Al Alburquerque","Tigers","9.89","3.30","3.00","1.10","26.7 %","8.9 %","17.8 %",".217","1.17",".275","89.7 %","65","99","88","2.51","3.78","-1.27","3.33","2.89","6324"
"Tyler Matzek","Rockies","6.96","3.37","2.07","0.69","18.1 %","8.8 %","9.3 %",".263","1.39",".312","73.8 %","94","95","106","4.05","3.78","0.28","3.92","4.08","10058"
"John Lackey","- - -","7.45","2.14","3.49","1.09","19.7 %","5.6 %","14.1 %",".262","1.28",".305","72.6 %","99","102","93","3.82","3.78","0.04","3.48","3.64","1507"
"Jimmy Nelson","Brewers","7.40","2.47","3.00","0.78","18.3 %","6.1 %","12.2 %",".289","1.46",".344","66.6 %","131","98","106","4.93","3.78","1.15","3.92","3.76","10547"
"Gavin Floyd","Braves","7.45","2.15","3.46","0.99","19.7 %","5.7 %","14.0 %",".258","1.25",".302","76.7 %","73","106","94","2.65","3.79","-1.14","3.47","3.54","3886"
"Kyle Gibson","Twins","5.37","2.86","1.88","0.60","14.1 %","7.5 %","6.6 %",".255","1.31",".287","66.3 %","115","100","105","4.47","3.80","0.67","3.99","4.18","10123"
"Danny Duffy","Royals","6.81","3.19","2.13","0.72","18.7 %","8.8 %","9.9 %",".206","1.11",".239","77.2 %","65","102","117","2.53","3.83","-1.30","4.42","4.31","3542"
"Aaron Loup","Blue Jays","7.34","3.93","1.87","0.52","19.8 %","10.6 %","9.2 %",".202","1.17",".246","75.9 %","81","100","103","3.15","3.83","-0.69","3.92","3.65","10343"
"Jason Vargas","Royals","6.16","1.97","3.12","0.91","16.2 %","5.2 %","11.0 %",".265","1.27",".299","74.5 %","95","102","107","3.71","3.84","-0.13","4.05","4.14","8044"
"Tom Koehler","Marlins","7.20","3.34","2.15","0.75","19.1 %","8.8 %","10.2 %",".244","1.30",".290","73.5 %","106","107","113","3.81","3.84","-0.03","4.15","4.16","6570"
"Drew Hutchison","Blue Jays","8.97","2.92","3.07","1.12","23.4 %","7.6 %","15.8 %",".241","1.26",".293","71.2 %","115","100","101","4.48","3.85","0.64","3.82","3.59","10732"
"Dale Thayer","Padres","8.54","2.20","3.88","1.24","23.4 %","6.0 %","17.4 %",".215","1.06",".250","89.0 %","67","106","93","2.34","3.85","-1.51","3.42","2.99","5032"
"Ryan Vogelsong","Giants","7.36","2.83","2.60","0.88","19.4 %","7.4 %","11.9 %",".250","1.28",".294","72.3 %","115","110","107","4.00","3.85","0.14","3.96","3.98","1011"
"Carlos Torres","Mets","8.91","3.53","2.53","1.02","23.7 %","9.4 %","14.3 %",".244","1.31",".302","82.8 %","88","104","97","3.06","3.86","-0.80","3.59","3.28","7624"
"Josh Collmenter","Diamondbacks","5.77","1.96","2.95","0.90","16.0 %","5.4 %","10.6 %",".241","1.13",".267","72.5 %","90","104","110","3.46","3.87","-0.41","4.07","4.18","7312"
"Mike Leake","Reds","6.89","2.10","3.28","0.97","18.2 %","5.5 %","12.6 %",".259","1.25",".298","75.5 %","100","102","95","3.70","3.88","-0.18","3.49","3.51","10130"
"Trevor Cahill","Diamondbacks","8.54","4.47","1.91","0.73","21.0 %","11.0 %","10.0 %",".280","1.61",".350","62.6 %","146","105","104","5.61","3.89","1.72","3.83","3.96","6249"
"Wei-Yin Chen","Orioles","6.59","1.70","3.89","1.11","17.6 %","4.5 %","13.1 %",".263","1.23",".296","77.5 %","91","100","99","3.54","3.89","-0.35","3.75","3.85","13071"
"Jesse Chavez","Athletics","8.38","3.02","2.78","1.05","21.9 %","7.9 %","14.0 %",".250","1.31",".302","76.7 %","94","105","97","3.45","3.89","-0.44","3.67","3.64","5448"
"Brad Brach","Orioles","7.80","3.61","2.16","0.87","21.3 %","9.8 %","11.4 %",".211","1.17",".250","76.2 %","81","100","109","3.18","3.90","-0.73","4.12","3.74","6627"
"Chris Capuano","- - -","7.77","3.14","2.47","0.92","19.6 %","7.9 %","11.7 %",".258","1.39",".306","70.4 %","111","101","103","4.35","3.91","0.43","3.89","3.86","1701"
"Jason Hammel","- - -","8.06","2.25","3.59","1.17","22.1 %","6.2 %","15.9 %",".232","1.12",".272","78.3 %","95","106","96","3.47","3.92","-0.45","3.57","3.50","4538"
"Homer Bailey","Reds","7.66","2.78","2.76","0.99","20.5 %","7.5 %","13.1 %",".243","1.23",".286","77.0 %","100","103","95","3.71","3.93","-0.22","3.53","3.60","8362"
"Doug Fister","Nationals","5.38","1.32","4.08","0.99","14.8 %","3.6 %","11.2 %",".242","1.08",".262","83.1 %","66","107","104","2.41","3.93","-1.52","3.85","3.93","9425"
"Yovani Gallardo","Brewers","6.83","2.53","2.70","0.98","17.9 %","6.6 %","11.3 %",".257","1.29",".294","74.7 %","93","103","98","3.51","3.94","-0.43","3.64","3.78","8173"
"Joe Nathan","Tigers","8.38","4.50","1.86","0.78","20.9 %","11.2 %","9.7 %",".262","1.53",".324","69.9 %","125","103","109","4.81","3.94","0.87","4.14","3.88","1122"
"Sergio Romo","Giants","9.16","1.86","4.92","1.40","25.7 %","5.2 %","20.4 %",".201","0.95",".233","75.4 %","108","113","92","3.72","3.94","-0.22","3.40","2.70","9817"
"Yohan Pino","Twins","7.46","2.09","3.57","1.19","19.4 %","5.4 %","14.0 %",".272","1.33",".314","63.0 %","130","103","108","5.07","3.94","1.13","4.08","4.01","6955"
"Grant Balfour","Rays","8.23","5.92","1.39","0.43","21.1 %","15.2 %","5.9 %",".215","1.44",".274","65.7 %","132","107","118","4.91","3.95","0.96","4.49","4.41","718"
"Kyle Lohse","Brewers","6.40","2.04","3.13","1.00","17.3 %","5.5 %","11.8 %",".240","1.15",".268","72.6 %","94","103","110","3.54","3.95","-0.41","4.05","4.04","739"
"Wade Miley","Diamondbacks","8.18","3.35","2.44","1.03","21.1 %","8.7 %","12.5 %",".263","1.40",".317","72.1 %","113","107","95","4.34","3.98","0.36","3.50","3.67","8779"
"Phil Coke","Tigers","6.36","3.10","2.05","0.78","16.0 %","7.8 %","8.2 %",".294","1.53",".339","75.0 %","101","104","100","3.88","3.98","-0.10","3.79","3.55","5535"
"Jared Hughes","Pirates","5.04","2.66","1.89","0.56","14.1 %","7.4 %","6.6 %",".221","1.09",".246","78.1 %","55","111","103","1.96","3.99","-2.03","3.79","3.25","9325"
"Yohan Flande","Rockies","5.19","2.44","2.13","0.76","14.1 %","6.6 %","7.5 %",".247","1.20",".272","59.1 %","120","100","101","5.19","4.00","1.19","3.73","3.79","5057"
"Brian Matusz","Orioles","9.23","2.96","3.12","1.22","23.5 %","7.5 %","15.9 %",".248","1.32",".301","78.4 %","89","103","107","3.48","4.00","-0.52","4.06","3.27","2646"
"Clay Buchholz","Red Sox","6.97","2.85","2.44","0.90","17.9 %","7.3 %","10.6 %",".270","1.39",".315","62.1 %","133","107","107","5.34","4.01","1.33","4.04","4.02","3543"
"Josh Tomlin","Indians","8.13","1.21","6.71","1.56","21.1 %","3.1 %","17.9 %",".278","1.29",".320","62.8 %","123","105","83","4.76","4.01","0.75","3.16","3.28","9388"
"Mike Bolsinger","Diamondbacks","8.25","2.92","2.82","1.20","20.2 %","7.1 %","13.0 %",".299","1.59",".355","64.2 %","143","108","90","5.50","4.01","1.49","3.31","3.49","11137"
"Trevor Bauer","Indians","8.41","3.53","2.38","0.94","21.6 %","9.1 %","12.5 %",".255","1.38",".312","73.2 %","108","105","109","4.18","4.01","0.16","4.14","3.95","12703"
"Chris Tillman","Orioles","6.51","2.86","2.27","0.91","17.2 %","7.6 %","9.6 %",".236","1.23",".267","76.7 %","86","103","111","3.34","4.01","-0.67","4.20","4.26","5279"
"Tommy Kahnle","Rockies","8.26","4.06","2.03","0.92","22.1 %","10.9 %","11.2 %",".202","1.19",".240","60.1 %","97","101","106","4.19","4.02","0.17","3.90","3.64","11384"
"Addison Reed","Diamondbacks","10.47","2.28","4.60","1.67","27.4 %","6.0 %","21.4 %",".242","1.21",".295","72.9 %","111","108","88","4.25","4.03","0.22","3.26","2.68","10586"
"Juan Gutierrez","Giants","6.22","2.26","2.75","0.99","16.4 %","6.0 %","10.5 %",".240","1.19",".266","70.4 %","114","115","116","3.96","4.03","-0.07","4.29","3.89","3265"
"Roenis Elias","Mariners","7.86","3.52","2.23","0.88","20.6 %","9.2 %","11.4 %",".244","1.31",".294","73.2 %","105","108","104","3.85","4.03","-0.18","3.95","3.96","12673"
"Dan Haren","Dodgers","7.02","1.74","4.03","1.31","18.7 %","4.6 %","14.1 %",".248","1.18",".276","65.7 %","116","113","100","4.02","4.09","-0.07","3.70","3.74","1757"
"Bryan Morris","- - -","6.99","3.36","2.08","0.84","18.4 %","8.8 %","9.6 %",".238","1.27",".277","88.9 %","51","114","99","1.82","4.10","-2.28","3.65","3.33","10234"
"Scott Feldman","Astros","5.34","2.50","2.14","0.80","14.0 %","6.5 %","7.5 %",".263","1.30",".291","71.6 %","100","109","111","3.74","4.11","-0.37","4.19","4.33","6283"
"Wily Peralta","Brewers","6.98","2.76","2.52","1.04","18.4 %","7.3 %","11.1 %",".257","1.30",".295","76.1 %","94","107","99","3.53","4.11","-0.58","3.64","3.73","7738"
"Jake Peavy","- - -","7.02","2.80","2.51","1.02","18.5 %","7.4 %","11.2 %",".251","1.28",".289","75.1 %","96","112","111","3.73","4.11","-0.38","4.18","4.11","1051"
"David Huff","- - -","5.95","3.51","1.70","0.76","15.1 %","8.9 %","6.2 %",".261","1.42",".295","76.9 %","93","110","113","3.36","4.13","-0.78","4.25","4.12","4257"
"Chase Whitley","Yankees","7.14","2.14","3.33","1.19","18.2 %","5.5 %","12.7 %",".305","1.48",".353","70.6 %","136","105","100","5.23","4.14","1.10","3.77","3.70","10982"
"A.J. Burnett","Phillies","8.00","4.04","1.98","0.84","20.3 %","10.3 %","10.1 %",".249","1.41",".302","67.5 %","127","110","107","4.59","4.14","0.45","3.95","4.00","512"
"Edinson Volquez","Pirates","6.54","3.32","1.97","0.79","17.3 %","8.8 %","8.5 %",".229","1.23",".263","77.5 %","86","116","114","3.04","4.15","-1.11","4.20","4.20","3990"
"Jeremy Hellickson","Rays","7.63","2.97","2.57","1.13","19.2 %","7.5 %","11.7 %",".275","1.45",".321","71.3 %","122","112","109","4.52","4.15","0.37","4.13","4.04","4371"
"Jerome Williams","- - -","6.42","2.82","2.28","0.94","16.5 %","7.2 %","9.3 %",".275","1.40",".313","68.6 %","128","110","109","4.77","4.16","0.62","4.09","4.03","1137"
"Jacob Turner","- - -","5.65","2.63","2.15","0.96","14.2 %","6.6 %","7.6 %",".317","1.60",".354","61.1 %","170","115","110","6.13","4.16","1.97","4.05","4.19","10185"
"Ross Detwiler","Nationals","5.57","3.00","1.86","0.71","14.2 %","7.7 %","6.6 %",".274","1.41",".309","69.0 %","109","114","121","4.00","4.16","-0.16","4.47","4.13","2859"
"Jered Weaver","Angels","7.13","2.74","2.60","1.14","19.0 %","7.3 %","11.7 %",".236","1.21",".267","78.3 %","98","114","113","3.59","4.19","-0.61","4.30","4.18","4235"
"Brad Hand","Marlins","5.43","3.16","1.72","0.81","14.1 %","8.2 %","5.9 %",".259","1.36",".287","69.8 %","121","118","116","4.38","4.20","0.17","4.28","4.43","9111"
"Daisuke Matsuzaka","Mets","8.42","5.40","1.56","0.65","21.7 %","13.9 %","7.8 %",".205","1.34",".256","73.0 %","111","114","123","3.89","4.21","-0.32","4.54","4.39","7775"
"Chase Anderson","Diamondbacks","8.27","3.15","2.63","1.26","21.6 %","8.2 %","13.4 %",".264","1.37",".313","75.4 %","105","113","99","4.01","4.22","-0.20","3.67","3.78","6895"
"Bud Norris","Orioles","7.57","2.83","2.67","1.09","20.2 %","7.6 %","12.7 %",".240","1.22",".279","78.6 %","93","108","105","3.65","4.22","-0.57","3.98","3.86","9492"
"Jordan Lyles","Rockies","6.39","3.27","1.96","0.85","16.5 %","8.4 %","8.1 %",".258","1.37",".295","71.3 %","101","106","108","4.33","4.22","0.11","3.98","4.10","7593"
"Jared Burton","Twins","6.47","3.52","1.84","0.84","16.9 %","9.2 %","7.7 %",".238","1.30",".271","67.0 %","112","111","120","4.36","4.23","0.13","4.55","4.16","8346"
"Shawn Tolleson","Rangers","8.67","3.52","2.46","1.26","23.3 %","9.5 %","13.9 %",".210","1.17",".245","87.3 %","69","110","101","2.76","4.23","-1.47","3.83","3.40","10481"
"Sam LeCure","Reds","7.62","3.81","2.00","0.95","19.1 %","9.6 %","9.6 %",".277","1.52",".329","76.9 %","103","112","112","3.81","4.24","-0.43","4.13","3.83","4664"
"Cesar Ramos","Rays","7.19","4.25","1.69","0.87","18.3 %","10.8 %","7.5 %",".228","1.35",".264","72.7 %","100","115","115","3.70","4.25","-0.54","4.36","4.26","3357"
"J.A. Happ","Blue Jays","7.58","2.91","2.61","1.25","19.8 %","7.6 %","12.2 %",".258","1.34",".297","73.6 %","109","111","104","4.22","4.27","-0.05","3.95","3.94","7410"
"David Buchanan","Phillies","5.43","2.45","2.22","0.92","14.1 %","6.4 %","7.8 %",".259","1.29",".284","73.3 %","104","113","112","3.75","4.27","-0.52","4.14","4.21","11176"
"Hector Santiago","Angels","7.63","3.75","2.04","1.06","19.9 %","9.7 %","10.1 %",".246","1.36",".288","72.9 %","103","116","120","3.75","4.29","-0.54","4.57","4.38","4026"
"Ricky Nolasco","Twins","6.51","2.15","3.03","1.25","16.6 %","5.5 %","11.1 %",".311","1.52",".351","69.7 %","138","113","105","5.38","4.30","1.08","3.97","4.06","3830"
"Rubby de la Rosa","Red Sox","6.55","3.10","2.11","1.06","16.8 %","7.9 %","8.8 %",".287","1.49",".327","74.9 %","110","115","106","4.43","4.30","0.12","4.03","4.21","3862"
"Tim Lincecum","Giants","7.75","3.64","2.13","1.10","19.9 %","9.4 %","10.6 %",".255","1.39",".299","69.6 %","137","123","103","4.74","4.31","0.43","3.81","3.95","5705"
"C.J. Wilson","Angels","7.74","4.35","1.78","0.87","19.8 %","11.2 %","8.7 %",".254","1.45",".306","70.5 %","124","117","108","4.51","4.31","0.20","4.11","4.23","3580"
"David Hale","Braves","4.53","4.02","1.13","0.52","11.5 %","10.2 %","1.3 %",".261","1.47",".288","75.0 %","91","120","125","3.30","4.31","-1.01","4.61","4.58","9756"
"Samuel Deduno","- - -","7.42","4.11","1.80","0.80","18.7 %","10.4 %","8.4 %",".251","1.42",".298","71.2 %","115","113","109","4.47","4.31","0.16","4.12","3.89","5285"
"Jeremy Guthrie","Royals","5.51","2.18","2.53","1.02","14.4 %","5.7 %","8.7 %",".268","1.30",".294","72.4 %","105","115","114","4.13","4.32","-0.19","4.33","4.34","2072"
"Bronson Arroyo","Diamondbacks","4.92","1.99","2.47","1.05","13.2 %","5.3 %","7.8 %",".275","1.29",".295","74.0 %","106","116","105","4.08","4.32","-0.24","3.88","4.04","978"
"R.A. Dickey","Blue Jays","7.22","3.09","2.34","1.09","18.9 %","8.1 %","10.8 %",".231","1.23",".263","73.4 %","96","113","109","3.71","4.32","-0.61","4.14","4.08","1245"
"Josh Beckett","Dodgers","8.33","3.03","2.74","1.32","22.5 %","8.2 %","14.3 %",".223","1.17",".257","85.2 %","83","119","101","2.88","4.33","-1.46","3.73","3.67","510"
"Alfredo Simon","Reds","5.82","2.57","2.27","1.01","15.5 %","6.9 %","8.7 %",".241","1.21",".265","77.5 %","93","114","110","3.44","4.33","-0.90","4.05","4.17","2155"
"John Axford","- - -","10.37","5.93","1.75","0.99","25.9 %","14.8 %","11.1 %",".210","1.45",".272","75.8 %","104","115","104","3.95","4.34","-0.39","3.93","3.73","9059"
"Jorge de la Rosa","Rockies","6.79","3.27","2.07","1.03","18.1 %","8.7 %","9.4 %",".233","1.24",".263","70.8 %","95","109","107","4.10","4.34","-0.24","3.95","4.05","2047"
"Allen Webster","Red Sox","5.49","4.27","1.29","0.46","13.9 %","10.8 %","3.1 %",".259","1.46",".297","65.3 %","125","116","131","5.03","4.35","0.68","4.97","4.96","3993"
"Jeff Locke","Pirates","6.10","2.74","2.23","1.10","16.2 %","7.3 %","8.9 %",".252","1.27",".278","72.7 %","111","122","106","3.91","4.37","-0.46","3.90","4.07","2929"
"Joe Kelly","- - -","6.17","3.92","1.57","0.75","15.9 %","10.1 %","5.8 %",".240","1.35",".274","70.8 %","109","117","111","4.20","4.37","-0.16","4.19","4.29","9761"
"Jeanmar Gomez","Pirates","5.52","3.34","1.65","0.87","14.1 %","8.5 %","5.6 %",".286","1.50",".318","82.0 %","90","122","115","3.19","4.37","-1.18","4.25","4.16","9033"
"Travis Wood","Cubs","7.57","3.94","1.92","1.04","18.7 %","9.7 %","9.0 %",".272","1.53",".320","66.5 %","138","119","122","5.03","4.38","0.65","4.51","4.41","9884"
"Erik Bedard","Rays","7.61","3.45","2.21","1.19","18.7 %","8.5 %","10.2 %",".270","1.49",".312","68.3 %","128","119","118","4.76","4.39","0.37","4.48","4.30","126"
"Mike Minor","Braves","7.43","2.72","2.73","1.30","18.8 %","6.9 %","11.9 %",".281","1.44",".323","74.4 %","131","122","106","4.77","4.39","0.38","3.90","3.95","10021"
"David Phelps","Yankees","7.33","3.66","2.00","1.04","18.5 %","9.3 %","9.3 %",".259","1.42",".301","70.8 %","114","112","111","4.38","4.41","-0.03","4.22","4.21","6316"
"Brandon Workman","Red Sox","7.24","3.72","1.94","1.14","18.5 %","9.5 %","9.0 %",".258","1.43",".296","62.0 %","129","118","111","5.17","4.44","0.73","4.19","4.28","11428"
"Edwin Jackson","Cubs","7.87","4.03","1.95","1.15","19.4 %","10.0 %","9.5 %",".296","1.64",".352","61.8 %","174","121","112","6.33","4.45","1.88","4.12","4.25","1841"
"Colby Lewis","Rangers","7.03","2.54","2.77","1.32","17.5 %","6.3 %","11.2 %",".299","1.52",".339","69.0 %","130","116","115","5.18","4.46","0.71","4.36","4.22","1259"
"Francisco Rodriguez","Brewers","9.66","2.38","4.06","1.85","27.2 %","6.7 %","20.5 %",".197","0.99",".216","93.0 %","81","117","79","3.04","4.50","-1.46","2.91","2.58","1642"
"Justin Masterson","- - -","8.11","4.83","1.68","0.84","19.6 %","11.7 %","7.9 %",".278","1.63",".339","64.8 %","155","120","108","5.88","4.50","1.38","4.08","4.03","2038"
"Vidal Nuno","- - -","7.18","2.56","2.80","1.39","19.0 %","6.8 %","12.2 %",".250","1.26",".279","69.0 %","119","118","110","4.56","4.51","0.05","4.11","3.99","9674"
"Brian Duensing","Twins","5.47","3.31","1.65","0.99","14.4 %","8.7 %","5.7 %",".250","1.33",".272","82.0 %","85","118","118","3.31","4.51","-1.20","4.46","4.29","4064"
"Dillon Gee","Mets","6.16","2.82","2.19","1.18","16.5 %","7.5 %","9.0 %",".245","1.25",".268","76.3 %","115","122","114","4.00","4.52","-0.52","4.22","4.30","7396"
"Daniel Webb","White Sox","7.71","5.59","1.38","0.80","19.6 %","14.2 %","5.4 %",".234","1.49",".282","76.1 %","103","116","117","3.99","4.52","-0.53","4.45","4.32","10558"
"Shelby Miller","Cardinals","6.25","3.59","1.74","1.08","16.6 %","9.6 %","7.1 %",".232","1.27",".256","76.9 %","104","124","121","3.74","4.54","-0.80","4.47","4.60","10197"
"Kyle Kendrick","Phillies","5.47","2.58","2.12","1.13","14.0 %","6.6 %","7.4 %",".269","1.36",".290","70.5 %","127","121","118","4.61","4.57","0.04","4.35","4.45","6230"
"Matt Cain","Giants","6.97","3.19","2.19","1.30","18.7 %","8.6 %","10.2 %",".238","1.25",".265","70.3 %","121","131","109","4.18","4.58","-0.40","4.01","4.11","4732"
"Eric Stults","Padres","5.68","2.30","2.47","1.33","14.6 %","5.9 %","8.7 %",".276","1.38",".296","73.0 %","123","128","113","4.30","4.63","-0.33","4.17","4.33","8011"
"Kevin Correia","- - -","4.62","2.34","1.98","1.17","11.5 %","5.8 %","5.7 %",".298","1.50",".315","63.5 %","144","124","123","5.44","4.67","0.76","4.67","4.73","1767"
"Ubaldo Jimenez","Orioles","8.33","5.53","1.51","1.01","21.0 %","13.9 %","7.1 %",".239","1.52",".289","72.3 %","123","120","118","4.81","4.67","0.14","4.48","4.61","3374"
"Brandon Kintzler","Brewers","4.78","2.47","1.94","1.23","13.0 %","6.7 %","6.3 %",".278","1.34",".293","83.8 %","86","122","105","3.24","4.68","-1.44","3.87","3.71","9939"
"Tommy Milone","- - -","5.72","2.82","2.03","1.22","14.5 %","7.1 %","7.3 %",".268","1.40",".290","72.5 %","112","125","120","4.19","4.69","-0.50","4.56","4.57","7608"
"Robbie Ross Jr.","Rangers","5.86","3.45","1.70","1.03","14.0 %","8.2 %","5.8 %",".314","1.70",".351","58.9 %","156","123","116","6.20","4.74","1.46","4.41","4.26","6819"
"Christian Bergman","Rockies","5.10","1.65","3.10","1.48","12.5 %","4.0 %","8.4 %",".315","1.55",".333","66.8 %","138","119","123","5.93","4.74","1.18","4.55","4.64","10925"
"John Danks","White Sox","5.99","3.44","1.74","1.16","15.1 %","8.7 %","6.4 %",".266","1.44",".291","71.9 %","123","122","122","4.74","4.76","-0.02","4.62","4.64","6329"
"Scott Carroll","White Sox","4.45","3.13","1.42","0.90","11.2 %","7.9 %","3.3 %",".285","1.48",".305","66.2 %","124","122","121","4.80","4.77","0.03","4.58","4.54","888"
"Miles Mikolas","Rangers","5.97","2.83","2.11","1.26","14.9 %","7.1 %","7.8 %",".275","1.43",".299","57.5 %","162","124","119","6.44","4.77","1.66","4.51","4.48","9803"
"Scott Baker","Rangers","6.14","1.56","3.93","1.67","16.6 %","4.2 %","12.4 %",".259","1.19",".272","63.6 %","137","124","115","5.47","4.78","0.69","4.37","4.24","6176"
"Jhoulys Chacin","Rockies","5.97","3.98","1.50","1.14","15.4 %","10.3 %","5.2 %",".259","1.44",".285","66.8 %","125","121","123","5.40","4.82","0.58","4.53","4.77","2608"
"Hector Noesi","- - -","6.42","2.92","2.20","1.46","16.8 %","7.6 %","9.1 %",".267","1.37",".290","70.4 %","123","124","113","4.75","4.83","-0.07","4.29","4.34","3292"
"Roberto Hernandez","- - -","5.74","3.99","1.44","1.04","14.5 %","10.1 %","4.4 %",".244","1.39",".266","72.9 %","115","130","123","4.10","4.85","-0.75","4.52","4.67","3273"
"Marco Estrada","Brewers","7.59","2.63","2.89","1.73","20.4 %","7.1 %","13.3 %",".237","1.20",".257","74.6 %","116","127","114","4.36","4.88","-0.52","4.19","3.90","1118"
"Miguel Gonzalez","Orioles","6.28","2.89","2.18","1.42","16.5 %","7.6 %","8.9 %",".253","1.30",".273","85.5 %","83","125","118","3.23","4.89","-1.67","4.46","4.40","7024"
"Nick Martinez","Rangers","4.94","3.53","1.40","1.15","12.6 %","9.0 %","3.6 %",".272","1.46",".289","70.6 %","114","128","138","4.55","4.94","-0.39","5.24","5.22","12730"
"Paul Maholm","Dodgers","4.33","3.57","1.21","1.02","10.9 %","9.0 %","1.9 %",".293","1.56",".311","67.8 %","140","137","124","4.84","4.96","-0.12","4.57","4.61","8678"
"J.J. Hoover","Reds","10.77","4.45","2.42","1.87","27.3 %","11.3 %","16.0 %",".230","1.39",".277","74.5 %","132","131","108","4.88","4.97","-0.08","3.99","3.34","9037"
"Rex Brothers","Rockies","8.79","6.23","1.41","1.12","20.2 %","14.3 %","5.9 %",".280","1.85",".341","70.7 %","130","125","123","5.59","4.98","0.61","4.53","4.40","9794"
"Brad Peacock","Astros","8.13","4.78","1.70","1.37","20.2 %","11.9 %","8.3 %",".264","1.56",".309","71.4 %","126","132","120","4.72","4.99","-0.27","4.56","4.45","5401"
"Nick Tepesch","Rangers","4.00","3.14","1.27","1.07","10.4 %","8.2 %","2.2 %",".263","1.37",".272","71.5 %","109","130","129","4.36","5.01","-0.65","4.90","5.15","11716"
"Chris Young","Mariners","5.89","3.27","1.80","1.42","15.7 %","8.7 %","7.0 %",".229","1.23",".238","80.2 %","99","134","137","3.65","5.02","-1.36","5.19","5.24","3196"
"Dustin McGowan","Blue Jays","6.70","3.62","1.85","1.43","17.2 %","9.3 %","7.9 %",".252","1.38",".275","76.7 %","107","131","125","4.17","5.02","-0.85","4.74","4.36","8600"
"Jim Johnson","- - -","7.09","5.91","1.20","0.84","16.0 %","13.3 %","2.7 %",".311","1.95",".366","62.1 %","191","136","124","7.09","5.08","2.01","4.72","4.33","3656"
"Felix Doubront","- - -","5.76","3.73","1.55","1.36","14.0 %","9.1 %","5.0 %",".277","1.56",".297","65.9 %","140","137","128","5.54","5.13","0.41","4.83","4.84","1478"
"Dan Straily","- - -","8.13","4.15","1.96","1.73","20.4 %","10.4 %","10.0 %",".259","1.48",".291","58.5 %","184","143","123","6.75","5.32","1.43","4.63","4.28","9460"
"Craig Breslow","Red Sox","6.13","4.64","1.32","1.33","14.2 %","10.8 %","3.5 %",".317","1.86",".351","68.6 %","149","142","135","5.96","5.34","0.62","5.13","4.72","4363"
"Tony Cingrani","Reds","8.67","4.97","1.74","1.71","21.8 %","12.5 %","9.3 %",".254","1.53",".292","80.1 %","123","141","121","4.55","5.37","-0.83","4.45","4.37","12555"
"Erasmo Ramirez","Mariners","7.17","4.06","1.76","1.55","17.8 %","10.1 %","7.7 %",".275","1.54",".307","75.1 %","143","144","127","5.26","5.38","-0.12","4.81","4.51","10314"
"Aaron Crow","Royals","5.19","3.66","1.42","1.53","13.9 %","9.8 %","4.1 %",".236","1.29",".239","71.0 %","105","144","122","4.12","5.40","-1.28","4.65","4.56","10149"
"Franklin Morales","Rockies","6.32","4.11","1.54","1.52","15.5 %","10.1 %","5.4 %",".289","1.62",".315","72.3 %","125","136","123","5.37","5.42","-0.04","4.53","4.64","5088"
"Juan Nicasio","Rockies","6.05","2.98","2.03","1.83","15.4 %","7.6 %","7.8 %",".284","1.47",".298","71.2 %","125","137","113","5.38","5.45","-0.07","4.18","4.28","7731"
"Andre Rienzo","White Sox","7.10","4.59","1.55","1.67","16.4 %","10.6 %","5.8 %",".299","1.78",".332","64.0 %","177","147","124","6.82","5.73","1.09","4.69","4.60","3507"
